especie,apertura,maximo,minimo,ultimo,fecha,cierre,timestamp,usd_apertura,usd_maximo,usd_minimo,usd_cierre,volumen
"DOLAR CCL",0,0,0,185.38,2021-09-20,185.38,1632106800,0,0,0,0,0
"DOLAR CCL",0,0,0,186.86,2021-09-21,186.86,1632193200,0,0,0,0,0
"DOLAR CCL",0,0,0,188.39,2021-09-22,188.39,1632279600,0,0,0,0,0
"DOLAR CCL",0,0,0,190.6,2021-09-23,190.6,1632366000,0,0,0,0,0
"DOLAR CCL",0,0,0,192.24,2021-09-24,192.24,1632452400,0,0,0,0,0
"DOLAR CCL",0,0,0,193.99,2021-09-27,193.99,1632711600,0,0,0,0,0
"DOLAR CCL",0,0,0,194.67,2021-09-28,194.67,1632798000,0,0,0,0,0
"DOLAR CCL",0,0,0,194.34,2021-09-29,194.34,1632884400,0,0,0,0,0
"DOLAR CCL",0,0,0,192.15,2021-09-30,192.15,1632970800,0,0,0,0,0
"DOLAR CCL",0,0,0,192.62,2021-10-01,192.62,1633057200,0,0,0,0,0
"DOLAR CCL",0,0,0,192.82,2021-10-04,192.82,1633316400,0,0,0,0,0
"DOLAR CCL",0,0,0,190.37,2021-10-05,190.37,1633402800,0,0,0,0,0
"DOLAR CCL",0,0,0,190.89,2021-10-06,190.89,1633489200,0,0,0,0,0
"DOLAR CCL",0,0,0,192.05,2021-10-07,192.05,1633575600,0,0,0,0,0
"DOLAR CCL",0,0,0,191.59,2021-10-12,191.59,1634007600,0,0,0,0,0
"DOLAR CCL",0,0,0,191.6,2021-10-13,191.6,1634094000,0,0,0,0,0
"DOLAR CCL",0,0,0,192.94,2021-10-14,192.94,1634180400,0,0,0,0,0
"DOLAR CCL",0,0,0,193.47,2021-10-15,193.47,1634266800,0,0,0,0,0
"DOLAR CCL",0,0,0,194.43,2021-10-18,194.43,1634526000,0,0,0,0,0
"DOLAR CCL",0,0,0,195.89,2021-10-19,195.89,1634612400,0,0,0,0,0
"DOLAR CCL",0,0,0,195.88,2021-10-20,195.88,1634698800,0,0,0,0,0
"DOLAR CCL",0,0,0,198.07,2021-10-21,198.07,1634785200,0,0,0,0,0
"DOLAR CCL",0,0,0,200.51,2021-10-22,200.51,1634871600,0,0,0,0,0
"DOLAR CCL",0,0,0,200.21,2021-10-25,200.21,1635130800,0,0,0,0,0
"DOLAR CCL",0,0,0,201.49,2021-10-26,201.49,1635217200,0,0,0,0,0
"DOLAR CCL",0,0,0,202,2021-10-27,202,1635303600,0,0,0,0,0
"DOLAR CCL",0,0,0,205.03,2021-10-28,205.03,1635390000,0,0,0,0,0
"DOLAR CCL",0,0,0,210.13,2021-10-29,210.13,1635476400,0,0,0,0,0
"DOLAR CCL",0,0,0,214.84,2021-11-01,214.84,1635735600,0,0,0,0,0
"DOLAR CCL",0,0,0,216.98,2021-11-02,216.98,1635822000,0,0,0,0,0
"DOLAR CCL",215.85,215.85,215.85,215.85,2021-11-03,215.85,1635908400,1,1,1,0,0
"DOLAR CCL",216.65,216.65,216.65,216.65,2021-11-04,216.65,1635994800,1,1,1,0,0
"DOLAR CCL",218.07,218.07,218.07,218.07,2021-11-05,218.07,1636081200,1,1,1,0,0
"DOLAR CCL",216.4,216.4,216.4,216.4,2021-11-08,216.4,1636340400,1,1,1,0,0
"DOLAR CCL",212.43,212.43,212.43,212.43,2021-11-09,212.43,1636426800,1,1,1,0,0
"DOLAR CCL",212.43,214.63,210.1,213.81,2021-11-10,213.81,1636513200,0.99,1,0.98,0,0
"DOLAR CCL",213.81,220.38,212.01,214.71,2021-11-11,214.71,1636599600,1,1.03,0.99,0,0
"DOLAR CCL",214.71,217.9,214.19,216.88,2021-11-12,216.88,1636686000,0.99,1,0.99,0,0
"DOLAR CCL",216.88,217.28,208.02,208.67,2021-11-15,208.67,1636945200,1.04,1.04,1,0,0
"DOLAR CCL",208.67,211.97,208.06,211.85,2021-11-16,211.85,1637031600,0.98,1,0.98,0,0
"DOLAR CCL",211.85,213.5,210.87,212.66,2021-11-17,212.66,1637118000,1,1,0.99,0,0
"DOLAR CCL",212.66,214.8,211.55,213.32,2021-11-18,213.32,1637204400,1,1.01,0.99,0,0
"DOLAR CCL",214.29,216.81,211.61,215.99,2021-11-19,215.99,1637290800,0.99,1,0.98,0,0
"DOLAR CCL",214.67,217.42,213.63,216.71,2021-11-23,216.71,1637636400,0.99,1,0.99,0,0
"DOLAR CCL",216.71,217.31,214.84,216.04,2021-11-24,216.04,1637722800,1,1.01,0.99,0,0
"DOLAR CCL",218.61,221,207.47,213.78,2021-11-25,213.78,1637809200,1.02,1.03,0.97,0,0
"DOLAR CCL",213.78,218.88,207.44,211.66,2021-11-26,211.66,1637895600,1.01,1.03,0.98,0,0
"DOLAR CCL",211.66,215.29,209.19,210.79,2021-11-29,210.79,1638154800,1,1.02,0.99,0,0
"DOLAR CCL",210.79,217.06,210.13,216.49,2021-11-30,216.49,1638241200,0.97,1,0.97,0,0
"DOLAR CCL",216.49,220.5,212.17,220.41,2021-12-01,220.41,1638327600,0.98,1,0.96,0,0
"DOLAR CCL",220.41,220.41,215.73,219.71,2021-12-02,219.71,1638414000,1,1,0.98,0,0
"DOLAR CCL",219.71,221.88,217.68,218.34,2021-12-03,218.34,1638500400,1.01,1.02,1,0,0
"DOLAR CCL",218.34,222.26,217.68,219.77,2021-12-06,219.77,1638759600,0.99,1.01,0.99,0,0
"DOLAR CCL",219.77,219.95,214.96,216.63,2021-12-07,216.63,1638846000,1.01,1.02,0.99,0,0
"DOLAR CCL",217.45,217.45,209.05,211.27,2021-12-09,211.27,1639018800,1.03,1.03,0.99,0,0
"DOLAR CCL",211.27,213.27,207.96,208.29,2021-12-10,208.29,1639105200,1.01,1.02,1,0,0
"DOLAR CCL",208.29,211.53,202.66,204.03,2021-12-13,204.03,1639364400,1.02,1.04,0.99,0,0
"DOLAR CCL",204.03,205.33,201.96,204.54,2021-12-14,204.54,1639450800,1,1,0.99,0,0
"DOLAR CCL",204.54,205.24,197.71,199.79,2021-12-15,199.79,1639537200,1.02,1.03,0.99,0,0
"DOLAR CCL",199.79,203.43,198.74,201.28,2021-12-16,201.28,1639623600,0.99,1.01,0.99,0,0
"DOLAR CCL",201.24,207.08,201.24,206.41,2021-12-17,206.41,1639710000,0.97,1,0.97,0,0
"DOLAR CCL",207.08,208.54,201.9,206.18,2021-12-20,206.18,1639969200,1,1.01,0.98,0,0
"DOLAR CCL",206.29,208.91,206.29,208.37,2021-12-21,208.37,1640055600,0.99,1,0.99,0,0
"DOLAR CCL",208.37,210,207.48,207.5,2021-12-22,207.5,1640142000,1,1.01,1,0,0
"DOLAR CCL",207.5,210.55,203.25,203.44,2021-12-23,203.44,1640228400,1.02,1.03,1,0,0
"DOLAR CCL",203.41,207.23,197.79,198.93,2021-12-27,198.93,1640574000,1.02,1.04,0.99,0,0
"DOLAR CCL",198.93,201.19,196.08,198.07,2021-12-28,198.07,1640660400,1,1.02,0.99,0,0
"DOLAR CCL",198.07,203.01,198.07,200.64,2021-12-29,200.64,1640746800,0.99,1.01,0.99,0,0
"DOLAR CCL",201.27,203.32,199.86,202.78,2021-12-30,202.78,1640833200,0.99,1,0.99,0,0
"DOLAR CCL",201.6,206.58,201.39,204.09,2022-01-03,204.09,1641178800,0.99,1.01,0.99,0,0
"DOLAR CCL",203.06,208.72,202.99,205.63,2022-01-04,205.63,1641265200,0.99,1.02,0.99,0,0
"DOLAR CCL",205.63,208.05,203.56,208.01,2022-01-05,208.01,1641351600,0.99,1,0.98,0,0
"DOLAR CCL",208.8,211.68,206.59,211.68,2022-01-06,211.68,1641438000,0.99,1,0.98,0,0
"DOLAR CCL",211.68,213.48,209.41,212.08,2022-01-07,212.08,1641524400,1,1.01,0.99,0,0
"DOLAR CCL",212.54,214.1,209.91,213.3,2022-01-10,213.3,1641783600,1,1,0.98,0,0
"DOLAR CCL",213.3,214.05,209.81,209.84,2022-01-11,209.84,1641870000,1.02,1.02,1,0,0
"DOLAR CCL",209.84,212.78,208.45,208.5,2022-01-12,208.5,1641956400,1.01,1.02,1,0,0
"DOLAR CCL",208.5,210.95,206.58,208.66,2022-01-13,208.66,1642042800,1,1.01,0.99,0,0
"DOLAR CCL",208.66,211,206.75,207.81,2022-01-14,207.81,1642129200,1,1.02,0.99,0,0
"DOLAR CCL",207.81,210.95,204.59,210.25,2022-01-17,210.25,1642388400,0.99,1,0.97,0,0
"DOLAR CCL",211.04,212.68,209.08,211.08,2022-01-18,211.08,1642474800,1,1.01,0.99,0,0
"DOLAR CCL",211.08,214.82,209.64,214.34,2022-01-19,214.34,1642561200,0.98,1,0.98,0,0
"DOLAR CCL",214.34,222.37,211.89,222.3,2022-01-20,222.3,1642647600,0.96,1,0.95,0,0
"DOLAR CCL",222.3,225.25,218.11,225.1,2022-01-21,225.1,1642734000,0.99,1,0.97,0,0
"DOLAR CCL",224.77,229.43,221.43,222.73,2022-01-24,222.73,1642993200,1.01,1.03,0.99,0,0
"DOLAR CCL",225.36,229.54,224.46,228.77,2022-01-25,228.77,1643079600,0.99,1,0.98,0,0
"DOLAR CCL",227.86,232.28,226.25,230.96,2022-01-26,230.96,1643166000,0.99,1.01,0.98,0,0
"DOLAR CCL",230.88,234.84,228.92,234.24,2022-01-27,234.24,1643252400,0.99,1,0.98,0,0
"DOLAR CCL",234.24,235.39,222.58,223.25,2022-01-28,223.25,1643338800,1.05,1.05,1,0,0
"DOLAR CCL",223.25,226,222.14,222.96,2022-01-31,222.96,1643598000,1,1.01,1,0,0
"DOLAR CCL",223.87,225.53,221.34,222.09,2022-02-01,222.09,1643684400,1.01,1.02,1,0,0
"DOLAR CCL",222.09,223.75,218.19,218.45,2022-02-02,218.45,1643770800,1.02,1.02,1,0,0
"DOLAR CCL",218.45,221.91,217.85,220.09,2022-02-03,220.09,1643857200,0.99,1.01,0.99,0,0
"DOLAR CCL",220.09,223.1,218.93,220.47,2022-02-04,220.47,1643943600,1,1.01,0.99,0,0
"DOLAR CCL",220.47,221.7,218.19,218.91,2022-02-07,218.91,1644202800,1.01,1.01,1,0,0
"DOLAR CCL",218.91,221.83,214.19,215.04,2022-02-08,215.04,1644289200,1.02,1.03,1,0,0
"DOLAR CCL",213.87,216.55,212.54,213.55,2022-02-09,213.55,1644375600,1,1.01,1,0,0
"DOLAR CCL",211.99,216.12,210.02,215.38,2022-02-10,215.38,1644462000,0.98,1,0.98,0,0
"DOLAR CCL",215.38,217.83,213.08,215.83,2022-02-11,215.83,1644548400,1,1.01,0.99,0,0
"DOLAR CCL",216.51,216.95,212.78,213.62,2022-02-14,213.62,1644807600,1.01,1.02,1,0,0
"DOLAR CCL",212.79,214.53,211.7,212.08,2022-02-15,212.08,1644894000,1,1.01,1,0,0
"DOLAR CCL",212.08,213.02,209.41,210.71,2022-02-16,210.71,1644980400,1.01,1.01,0.99,0,0
"DOLAR CCL",210.71,212.52,208.87,210.56,2022-02-17,210.56,1645066800,1,1.01,0.99,0,0
"DOLAR CCL",211.51,213.43,200.48,207.47,2022-02-18,207.47,1645153200,1.02,1.03,0.97,0,0
"DOLAR CCL",207.47,207.71,191.88,205.71,2022-02-21,205.71,1645412400,1.01,1.01,0.93,0,0
"DOLAR CCL",206.17,208.22,200.64,200.95,2022-02-22,200.95,1645498800,1.03,1.04,1,0,0
"DOLAR CCL",200.95,204.08,199.49,203.24,2022-02-23,203.24,1645585200,0.99,1,0.98,0,0
"DOLAR CCL",203.24,207.31,198.7,200.3,2022-02-24,200.3,1645671600,1.01,1.03,0.99,0,0
"DOLAR CCL",200.4,205.93,198.82,199.6,2022-02-25,199.6,1645758000,1,1.03,1,0,0
"DOLAR CCL",202.44,204.23,199.2,202.83,2022-03-02,202.83,1646190000,1,1.01,0.98,0,0
"DOLAR CCL",202.83,204.23,199.59,201.58,2022-03-03,201.58,1646276400,1.01,1.01,0.99,0,0
"DOLAR CCL",202.84,202.84,199.58,201.17,2022-03-04,201.17,1646362800,1.01,1.01,0.99,0,0
"DOLAR CCL",201.22,201.22,197.89,198.92,2022-03-07,198.92,1646622000,1.01,1.01,0.99,0,0
"DOLAR CCL",209.92,209.92,189.02,191.08,2022-03-11,191.08,1646967600,1.1,1.1,0.99,0,0
"DOLAR CCL",191.08,192.18,187.13,187.69,2022-03-14,187.69,1647226800,1.02,1.02,1,0,0
"DOLAR CCL",187.69,191.9,184.6,189.91,2022-03-15,189.91,1647313200,0.99,1.01,0.97,0,0
"DOLAR CCL",190.36,196.46,188.45,194.96,2022-03-16,194.96,1647399600,0.98,1.01,0.97,0,0
"DOLAR CCL",195.06,198.88,194.6,195.87,2022-03-17,195.87,1647486000,1,1.02,0.99,0,0
"DOLAR CCL",196.17,197.84,195.03,196.59,2022-03-18,196.59,1647572400,1,1.01,0.99,0,0
"DOLAR CCL",194.93,197.99,193.85,197.59,2022-03-21,197.59,1647831600,0.99,1,0.98,0,0
"DOLAR CCL",196.49,201.6,196.49,200.74,2022-03-22,200.74,1647918000,0.98,1,0.98,0,0
"DOLAR CCL",200.81,203.5,199.84,201.37,2022-03-23,201.37,1648004400,1,1.01,0.99,0,0
"DOLAR CCL",198.67,201.33,198.13,199.5,2022-03-25,199.5,1648177200,1,1.01,0.99,0,0
"DOLAR CCL",199.3,200.93,195.95,195.98,2022-03-28,195.98,1648436400,1.02,1.03,1,0,0
"DOLAR CCL",194.53,197.23,191.37,191.52,2022-03-29,191.52,1648522800,1.02,1.03,1,0,0
"DOLAR CCL",191.46,193.76,191.46,191.89,2022-03-30,191.89,1648609200,1,1.01,1,0,0
"DOLAR CCL",193.48,193.48,189.59,191.33,2022-03-31,191.33,1648695600,1.01,1.01,0.99,0,0
"DOLAR CCL",190.36,193.16,188.59,190,2022-04-01,190,1648782000,1,1.02,0.99,0,0
"DOLAR CCL",191.36,193.35,188.5,189.56,2022-04-04,189.56,1649041200,1.01,1.02,0.99,0,0
"DOLAR CCL",189.5,192.28,187.77,189.69,2022-04-05,189.69,1649127600,1,1.01,0.99,0,0
"DOLAR CCL",189.34,193.27,188.7,189.62,2022-04-06,189.62,1649214000,1,1.02,1,0,0
"DOLAR CCL",190.19,191.6,187.84,191.6,2022-04-07,191.6,1649300400,0.99,1,0.98,0,0
"DOLAR CCL",191.3,192.05,189.07,190.39,2022-04-08,190.39,1649386800,1,1.01,0.99,0,0
"DOLAR CCL",190.03,192.05,187.58,191.15,2022-04-11,191.15,1649646000,0.99,1,0.98,0,0
"DOLAR CCL",190.75,192.07,189.14,190.75,2022-04-12,190.75,1649732400,1,1.01,0.99,0,0
"DOLAR CCL",190.93,193.53,188.64,190.75,2022-04-13,190.75,1649818800,1,1.01,0.99,0,0
"DOLAR CCL",189.82,191.02,187.99,188.74,2022-04-18,188.74,1650250800,1.01,1.01,1,0,0
"DOLAR CCL",188.71,191.34,188.01,191.26,2022-04-19,191.26,1650337200,0.99,1,0.98,0,0
"DOLAR CCL",190.03,196.06,189.36,195.95,2022-04-20,195.95,1650423600,0.97,1,0.97,0,0
"DOLAR CCL",195.33,204.4,193.91,204.05,2022-04-21,204.05,1650510000,0.96,1,0.95,0,0
"DOLAR CCL",204.45,210.79,202.37,209.96,2022-04-22,209.96,1650596400,0.97,1,0.96,0,0
"DOLAR CCL",205.11,212.8,204.98,209.66,2022-04-25,209.66,1650855600,0.98,1.01,0.98,0,0
"DOLAR CCL",210.65,214.75,208.52,214.03,2022-04-26,214.03,1650942000,0.98,1,0.97,0,0
"DOLAR CCL",213.54,216.1,208.55,210.07,2022-04-27,210.07,1651028400,1.02,1.03,0.99,0,0
"DOLAR CCL",213.13,213.13,205.01,205.85,2022-04-28,205.85,1651114800,1.04,1.04,1,0,0
"DOLAR CCL",206.71,208.64,202.07,207.36,2022-04-29,207.36,1651201200,1,1.01,0.97,0,0
"DOLAR CCL",206.16,211.88,206.16,210.36,2022-05-02,210.36,1651460400,0.98,1.01,0.98,0,0
"DOLAR CCL",209.5,211.14,206.78,207,2022-05-03,207,1651546800,1.01,1.02,1,0,0
"DOLAR CCL",207.11,209.14,203.88,204.67,2022-05-04,204.67,1651633200,1.01,1.02,1,0,0
"DOLAR CCL",206.07,207.62,203.02,205.82,2022-05-05,205.82,1651719600,1,1.01,0.99,0,0
"DOLAR CCL",206.36,209.49,204.86,208.84,2022-05-06,208.84,1651806000,0.99,1,0.98,0,0
"DOLAR CCL",209.87,210.9,206.75,207.63,2022-05-09,207.63,1652065200,1.01,1.02,1,0,0
"DOLAR CCL",206.96,209.8,205.4,209.19,2022-05-10,209.19,1652151600,0.99,1,0.98,0,0
"DOLAR CCL",208.18,209.58,206.59,207.94,2022-05-11,207.94,1652238000,1,1.01,0.99,0,0
"DOLAR CCL",208.2,210.54,206.9,209.81,2022-05-12,209.81,1652324400,0.99,1,0.99,0,0
"DOLAR CCL",209.15,213.96,207.87,213.44,2022-05-13,213.44,1652410800,0.98,1,0.97,0,0
"DOLAR CCL",213.22,214.95,210.57,213.54,2022-05-16,213.54,1652670000,1,1.01,0.99,0,0
"DOLAR CCL",214.35,216.56,210.06,210.74,2022-05-17,210.74,1652756400,1.02,1.03,1,0,0
"DOLAR CCL",228.91,230.89,209.16,210.13,2022-05-19,210.13,1652929200,1.09,1.1,1,0,0
"DOLAR CCL",209.22,211.91,207.77,211.22,2022-05-20,211.22,1653015600,0.99,1,0.98,0,0
"DOLAR CCL",207.47,211.45,207.06,210.75,2022-05-23,210.75,1653274800,0.98,1,0.98,0,0
"DOLAR CCL",210.31,213.84,208.43,212.75,2022-05-24,212.75,1653361200,0.99,1.01,0.98,0,0
"DOLAR CCL",211.82,214.45,210.28,214.35,2022-05-26,214.35,1653534000,0.99,1,0.98,0,0
"DOLAR CCL",213.52,214.25,211.43,212.08,2022-05-27,212.08,1653620400,1.01,1.01,1,0,0
"DOLAR CCL",212.08,214.13,212.08,213.47,2022-05-30,213.47,1653879600,0.99,1,0.99,0,0
"DOLAR CCL",216.89,218.78,209.48,211.27,2022-05-31,211.27,1653966000,1.03,1.04,0.99,0,0
"DOLAR CCL",210.97,213.05,209.3,210.92,2022-06-01,210.92,1654052400,1,1.01,0.99,0,0
"DOLAR CCL",210.95,213.25,208.19,209.28,2022-06-02,209.28,1654138800,1.01,1.02,0.99,0,0
"DOLAR CCL",209.91,211.07,208.02,209.39,2022-06-03,209.39,1654225200,1,1.01,0.99,0,0
"DOLAR CCL",207.9,210.85,206.87,210.47,2022-06-06,210.47,1654484400,0.99,1,0.98,0,0
"DOLAR CCL",212.47,212.54,209,209.57,2022-06-07,209.57,1654570800,1.01,1.01,1,0,0
"DOLAR CCL",210.87,211.79,208.47,210.61,2022-06-08,210.61,1654657200,1,1.01,0.99,0,0
"DOLAR CCL",210.87,220.83,209.08,220.83,2022-06-09,220.83,1654743600,0.95,1,0.95,0,0
"DOLAR CCL",224.17,228.95,220.65,228.91,2022-06-10,228.91,1654830000,0.98,1,0.96,0,0
"DOLAR CCL",230.53,241.42,228.27,240.83,2022-06-13,240.83,1655089200,0.96,1,0.95,0,0
"DOLAR CCL",244.58,245.51,236.61,241.2,2022-06-14,241.2,1655175600,1.01,1.02,0.98,0,0
"DOLAR CCL",237.73,241.68,235.55,238.81,2022-06-15,238.81,1655262000,1,1.01,0.99,0,0
"DOLAR CCL",242.72,244.4,238.24,241.2,2022-06-16,241.2,1655348400,1.01,1.01,0.99,0,0
"DOLAR CCL",240.59,241.92,237.58,241.35,2022-06-21,241.35,1655780400,1,1,0.98,0,0
"DOLAR CCL",241.91,242.75,236.01,237.86,2022-06-22,237.86,1655866800,1.02,1.02,0.99,0,0
"DOLAR CCL",236.85,238.66,234.58,237.11,2022-06-23,237.11,1655953200,1,1.01,0.99,0,0
"DOLAR CCL",235.14,239.23,233.43,237.07,2022-06-24,237.07,1656039600,0.99,1.01,0.98,0,0
"DOLAR CCL",238.47,244.89,234.59,244.83,2022-06-27,244.83,1656298800,0.97,1,0.96,0,0
"DOLAR CCL",243.33,254.95,241.84,249.92,2022-06-28,249.92,1656385200,0.97,1.02,0.97,0,0
"DOLAR CCL",248.82,262.15,247.63,249.72,2022-06-29,249.72,1656471600,1,1.05,0.99,0,0
"DOLAR CCL",251.12,256.03,250.02,253.14,2022-06-30,253.14,1656558000,0.99,1.01,0.99,0,0
"DOLAR CCL",252.46,256.01,250.7,251.86,2022-07-01,251.86,1656644400,1,1.02,1,0,0
"DOLAR CCL",251.86,282.85,251.86,280.95,2022-07-04,280.95,1656903600,0.9,1.01,0.9,0,0
"DOLAR CCL",282.4,285.3,263.5,276.83,2022-07-05,276.83,1656990000,1.02,1.03,0.95,0,0
"DOLAR CCL",274.89,282.34,272.07,280.2,2022-07-06,280.2,1657076400,0.98,1.01,0.97,0,0
"DOLAR CCL",280.51,297.76,276.09,297.17,2022-07-07,297.17,1657162800,0.94,1,0.93,0,0
"DOLAR CCL",296.32,303.7,289.95,303.14,2022-07-08,303.14,1657249200,0.98,1,0.96,0,0
"DOLAR CCL",303.33,305.53,293.21,298.94,2022-07-11,298.94,1657508400,1.01,1.02,0.98,0,0
"DOLAR CCL",299.1,301.82,291.04,291.97,2022-07-12,291.97,1657594800,1.02,1.03,1,0,0
"DOLAR CCL",293.42,294.08,287.96,292.08,2022-07-13,292.08,1657681200,1,1.01,0.99,0,0
"DOLAR CCL",296.02,297.99,293.08,296.6,2022-07-14,296.6,1657767600,1,1,0.99,0,0
"DOLAR CCL",295.17,301.67,294.37,300.64,2022-07-15,300.64,1657854000,0.98,1,0.98,0,0
"DOLAR CCL",301.22,306.84,298.57,304.66,2022-07-18,304.66,1658113200,0.99,1.01,0.98,0,0
"DOLAR CCL",301.9,308.98,301.29,307.97,2022-07-19,307.97,1658199600,0.98,1,0.98,0,0
"DOLAR CCL",308.81,313.68,307.3,311.75,2022-07-20,311.75,1658286000,0.99,1.01,0.99,0,0
"DOLAR CCL",312.46,341.31,310.03,333.65,2022-07-21,333.65,1658372400,0.94,1.02,0.93,0,0
"DOLAR CCL",333.32,333.78,320.28,325.42,2022-07-22,325.42,1658458800,1.02,1.03,0.98,0,0
"DOLAR CCL",326,331.69,318.7,329.39,2022-07-25,329.39,1658718000,0.99,1.01,0.97,0,0
"DOLAR CCL",325.62,336.02,321.89,333.06,2022-07-26,333.06,1658804400,0.98,1.01,0.97,0,0
"DOLAR CCL",334.8,337.89,330.64,332.65,2022-07-27,332.65,1658890800,1.01,1.02,0.99,0,0
"DOLAR CCL",332.65,333.17,306.12,314.59,2022-07-28,314.59,1658977200,1.06,1.06,0.97,0,0
"DOLAR CCL",316.42,316.61,286.17,289.11,2022-07-29,289.11,1659063600,1.09,1.1,0.99,0,0
"DOLAR CCL",288.26,289.73,272.45,281.77,2022-08-01,281.77,1659322800,1.02,1.03,0.97,0,0
"DOLAR CCL",282.43,290.69,277.04,288.07,2022-08-02,288.07,1659409200,0.98,1.01,0.96,0,0
"DOLAR CCL",289.41,291.32,284.5,288.92,2022-08-03,288.92,1659495600,1,1.01,0.98,0,0
"DOLAR CCL",290,295.26,283.65,293.31,2022-08-04,293.31,1659582000,0.99,1.01,0.97,0,0
"DOLAR CCL",295,295.84,284.52,285.54,2022-08-05,285.54,1659668400,1.03,1.04,1,0,0
"DOLAR CCL",283.97,287.09,278.55,284.74,2022-08-08,284.74,1659927600,1,1.01,0.98,0,0
"DOLAR CCL",283.93,291.45,283.55,287.31,2022-08-09,287.31,1660014000,0.99,1.01,0.99,0,0
"DOLAR CCL",284.74,289.23,284.2,287.86,2022-08-10,287.86,1660100400,0.99,1,0.99,0,0
"DOLAR CCL",287.55,289.14,284.82,285.04,2022-08-11,285.04,1660186800,1.01,1.01,1,0,0
"DOLAR CCL",284.36,287.34,283.53,286.11,2022-08-12,286.11,1660273200,0.99,1,0.99,0,0
"DOLAR CCL",282.69,285.65,280.22,282.06,2022-08-16,282.06,1660618800,1,1.01,0.99,0,0
"DOLAR CCL",282.47,287.98,280.97,286.91,2022-08-17,286.91,1660705200,0.98,1,0.98,0,0
"DOLAR CCL",285.94,294.95,285.94,294.5,2022-08-18,294.5,1660791600,0.97,1,0.97,0,0
"DOLAR CCL",295.14,302.91,293.65,301.67,2022-08-19,301.67,1660878000,0.98,1,0.97,0,0
"DOLAR CCL",303.14,304.08,296.75,298.4,2022-08-22,298.4,1661137200,1.02,1.02,0.99,0,0
"DOLAR CCL",300.46,301.76,294.46,299.67,2022-08-23,299.67,1661223600,1,1.01,0.98,0,0
"DOLAR CCL",300.09,301.8,296.79,299.1,2022-08-24,299.1,1661310000,1,1.01,0.99,0,0
"DOLAR CCL",299.33,301.39,295.81,295.93,2022-08-25,295.93,1661396400,1.01,1.02,1,0,0
"DOLAR CCL",295.51,300.2,288.47,289.2,2022-08-26,289.2,1661482800,1.02,1.04,1,0,0
"DOLAR CCL",293.91,296.72,292.24,295.49,2022-08-30,295.49,1661828400,0.99,1,0.99,0,0
"DOLAR CCL",294.78,297.51,294.26,295.9,2022-08-31,295.9,1661914800,1,1.01,0.99,0,0
"DOLAR CCL",296.24,298.26,289.21,289.76,2022-09-01,289.76,1662001200,1.02,1.03,1,0,0
"DOLAR CCL",288.32,294.89,286.34,293.79,2022-09-02,293.79,1662087600,0.98,1,0.97,0,0
"DOLAR CCL",293.79,293.79,279.64,283.65,2022-09-05,283.65,1662346800,1.04,1.04,0.99,0,0
"DOLAR CCL",283.14,288.15,281.76,285.06,2022-09-06,285.06,1662433200,0.99,1.01,0.99,0,0
"DOLAR CCL",283.62,286.21,281.17,282.46,2022-09-07,282.46,1662519600,1,1.01,1,0,0
"DOLAR CCL",284.88,285.39,280.66,283.64,2022-09-08,283.64,1662606000,1,1.01,0.99,0,0
"DOLAR CCL",283.92,284.79,280.25,281.61,2022-09-09,281.61,1662692400,1.01,1.01,1,0,0
"DOLAR CCL",281.39,282.89,278.65,280.6,2022-09-12,280.6,1662951600,1,1.01,0.99,0,0
"DOLAR CCL",282.59,284.19,279.74,280.59,2022-09-13,280.59,1663038000,1.01,1.01,1,0,0
"DOLAR CCL",279.28,284.59,278.02,283.72,2022-09-14,283.72,1663124400,0.98,1,0.98,0,0
"DOLAR CCL",286.03,297.11,282.14,295.78,2022-09-15,295.78,1663210800,0.97,1,0.95,0,0
"DOLAR CCL",295.68,302.37,295.08,300.89,2022-09-16,300.89,1663297200,0.98,1,0.98,0,0
"DOLAR CCL",302.31,304.98,298.59,303.93,2022-09-19,303.93,1663556400,0.99,1,0.98,0,0
"DOLAR CCL",305.71,306.17,298,302.17,2022-09-20,302.17,1663642800,1.01,1.01,0.99,0,0
"DOLAR CCL",300.86,309.2,299.07,307.45,2022-09-21,307.45,1663729200,0.98,1.01,0.97,0,0
"DOLAR CCL",307.14,314.85,306.5,314.8,2022-09-22,314.8,1663815600,0.98,1,0.97,0,0
"DOLAR CCL",317.78,319.31,310.64,311.56,2022-09-23,311.56,1663902000,1.02,1.02,1,0,0
"DOLAR CCL",312.47,314.43,307.43,311.34,2022-09-26,311.34,1664161200,1,1.01,0.99,0,0
"DOLAR CCL",310.86,311.31,302.97,307.91,2022-09-27,307.91,1664247600,1.01,1.01,0.98,0,0
"DOLAR CCL",308.02,310.28,304.29,307.13,2022-09-28,307.13,1664334000,1,1.01,0.99,0,0
"DOLAR CCL",306.37,310.53,304.39,306.08,2022-09-29,306.08,1664420400,1,1.01,0.99,0,0
"DOLAR CCL",303.88,311.78,303.88,310.92,2022-09-30,310.92,1664506800,0.98,1,0.98,0,0
"DOLAR CCL",307.21,312.25,305.45,309.4,2022-10-03,309.4,1664766000,0.99,1.01,0.99,0,0
"DOLAR CCL",307.39,310.47,304.08,309.53,2022-10-04,309.53,1664852400,0.99,1,0.98,0,0
"DOLAR CCL",310.95,313.34,309.57,310.77,2022-10-05,310.77,1664938800,1,1.01,1,0,0
"DOLAR CCL",311.76,313.56,305.7,307.38,2022-10-06,307.38,1665025200,1.01,1.02,0.99,0,0
"DOLAR CCL",311.17,311.85,304.87,305.66,2022-10-11,305.66,1665457200,1.02,1.02,1,0,0
"DOLAR CCL",300.83,310.03,297.61,307.4,2022-10-12,307.4,1665543600,0.98,1.01,0.97,0,0
"DOLAR CCL",311.47,314.31,303.71,313.94,2022-10-13,313.94,1665630000,0.99,1,0.97,0,0
"DOLAR CCL",312.54,317.71,310.59,313.11,2022-10-14,313.11,1665716400,1,1.01,0.99,0,0
"DOLAR CCL",307.91,313,306.59,308.09,2022-10-17,308.09,1665975600,1,1.02,1,0,0
"DOLAR CCL",303.46,308.39,302.33,304.13,2022-10-18,304.13,1666062000,1,1.01,0.99,0,0
"DOLAR CCL",304.18,305.95,301.86,303.03,2022-10-19,303.03,1666148400,1,1.01,1,0,0
"DOLAR CCL",304.99,305.29,301.44,304.01,2022-10-20,304.01,1666234800,1,1,0.99,0,0
"DOLAR CCL",304.12,305.72,300.58,303.7,2022-10-21,303.7,1666321200,1,1.01,0.99,0,0
"DOLAR CCL",298.68,306.15,295.9,303.96,2022-10-24,303.96,1666580400,0.98,1.01,0.97,0,0
"DOLAR CCL",298.01,306.31,297.96,305.82,2022-10-25,305.82,1666666800,0.97,1,0.97,0,0
"DOLAR CCL",304.74,306.9,303.87,305.93,2022-10-26,305.93,1666753200,1,1,0.99,0,0
"DOLAR CCL",304.54,308.62,303.83,307.48,2022-10-27,307.48,1666839600,0.99,1,0.99,0,0
"DOLAR CCL",306.86,308.6,304.36,305.8,2022-10-28,305.8,1666926000,1,1.01,1,0,0
"DOLAR CCL",308.1,309.55,305.92,307.3,2022-10-31,307.3,1667185200,1,1.01,1,0,0
"DOLAR CCL",306.35,308.86,302.43,303.67,2022-11-01,303.67,1667271600,1.01,1.02,1,0,0
"DOLAR CCL",304.34,306.47,301.32,303.38,2022-11-02,303.38,1667358000,1,1.01,0.99,0,0
"DOLAR CCL",305.9,308.27,302.92,304.93,2022-11-03,304.93,1667444400,1,1.01,0.99,0,0
"DOLAR CCL",302.56,307.05,302.51,304.55,2022-11-04,304.55,1667530800,0.99,1.01,0.99,0,0
"DOLAR CCL",304.55,308.78,301.48,303.11,2022-11-07,303.11,1667790000,1,1.02,0.99,0,0
"DOLAR CCL",303.03,307.28,300.57,304.99,2022-11-08,304.99,1667876400,0.99,1.01,0.99,0,0
"DOLAR CCL",304.99,307.98,302.43,306.28,2022-11-09,306.28,1667962800,1,1.01,0.99,0,0
"DOLAR CCL",306.49,313.6,304.94,309.08,2022-11-10,309.08,1668049200,0.99,1.01,0.99,0,0
"DOLAR CCL",308.93,311.93,305.48,310.08,2022-11-11,310.08,1668135600,1,1.01,0.99,0,0
"DOLAR CCL",310.14,311.64,307.77,310.89,2022-11-14,310.89,1668394800,1,1,0.99,0,0
"DOLAR CCL",307.6,319.79,307.31,319.12,2022-11-15,319.12,1668481200,0.96,1,0.96,0,0
"DOLAR CCL",318.05,325.01,318.05,324.62,2022-11-16,324.62,1668567600,0.98,1,0.98,0,0
"DOLAR CCL",326.07,337.58,326.07,334.79,2022-11-17,334.79,1668654000,0.97,1.01,0.97,0,0
"DOLAR CCL",333.31,338.88,330.21,332.24,2022-11-18,332.24,1668740400,1,1.02,0.99,0,0
"DOLAR CCL",327.48,339.56,327.13,330.95,2022-11-22,330.95,1669086000,0.99,1.03,0.99,0,0
"DOLAR CCL",330.37,334.82,325.16,325.72,2022-11-23,325.72,1669172400,1.01,1.03,1,0,0
"DOLAR CCL",327.24,327.32,321.73,322.61,2022-11-24,322.61,1669258800,1.01,1.01,1,0,0
"DOLAR CCL",322.25,329.74,322.25,323.02,2022-11-25,323.02,1669345200,1,1.02,1,0,0
"DOLAR CCL",323.02,327,320.36,322.49,2022-11-28,322.49,1669604400,1,1.01,0.99,0,0
"DOLAR CCL",322.44,326.72,318.49,322.74,2022-11-29,322.74,1669690800,1,1.01,0.99,0,0
"DOLAR CCL",322.74,327.71,320.1,322.75,2022-11-30,322.75,1669777200,1,1.02,0.99,0,0
"DOLAR CCL",322.75,326.01,321.9,323.72,2022-12-01,323.72,1669863600,1,1.01,0.99,0,0
"DOLAR CCL",323.72,327.75,321.13,327,2022-12-02,327,1669950000,0.99,1,0.98,0,0
"DOLAR CCL",327,331.44,322.53,330.47,2022-12-05,330.47,1670209200,0.99,1,0.98,0,0
"DOLAR CCL",330.47,342.03,330.47,340.4,2022-12-06,340.4,1670295600,0.97,1,0.97,0,0
"DOLAR CCL",340.4,346.86,336.81,338.09,2022-12-07,338.09,1670382000,1.01,1.03,1,0,0
"DOLAR CCL",340.24,343.92,331.48,332.38,2022-12-12,332.38,1670814000,1.02,1.03,1,0,0
"DOLAR CCL",332.38,335.41,328.11,333.68,2022-12-13,333.68,1670900400,1,1.01,0.98,0,0
"DOLAR CCL",333.95,335.79,327.78,330.13,2022-12-14,330.13,1670986800,1.01,1.02,0.99,0,0
"DOLAR CCL",330.13,334.9,328.57,332.67,2022-12-15,332.67,1671073200,0.99,1.01,0.99,0,0
"DOLAR CCL",334.42,335.7,329.76,332.31,2022-12-16,332.31,1671159600,1.01,1.01,0.99,0,0
"DOLAR CCL",332.31,334.9,330.36,332.43,2022-12-19,332.43,1671418800,1,1.01,0.99,0,0
"DOLAR CCL",332.43,334.18,318.27,331.58,2022-12-20,331.58,1671505200,1,1.01,0.96,0,0
"DOLAR CCL",331.58,337.63,331.58,332.95,2022-12-21,332.95,1671591600,1,1.01,1,0,0
"DOLAR CCL",332.95,337.29,332.54,333.48,2022-12-22,333.48,1671678000,1,1.01,1,0,0
"DOLAR CCL",333.48,337.52,333.16,333.16,2022-12-23,333.16,1671764400,1,1.01,1,0,0
"DOLAR CCL",333.16,336.81,329.79,334.85,2022-12-26,334.85,1672023600,0.99,1.01,0.98,0,0
"DOLAR CCL",334.85,341.1,334.85,337.49,2022-12-27,337.49,1672110000,0.99,1.01,0.99,0,0
"DOLAR CCL",337.49,347.96,337.49,346.15,2022-12-28,346.15,1672196400,0.97,1.01,0.97,0,0
"DOLAR CCL",346.15,353.08,339.04,340.5,2022-12-29,340.5,1672282800,1.02,1.04,1,0,0
"DOLAR CCL",340.5,351.29,331.15,344.13,2022-12-30,344.13,1672369200,0.99,1.02,0.96,0,0
"DOLAR CCL",344.13,347.43,336.5,344.88,2023-01-02,344.88,1672628400,1,1.01,0.98,0,0
"DOLAR CCL",344.88,345.31,337.34,344.44,2023-01-03,344.44,1672714800,1,1,0.98,0,0
"DOLAR CCL",344.44,347.5,338.75,339.48,2023-01-04,339.48,1672801200,1.01,1.02,1,0,0
"DOLAR CCL",339.48,345.76,337.93,342.16,2023-01-05,342.16,1672887600,0.99,1.01,0.99,0,0
"DOLAR CCL",342.16,346.38,337.65,338.92,2023-01-06,338.92,1672974000,1.01,1.02,1,0,0
"DOLAR CCL",338.92,340.93,332.85,333.97,2023-01-09,333.97,1673233200,1.01,1.02,1,0,0
"DOLAR CCL",333.97,338.29,331.97,331.97,2023-01-10,331.97,1673319600,1.01,1.02,1,0,0
"DOLAR CCL",331.06,337.67,330.17,336.96,2023-01-11,336.96,1673406000,0.98,1,0.98,0,0
"DOLAR CCL",336.96,345.84,334.78,343.57,2023-01-12,343.57,1673492400,0.98,1.01,0.97,0,0
"DOLAR CCL",343.96,350.43,343.96,349.26,2023-01-13,349.26,1673578800,0.98,1,0.98,0,0
"DOLAR CCL",349.26,358.13,346.74,356.38,2023-01-16,356.38,1673838000,0.98,1,0.97,0,0
"DOLAR CCL",356.38,364.05,354.92,362.19,2023-01-17,362.19,1673924400,0.98,1.01,0.98,0,0
"DOLAR CCL",362.19,364.79,346.3,351.82,2023-01-18,351.82,1674010800,1.03,1.04,0.98,0,0
"DOLAR CCL",353.42,355.87,344.87,355.41,2023-01-19,355.41,1674097200,0.99,1,0.97,0,0
"DOLAR CCL",355.41,366.58,355.41,360.98,2023-01-20,360.98,1674183600,0.98,1.02,0.98,0,0
"DOLAR CCL",360.62,366.6,357.67,363.19,2023-01-23,363.19,1674442800,0.99,1.01,0.98,0,0
"DOLAR CCL",363.19,365.59,358.76,360.03,2023-01-24,360.03,1674529200,1.01,1.02,1,0,0
"DOLAR CCL",360.03,366.63,359.96,365.99,2023-01-25,365.99,1674615600,0.98,1,0.98,0,0
"DOLAR CCL",366.29,370.34,362.84,369.39,2023-01-26,369.39,1674702000,0.99,1,0.98,0,0
"DOLAR CCL",369.39,374.12,368.44,370.39,2023-01-27,370.39,1674788400,1,1.01,0.99,0,0
"DOLAR CCL",371.44,373.9,367.7,369.52,2023-01-30,369.52,1675047600,1.01,1.01,1,0,0
"DOLAR CCL",369.52,374.34,366.81,367.42,2023-01-31,367.42,1675134000,1.01,1.02,1,0,0
"DOLAR CCL",367.42,371.37,364.01,367.07,2023-02-01,367.07,1675220400,1,1.01,0.99,0,0
"DOLAR CCL",367.07,369.06,363.05,366.83,2023-02-02,366.83,1675306800,1,1.01,0.99,0,0
"DOLAR CCL",366.83,369.62,362.95,362.95,2023-02-03,362.95,1675393200,1.01,1.02,1,0,0
"DOLAR CCL",362.95,368.62,362.28,365.71,2023-02-06,365.71,1675652400,0.99,1.01,0.99,0,0
"DOLAR CCL",365.71,369.72,363.69,366.16,2023-02-07,366.16,1675738800,1,1.01,0.99,0,0
"DOLAR CCL",366.16,368.37,363.16,366.13,2023-02-08,366.13,1675825200,1,1.01,0.99,0,0
"DOLAR CCL",366.13,371.6,364.58,371.6,2023-02-09,371.6,1675911600,0.99,1,0.98,0,0
"DOLAR CCL",371.6,374.33,368.54,371.23,2023-02-10,371.23,1675998000,1,1.01,0.99,0,0
"DOLAR CCL",370.73,372.32,366.9,370.87,2023-02-13,370.87,1676257200,1,1,0.99,0,0
"DOLAR CCL",368.44,375.06,368.08,369.82,2023-02-14,369.82,1676343600,1,1.01,1,0,0
"DOLAR CCL",369.82,372.63,367.18,368.52,2023-02-15,368.52,1676430000,1,1.01,1,0,0
"DOLAR CCL",368.52,372.04,365.92,370.02,2023-02-16,370.02,1676516400,1,1.01,0.99,0,0
"DOLAR CCL",370.02,374.16,368.09,369.8,2023-02-17,369.8,1676602800,1,1.01,1,0,0
"DOLAR CCL",370.91,372,366.8,368.46,2023-02-22,368.46,1677034800,1.01,1.01,1,0,0
"DOLAR CCL",368.46,371.79,365.65,367.03,2023-02-23,367.03,1677121200,1,1.01,1,0,0
"DOLAR CCL",367.03,369.95,366.01,367.02,2023-02-24,367.02,1677207600,1,1.01,1,0,0
"DOLAR CCL",367.02,369.67,364.42,364.93,2023-02-27,364.93,1677466800,1.01,1.01,1,0,0
"DOLAR CCL",364.93,369.11,364.61,366.41,2023-02-28,366.41,1677553200,1,1.01,1,0,0
"DOLAR CCL",366.41,369.33,364.22,368.88,2023-03-01,368.88,1677639600,0.99,1,0.99,0,0
"DOLAR CCL",368.88,373.87,368.25,372.57,2023-03-02,372.57,1677726000,0.99,1,0.99,0,0
"DOLAR CCL",372.57,375.92,370.98,372.31,2023-03-03,372.31,1677812400,1,1.01,1,0,0
"DOLAR CCL",372.31,377.78,370.94,372.68,2023-03-06,372.68,1678071600,1,1.01,1,0,0
"DOLAR CCL",374.15,375.88,372.87,375.69,2023-03-07,375.69,1678158000,1,1,0.99,0,0
"DOLAR CCL",375.69,379.95,372.52,378.96,2023-03-08,378.96,1678244400,0.99,1,0.98,0,0
"DOLAR CCL",378.96,387.91,378.03,387.78,2023-03-09,387.78,1678330800,0.98,1,0.97,0,0
"DOLAR CCL",387.78,395.08,386.55,393.68,2023-03-10,393.68,1678417200,0.99,1,0.98,0,0
"DOLAR CCL",390.91,400.41,376.81,395.5,2023-03-13,395.5,1678676400,0.99,1.01,0.95,0,0
"DOLAR CCL",394.84,397.8,389.72,391.47,2023-03-14,391.47,1678762800,1.01,1.02,1,0,0
"DOLAR CCL",391.47,402.83,391.47,397.07,2023-03-15,397.07,1678849200,0.99,1.01,0.99,0,0
"DOLAR CCL",400.68,401.8,396.25,400.62,2023-03-16,400.62,1678935600,1,1,0.99,0,0
"DOLAR CCL",401.25,405.35,401.22,403.57,2023-03-17,403.57,1679022000,0.99,1,0.99,0,0
"DOLAR CCL",401.47,406.6,397.48,401.36,2023-03-20,401.36,1679281200,1,1.01,0.99,0,0
"DOLAR CCL",401.49,403.38,398.28,399.62,2023-03-21,399.62,1679367600,1,1.01,1,0,0
"DOLAR CCL",399.22,400.66,392.4,397.17,2023-03-22,397.17,1679454000,1.01,1.01,0.99,0,0
"DOLAR CCL",396.94,398.92,388.41,390.19,2023-03-23,390.19,1679540400,1.02,1.02,1,0,0
"DOLAR CCL",391.45,392.96,383.27,392.58,2023-03-27,392.58,1679886000,1,1,0.98,0,0
"DOLAR CCL",392.2,393.34,390.04,390.63,2023-03-28,390.63,1679972400,1,1.01,1,0,0
"DOLAR CCL",388.98,396.93,388.23,395.89,2023-03-29,395.89,1680058800,0.98,1,0.98,0,0
"DOLAR CCL",394.94,404.12,394.43,402.79,2023-03-30,402.79,1680145200,0.98,1,0.98,0,0
"DOLAR CCL",401.65,407.62,400.81,406.54,2023-03-31,406.54,1680231600,0.99,1,0.99,0,0
"DOLAR CCL",407.49,410.9,404.97,406.77,2023-04-03,406.77,1680490800,1,1.01,1,0,0
"DOLAR CCL",405.15,412.09,404.57,409.82,2023-04-04,409.82,1680577200,0.99,1.01,0.99,0,0
"DOLAR CCL",412.05,412.05,407.31,408.24,2023-04-05,408.24,1680663600,1.01,1.01,1,0,0
"DOLAR CCL",402.77,404.44,402.29,403.17,2023-04-10,403.17,1681095600,1,1,1,0,0
"DOLAR CCL",404.21,404.9,398.53,398.97,2023-04-11,398.97,1681182000,1.01,1.01,1,0,0
"DOLAR CCL",399.48,400.91,397.29,398.31,2023-04-12,398.31,1681268400,1,1.01,1,0,0
"DOLAR CCL",397.23,403.54,397.23,402.14,2023-04-13,402.14,1681354800,0.99,1,0.99,0,0
"DOLAR CCL",403.74,406.66,401.75,404.88,2023-04-14,404.88,1681441200,1,1,0.99,0,0
"DOLAR CCL",403.5,411.08,402.48,409.04,2023-04-17,409.04,1681700400,0.99,1,0.98,0,0
"DOLAR CCL",408.52,426.26,408.52,425.9,2023-04-18,425.9,1681786800,0.96,1,0.96,0,0
"DOLAR CCL",425.9,436,425.66,429.65,2023-04-19,429.65,1681873200,0.99,1.01,0.99,0,0
"DOLAR CCL",430.02,437.38,427.36,435.74,2023-04-20,435.74,1681959600,0.99,1,0.98,0,0
"DOLAR CCL",434.99,455.78,433.84,455.11,2023-04-21,455.11,1682046000,0.96,1,0.95,0,0
"DOLAR CCL",449.57,463.96,445.52,462.35,2023-04-24,462.35,1682305200,0.97,1,0.96,0,0
"DOLAR CCL",463.08,483.08,462.72,465.97,2023-04-25,465.97,1682391600,0.99,1.04,0.99,0,0
"DOLAR CCL",467.22,470.6,452.21,469.32,2023-04-26,469.32,1682478000,1,1,0.96,0,0
"DOLAR CCL",469.83,471.43,454.51,457.29,2023-04-27,457.29,1682564400,1.03,1.03,0.99,0,0
"DOLAR CCL",457.43,460.93,450.97,453.16,2023-04-28,453.16,1682650800,1.01,1.02,1,0,0
"DOLAR CCL",455.46,462.85,453.54,459.89,2023-05-02,459.89,1682996400,0.99,1.01,0.99,0,0
"DOLAR CCL",460.82,464.84,447.52,448.51,2023-05-03,448.51,1683082800,1.03,1.04,1,0,0
"DOLAR CCL",447.8,452.83,446.77,448.21,2023-05-04,448.21,1683169200,1,1.01,1,0,0
"DOLAR CCL",447.3,457.42,445.69,456.03,2023-05-05,456.03,1683255600,0.98,1,0.98,0,0
"DOLAR CCL",457.85,458.36,453.67,457.76,2023-05-08,457.76,1683514800,1,1,0.99,0,0
"DOLAR CCL",461.77,461.95,452.04,453.3,2023-05-09,453.3,1683601200,1.02,1.02,1,0,0
"DOLAR CCL",451.91,454.63,448.23,451.06,2023-05-10,451.06,1683687600,1,1.01,0.99,0,0
"DOLAR CCL",451.42,455.86,451,453.96,2023-05-11,453.96,1683774000,0.99,1,0.99,0,0
"DOLAR CCL",453.96,469.48,451.95,469.15,2023-05-12,469.15,1683860400,0.97,1,0.96,0,0
"DOLAR CCL",469.85,473.3,467.36,472.71,2023-05-15,472.71,1684119600,0.99,1,0.99,0,0
"DOLAR CCL",477.64,484.87,473.29,481.69,2023-05-16,481.69,1684206000,0.99,1.01,0.98,0,0
"DOLAR CCL",481.35,485.81,480.65,483.73,2023-05-17,483.73,1684292400,1,1,0.99,0,0
"DOLAR CCL",486.43,496.73,484.1,495.86,2023-05-18,495.86,1684378800,0.98,1,0.98,0,0
"DOLAR CCL",495.39,498.73,491.77,493.16,2023-05-19,493.16,1684465200,1,1.01,1,0,0
"DOLAR CCL",495.05,499.27,489.1,493.5,2023-05-22,493.5,1684724400,1,1.01,0.99,0,0
"DOLAR CCL",494.58,495.81,490.71,495.11,2023-05-23,495.11,1684810800,1,1,0.99,0,0
"DOLAR CCL",498.52,499.79,490.17,492.32,2023-05-24,492.32,1684897200,1.01,1.02,1,0,0
"DOLAR CCL",497.39,512.32,487.06,497.59,2023-05-29,497.59,1685329200,1,1.03,0.98,0,0
"DOLAR CCL",500.38,501.21,485.43,486.83,2023-05-30,486.83,1685415600,1.03,1.03,1,0,0
"DOLAR CCL",486.58,492.42,485.76,492.42,2023-05-31,492.42,1685502000,0.99,1,0.99,0,0
"DOLAR CCL",490.44,497.21,489.34,496.58,2023-06-01,496.58,1685588400,0.99,1,0.99,0,0
"DOLAR CCL",493.13,500.66,490.46,497.22,2023-06-02,497.22,1685674800,0.99,1.01,0.99,0,0
"DOLAR CCL",498.4,500.81,492.34,495.88,2023-06-05,495.88,1685934000,1.01,1.01,0.99,0,0
"DOLAR CCL",495.52,499.63,493.04,494.69,2023-06-06,494.69,1686020400,1,1.01,1,0,0
"DOLAR CCL",497,498.12,491.3,493.57,2023-06-07,493.57,1686106800,1.01,1.01,1,0,0
"DOLAR CCL",493.65,500.46,492.26,499.01,2023-06-08,499.01,1686193200,0.99,1,0.99,0,0
"DOLAR CCL",499.92,502.02,495.95,500.33,2023-06-09,500.33,1686279600,1,1,0.99,0,0
"DOLAR CCL",500.17,502.7,496.68,501.29,2023-06-12,501.29,1686538800,1,1,0.99,0,0
"DOLAR CCL",501.87,503.81,498.76,500.91,2023-06-13,500.91,1686625200,1,1.01,1,0,0
"DOLAR CCL",498.81,503.16,497.86,501.6,2023-06-14,501.6,1686711600,0.99,1,0.99,0,0
"DOLAR CCL",504,507.06,501.44,506.61,2023-06-15,506.61,1686798000,0.99,1,0.99,0,0
"DOLAR CCL",503.57,511.97,501.74,506.69,2023-06-16,506.69,1686884400,0.99,1.01,0.99,0,0
"DOLAR CCL",510.04,512.34,501.46,507.04,2023-06-21,507.04,1687316400,1.01,1.01,0.99,0,0
"DOLAR CCL",509.12,512.49,507.9,511.2,2023-06-22,511.2,1687402800,1,1,0.99,0,0
"DOLAR CCL",510.78,520.02,510.37,520.02,2023-06-23,520.02,1687489200,0.98,1,0.98,0,0
"DOLAR CCL",523.35,526.64,509.27,510.41,2023-06-26,510.41,1687748400,1.03,1.03,1,0,0
"DOLAR CCL",509.41,513.51,508.3,509.74,2023-06-27,509.74,1687834800,1,1.01,1,0,0
"DOLAR CCL",510.74,514.75,503.26,503.55,2023-06-28,503.55,1687921200,1.01,1.02,1,0,0
"DOLAR CCL",506.78,510.42,503,505.66,2023-06-29,505.66,1688007600,1,1.01,0.99,0,0
"DOLAR CCL",505.41,512.56,504.99,512.04,2023-06-30,512.04,1688094000,0.99,1,0.99,0,0
"DOLAR CCL",511.7,514.61,507.23,508.87,2023-07-03,508.87,1688353200,1.01,1.01,1,0,0
"DOLAR CCL",508.87,517.41,508.87,512.46,2023-07-04,512.46,1688439600,0.99,1.01,0.99,0,0
"DOLAR CCL",512.8,513.01,508.38,510.08,2023-07-05,510.08,1688526000,1.01,1.01,1,0,0
"DOLAR CCL",512.77,516.53,510.37,515.11,2023-07-06,515.11,1688612400,1,1,0.99,0,0
"DOLAR CCL",516.35,518.53,513.98,516.65,2023-07-07,516.65,1688698800,1,1,0.99,0,0
"DOLAR CCL",513.68,519.33,513.34,513.57,2023-07-10,513.57,1688958000,1,1.01,1,0,0
"DOLAR CCL",512.15,519.03,511.8,513.99,2023-07-11,513.99,1689044400,1,1.01,1,0,0
"DOLAR CCL",512.27,517.08,511.28,515.75,2023-07-12,515.75,1689130800,0.99,1,0.99,0,0
"DOLAR CCL",513.18,526.55,511.35,525.97,2023-07-13,525.97,1689217200,0.98,1,0.97,0,0
"DOLAR CCL",526.58,541.38,526.15,540.39,2023-07-14,540.39,1689303600,0.97,1,0.97,0,0
"DOLAR CCL",542.58,543.65,532.47,533.71,2023-07-17,533.71,1689562800,1.02,1.02,1,0,0
"DOLAR CCL",533.49,536.11,525.53,527.37,2023-07-18,527.37,1689649200,1.01,1.02,1,0,0
"DOLAR CCL",524.72,529.52,522.28,528.27,2023-07-19,528.27,1689735600,0.99,1,0.99,0,0
"DOLAR CCL",527.76,533.13,525.54,530.37,2023-07-20,530.37,1689822000,1,1.01,0.99,0,0
"DOLAR CCL",529.99,536.64,528.17,533.87,2023-07-21,533.87,1689908400,0.99,1.01,0.99,0,0
"DOLAR CCL",533.7,536.39,530.72,535.66,2023-07-24,535.66,1690167600,1,1,0.99,0,0
"DOLAR CCL",536.87,543.27,535.5,540.84,2023-07-25,540.84,1690254000,0.99,1,0.99,0,0
"DOLAR CCL",544.25,547.65,539.85,541.99,2023-07-26,541.99,1690340400,1,1.01,1,0,0
"DOLAR CCL",540.66,549.8,540.66,544.92,2023-07-27,544.92,1690426800,0.99,1.01,0.99,0,0
"DOLAR CCL",543.83,548.05,542.88,546.98,2023-07-28,546.98,1690513200,0.99,1,0.99,0,0
"DOLAR CCL",549.61,553.35,546.94,551.27,2023-07-31,551.27,1690772400,1,1,0.99,0,0
"DOLAR CCL",549.01,561.91,549.01,560.22,2023-08-01,560.22,1690858800,0.98,1,0.98,0,0
"DOLAR CCL",560.4,569.34,558.24,568.59,2023-08-02,568.59,1690945200,0.99,1,0.98,0,0
"DOLAR CCL",569.42,578.88,567.43,576.7,2023-08-03,576.7,1691031600,0.99,1,0.98,0,0
"DOLAR CCL",575.11,586.83,574.69,585.41,2023-08-04,585.41,1691118000,0.98,1,0.98,0,0
"DOLAR CCL",582.77,598.55,582.62,597.73,2023-08-07,597.73,1691377200,0.97,1,0.97,0,0
"DOLAR CCL",597.63,610.71,596.4,597.3,2023-08-08,597.3,1691463600,1,1.02,1,0,0
"DOLAR CCL",596.91,604.15,589.19,591.79,2023-08-09,591.79,1691550000,1.01,1.02,1,0,0
"DOLAR CCL",587.47,600.79,585.85,598.74,2023-08-10,598.74,1691636400,0.98,1,0.98,0,0
"DOLAR CCL",600.81,604.45,594.19,601.44,2023-08-11,601.44,1691722800,1,1.01,0.99,0,0
"DOLAR CCL",600.11,660.74,598.8,655.06,2023-08-14,655.06,1691982000,0.92,1.01,0.91,0,0
"DOLAR CCL",655.81,703.12,655.81,702.17,2023-08-15,702.17,1692068400,0.93,1,0.93,0,0
"DOLAR CCL",701.3,723.44,698.36,722.92,2023-08-16,722.92,1692154800,0.97,1,0.97,0,0
"DOLAR CCL",721.73,745.77,719.36,743.44,2023-08-17,743.44,1692241200,0.97,1,0.97,0,0
"DOLAR CCL",743.32,748.76,735.66,746.14,2023-08-18,746.14,1692327600,1,1,0.99,0,0
"DOLAR CCL",753.38,754.56,741.19,745.63,2023-08-22,745.63,1692673200,1.01,1.01,0.99,0,0
"DOLAR CCL",742.48,751.12,740.8,746.72,2023-08-23,746.72,1692759600,0.99,1.01,0.99,0,0
"DOLAR CCL",744.87,762.75,739.61,761.48,2023-08-24,761.48,1692846000,0.98,1,0.97,0,0
"DOLAR CCL",761.48,772.35,757.32,770.24,2023-08-25,770.24,1692932400,0.99,1,0.98,0,0
"DOLAR CCL",766.88,788.76,766.31,787.36,2023-08-28,787.36,1693191600,0.97,1,0.97,0,0
"DOLAR CCL",788.4,804.48,787.88,802.48,2023-08-29,802.48,1693278000,0.98,1,0.98,0,0
"DOLAR CCL",799.51,812.82,787.17,798.58,2023-08-30,798.58,1693364400,1,1.02,0.99,0,0
"DOLAR CCL",800.56,805.81,775.56,780.54,2023-08-31,780.54,1693450800,1.03,1.03,0.99,0,0
"DOLAR CCL",777.43,784.98,763.16,767.75,2023-09-01,767.75,1693537200,1.01,1.02,0.99,0,0
"DOLAR CCL",767.75,775.59,767.75,769.98,2023-09-04,769.98,1693796400,1,1.01,1,0,0
"DOLAR CCL",772.19,775.08,748.35,761.35,2023-09-05,761.35,1693882800,1.01,1.02,0.98,0,0
"DOLAR CCL",762.51,773.8,756.42,762.84,2023-09-06,762.84,1693969200,1,1.01,0.99,0,0
"DOLAR CCL",759.36,769.04,738.19,738.69,2023-09-07,738.69,1694055600,1.03,1.04,1,0,0
"DOLAR CCL",739.07,744.75,733.02,741.21,2023-09-08,741.21,1694142000,1,1,0.99,0,0
"DOLAR CCL",741.6,743.6,730.62,736.16,2023-09-11,736.16,1694401200,1.01,1.01,0.99,0,0
"DOLAR CCL",736.78,741.9,732.91,739.15,2023-09-12,739.15,1694487600,1,1,0.99,0,0
"DOLAR CCL",736.5,746.88,736.31,741.06,2023-09-13,741.06,1694574000,0.99,1.01,0.99,0,0
"DOLAR CCL",743.09,747.17,737.15,742.47,2023-09-14,742.47,1694660400,1,1.01,0.99,0,0
"DOLAR CCL",742.22,745.9,734.04,740.08,2023-09-15,740.08,1694746800,1,1.01,0.99,0,0
"DOLAR CCL",740.08,742.25,731.19,734.31,2023-09-18,734.31,1695006000,1.01,1.01,1,0,0
"DOLAR CCL",737.34,738.82,732.15,737.84,2023-09-19,737.84,1695092400,1,1,0.99,0,0
"DOLAR CCL",737.21,743.4,735.8,742.81,2023-09-20,742.81,1695178800,0.99,1,0.99,0,0
"DOLAR CCL",746,755.92,742.62,748.87,2023-09-21,748.87,1695265200,1,1.01,0.99,0,0
"DOLAR CCL",748.61,755.09,745.31,752.82,2023-09-22,752.82,1695351600,0.99,1,0.99,0,0
"DOLAR CCL",755.58,762.8,751.4,761.71,2023-09-25,761.71,1695610800,0.99,1,0.99,0,0
"DOLAR CCL",765.4,778.11,761.46,775.52,2023-09-26,775.52,1695697200,0.99,1,0.98,0,0
"DOLAR CCL",777.58,791.35,774.77,789.68,2023-09-27,789.68,1695783600,0.98,1,0.98,0,0
"DOLAR CCL",787.01,821.01,786.73,818.85,2023-09-28,818.85,1695870000,0.96,1,0.96,0,0
"DOLAR CCL",813.89,834.99,807.39,822.53,2023-09-29,822.53,1695956400,0.99,1.02,0.98,0,0
"DOLAR CCL",824,838.69,824,829.67,2023-10-02,829.67,1696215600,0.99,1.01,0.99,0,0
"DOLAR CCL",832.52,839.25,830.79,837.87,2023-10-03,837.87,1696302000,0.99,1,0.99,0,0
"DOLAR CCL",886.21,906.22,885.82,904.66,2023-10-04,904.66,1696388400,0.98,1,0.98,0,0
"DOLAR CCL",913.04,934.23,886.05,893.71,2023-10-05,893.71,1696474800,1.02,1.05,0.99,0,0
"DOLAR CCL",899.12,916.4,857.95,892.12,2023-10-06,892.12,1696561200,1.01,1.03,0.96,0,0
"DOLAR CCL",893.89,903.86,874.25,881.52,2023-10-09,881.52,1696820400,1.01,1.03,0.99,0,0
"DOLAR CCL",865.32,985.14,864.36,953.91,2023-10-10,953.91,1696906800,0.91,1.03,0.91,0,0
"DOLAR CCL",960.04,970.16,902.84,944.94,2023-10-11,944.94,1696993200,1.02,1.03,0.96,0,0
"DOLAR CCL",950.07,975.87,941.88,966.96,2023-10-12,966.96,1697079600,0.98,1.01,0.97,0,0
"DOLAR CCL",955.47,998.61,951.55,962.69,2023-10-17,962.69,1697511600,0.99,1.04,0.99,0,0
"DOLAR CCL",963.22,987.08,946.78,952.59,2023-10-18,952.59,1697598000,1.01,1.04,0.99,0,0
"DOLAR CCL",952.41,978.54,941.05,956.72,2023-10-19,956.72,1697684400,1,1.02,0.98,0,0
"DOLAR CCL",947.99,1110.59,947.99,1110.59,2023-10-20,1110.59,1697770800,0.85,1,0.85,0,0
"DOLAR CCL",1116.63,1116.63,935.19,935.19,2023-10-23,935.19,1698030000,1.19,1.19,1,0,0
"DOLAR CCL",906.04,960.12,863.17,887.72,2023-10-24,887.72,1698116400,1.02,1.08,0.97,0,0
"DOLAR CCL",884.93,905.29,827.25,888.99,2023-10-25,888.99,1698202800,1,1.02,0.93,0,0
"DOLAR CCL",884.26,912.71,838.02,872.62,2023-10-26,872.62,1698289200,1.01,1.05,0.96,0,0
"DOLAR CCL",872.23,884.17,850.03,856.85,2023-10-27,856.85,1698375600,1.02,1.03,0.99,0,0
"DOLAR CCL",849.47,864.56,840.45,853.07,2023-10-30,853.07,1698634800,1,1.01,0.99,0,0
"DOLAR CCL",848.46,872.42,842.45,864.84,2023-10-31,864.84,1698721200,0.98,1.01,0.97,0,0
"DOLAR CCL",862.4,885.7,859.92,882.97,2023-11-01,882.97,1698807600,0.98,1,0.97,0,0
"DOLAR CCL",879.39,900.04,869.2,883.21,2023-11-02,883.21,1698894000,1,1.02,0.98,0,0
"DOLAR CCL",881.67,886.04,856.92,868.08,2023-11-03,868.08,1698980400,1.02,1.02,0.99,0,0
"DOLAR CCL",864.58,877.65,852.75,857.82,2023-11-07,857.82,1699326000,1.01,1.02,0.99,0,0
"DOLAR CCL",857.82,865.6,823.12,823.26,2023-11-08,823.26,1699412400,1.04,1.05,1,0,0
"DOLAR CCL",829.8,872.55,829.8,871.56,2023-11-09,871.56,1699498800,0.95,1,0.95,0,0
"DOLAR CCL",871.56,896.74,864.81,876.63,2023-11-10,876.63,1699585200,0.99,1.02,0.99,0,0
"DOLAR CCL",877.4,890.85,876.09,877.44,2023-11-13,877.44,1699844400,1,1.02,1,0,0
"DOLAR CCL",878.67,888.21,872.27,875.59,2023-11-14,875.59,1699930800,1,1.01,1,0,0
"DOLAR CCL",875.74,892.95,872.04,872.97,2023-11-15,872.97,1700017200,1,1.02,1,0,0
"DOLAR CCL",872.97,886.24,864.89,869.42,2023-11-16,869.42,1700103600,1,1.02,0.99,0,0
"DOLAR CCL",869.42,887.67,847.49,876.27,2023-11-17,876.27,1700190000,0.99,1.01,0.97,0,0
"DOLAR CCL",874.13,922.39,849.9,880.33,2023-11-21,880.33,1700535600,0.99,1.05,0.97,0,0
"DOLAR CCL",880.41,984.08,874.59,947.16,2023-11-22,947.16,1700622000,0.93,1.04,0.92,0,0
"DOLAR CCL",947.32,974.41,941.54,962,2023-11-23,962,1700708400,0.98,1.01,0.98,0,0
"DOLAR CCL",962,975.69,897.28,924.24,2023-11-24,924.24,1700794800,1.04,1.06,0.97,0,0
"DOLAR CCL",924.24,924.24,829.84,858.58,2023-11-27,858.58,1701054000,1.08,1.08,0.97,0,0
"DOLAR CCL",858.58,865.85,806.4,849.27,2023-11-28,849.27,1701140400,1.01,1.02,0.95,0,0
"DOLAR CCL",849.27,853.45,819.5,819.64,2023-11-29,819.64,1701226800,1.04,1.04,1,0,0
"DOLAR CCL",819.64,843.77,796.27,834.4,2023-11-30,834.4,1701313200,0.98,1.01,0.95,0,0
"DOLAR CCL",834.4,908.16,834.4,904.67,2023-12-01,904.67,1701399600,0.92,1,0.92,0,0
"DOLAR CCL",904.67,918.14,875.11,891.01,2023-12-04,891.01,1701658800,1.02,1.03,0.98,0,0
"DOLAR CCL",891.24,912.46,865.29,909.52,2023-12-05,909.52,1701745200,0.98,1,0.95,0,0
"DOLAR CCL",909.52,940.32,909.52,937.2,2023-12-06,937.2,1701831600,0.97,1,0.97,0,0
"DOLAR CCL",937.2,999.91,937.2,991.66,2023-12-07,991.66,1701918000,0.95,1.01,0.95,0,0
"DOLAR CCL",993.86,999.96,993.86,999.7,2023-12-11,999.7,1702263600,0.99,1,0.99,0,0
"DOLAR CCL",999.7,1031.56,999.7,1031.56,2023-12-12,1031.56,1702350000,0.97,1,0.97,0,0
"DOLAR CCL",1032.25,1032.25,1002.47,1009.01,2023-12-13,1009.01,1702436400,1.02,1.02,0.99,0,0
"DOLAR CCL",1008.76,1014.73,1000.08,1014.73,2023-12-14,1014.73,1702522800,0.99,1,0.99,0,0
"DOLAR CCL",1014.91,1014.91,993.16,993.16,2023-12-15,993.16,1702609200,1.02,1.02,1,0,0
"DOLAR CCL",991.81,992.75,937.59,946.33,2023-12-18,946.33,1702868400,1.05,1.05,0.99,0,0
"DOLAR CCL",946.33,970.05,935.06,948.75,2023-12-19,948.75,1702954800,1,1.02,0.99,0,0
"DOLAR CCL",948.75,955.43,932.69,946.67,2023-12-20,946.67,1703041200,1,1.01,0.99,0,0
"DOLAR CCL",946.67,966.54,932.4,943.74,2023-12-21,943.74,1703127600,1,1.02,0.99,0,0
"DOLAR CCL",943.74,956.4,933.4,941.96,2023-12-22,941.96,1703214000,1,1.02,0.99,0,0
"DOLAR CCL",941.96,947.36,895.24,901.94,2023-12-26,901.94,1703559600,1.04,1.05,0.99,0,0
"DOLAR CCL",901.94,902.49,859.89,869.78,2023-12-27,869.78,1703646000,1.04,1.04,0.99,0,0
"DOLAR CCL",869.78,949.56,861.48,944.3,2023-12-28,944.3,1703732400,0.92,1.01,0.91,0,0
"DOLAR CCL",944.3,978.51,936.76,973.15,2023-12-29,973.15,1703818800,0.97,1.01,0.96,0,0
"DOLAR CCL",973.15,999.75,960.4,996.61,2024-01-02,996.61,1704164400,0.98,1,0.96,0,0
"DOLAR CCL",996.12,1048.82,996.12,1048.82,2024-01-03,1048.82,1704250800,0.95,1,0.95,0,0
"DOLAR CCL",1049.35,1091.4,1048.3,1090.91,2024-01-04,1090.91,1704337200,0.96,1,0.96,0,0
"DOLAR CCL",1090.91,1152.58,1090.86,1140.44,2024-01-05,1140.44,1704423600,0.96,1.01,0.96,0,0
"DOLAR CCL",1140.44,1207.28,1140.44,1201.55,2024-01-08,1201.55,1704682800,0.95,1,0.95,0,0
"DOLAR CCL",1201.55,1230,1192.24,1193.5,2024-01-09,1193.5,1704769200,1.01,1.03,1,0,0
"DOLAR CCL",1193.5,1225,1176.75,1182.72,2024-01-10,1182.72,1704855600,1.01,1.04,0.99,0,0
"DOLAR CCL",1182.72,1183.55,1142.06,1148.09,2024-01-11,1148.09,1704942000,1.03,1.03,0.99,0,0
"DOLAR CCL",1148.09,1172.88,1115.26,1136.65,2024-01-12,1136.65,1705028400,1.01,1.03,0.98,0,0
"DOLAR CCL",1136.65,1183.06,1106.14,1164.6,2024-01-15,1164.6,1705287600,0.98,1.02,0.95,0,0
"DOLAR CCL",1164.6,1217.38,1152.43,1213.74,2024-01-16,1213.74,1705374000,0.96,1,0.95,0,0
"DOLAR CCL",1258.43,1279.47,1258.43,1273.34,2024-01-17,1273.34,1705460400,0.99,1,0.99,0,0
"DOLAR CCL",1275.46,1318.5,1275.46,1282.58,2024-01-18,1282.58,1705546800,0.99,1.03,0.99,0,0
"DOLAR CCL",1282.58,1310.34,1275.85,1306.16,2024-01-19,1306.16,1705633200,0.98,1,0.98,0,0
"DOLAR CCL",1305.72,1324.98,1295.43,1312.49,2024-01-22,1312.49,1705892400,0.99,1.01,0.99,0,0
"DOLAR CCL",1312.49,1325.16,1281,1285.71,2024-01-23,1285.71,1705978800,1.02,1.03,1,0,0
"DOLAR CCL",1285.71,1304.7,1257.73,1304.7,2024-01-24,1304.7,1706065200,0.99,1,0.96,0,0
"DOLAR CCL",1304.7,1327.45,1278.27,1281.95,2024-01-25,1281.95,1706151600,1.02,1.04,1,0,0
"DOLAR CCL",1281.95,1306.54,1229.69,1231.09,2024-01-26,1231.09,1706238000,1.04,1.06,1,0,0
"DOLAR CCL",1231.09,1268.71,1231.09,1263.18,2024-01-29,1263.18,1706497200,0.97,1,0.97,0,0
"DOLAR CCL",1263.18,1289.13,1256.48,1269.37,2024-01-30,1269.37,1706583600,1,1.02,0.99,0,0
"DOLAR CCL",1269.37,1282.86,1225.09,1248.95,2024-01-31,1248.95,1706670000,1.02,1.03,0.98,0,0
"DOLAR CCL",1248.95,1290.8,1247.77,1280.42,2024-02-01,1280.42,1706756400,0.98,1.01,0.97,0,0
"DOLAR CCL",1282.73,1313.72,1277.57,1288.36,2024-02-02,1288.36,1706842800,1,1.02,0.99,0,0
"DOLAR CCL",1288.36,1306.85,1279.06,1294.93,2024-02-05,1294.93,1707102000,0.99,1.01,0.99,0,0
"DOLAR CCL",1294.93,1294.93,1249.12,1249.42,2024-02-06,1249.42,1707188400,1.04,1.04,1,0,0
"DOLAR CCL",1249.42,1307.14,1249.42,1263.67,2024-02-07,1263.67,1707274800,0.99,1.03,0.99,0,0
"DOLAR CCL",1263.67,1280.96,1246.17,1246.57,2024-02-08,1246.57,1707361200,1.01,1.03,1,0,0
"DOLAR CCL",1252.01,1263.23,1226.96,1229.01,2024-02-09,1229.01,1707447600,1.02,1.03,1,0,0
"DOLAR CCL",1233.36,1234.5,1167.49,1174.95,2024-02-14,1174.95,1707879600,1.05,1.05,0.99,0,0
"DOLAR CCL",1174.95,1195.61,1150,1153.96,2024-02-15,1153.96,1707966000,1.02,1.04,1,0,0
"DOLAR CCL",1153.96,1168.66,1092.34,1112.9,2024-02-16,1112.9,1708052400,1.04,1.05,0.98,0,0
"DOLAR CCL",1112.9,1144.89,1094.54,1143.92,2024-02-19,1143.92,1708311600,0.97,1,0.96,0,0
"DOLAR CCL",1143.92,1165.44,1111.66,1130.07,2024-02-20,1130.07,1708398000,1.01,1.03,0.98,0,0
"DOLAR CCL",1128.76,1135.43,1112.86,1114.22,2024-02-21,1114.22,1708484400,1.01,1.02,1,0,0
"DOLAR CCL",1120.26,1128.14,1083.35,1094.85,2024-02-22,1094.85,1708570800,1.02,1.03,0.99,0,0
"DOLAR CCL",1094.85,1116.33,1080.86,1114.71,2024-02-23,1114.71,1708657200,0.98,1,0.97,0,0
"DOLAR CCL",1114.71,1127.29,1070.26,1098.25,2024-02-26,1098.25,1708916400,1.01,1.03,0.97,0,0
"DOLAR CCL",1098.25,1101.64,1085.27,1087.26,2024-02-27,1087.26,1709002800,1.01,1.01,1,0,0
"DOLAR CCL",1087.26,1107.89,1067.8,1072.1,2024-02-28,1072.1,1709089200,1.01,1.03,1,0,0
"DOLAR CCL",1072.1,1089.19,1065.72,1071.73,2024-02-29,1071.73,1709175600,1,1.02,0.99,0,0
"DOLAR CCL",1071.73,1103.33,1070.14,1089.95,2024-03-01,1089.95,1709262000,0.98,1.01,0.98,0,0
"DOLAR CCL",1089.95,1095.42,1052.98,1065.88,2024-03-04,1065.88,1709521200,1.02,1.03,0.99,0,0
"DOLAR CCL",1065.88,1067.29,1039.93,1042.21,2024-03-05,1042.21,1709607600,1.02,1.02,1,0,0
"DOLAR CCL",1042.21,1050.03,1008.73,1022.5,2024-03-06,1022.5,1709694000,1.02,1.03,0.99,0,0
"DOLAR CCL",1022.5,1033.96,1015.88,1029.27,2024-03-07,1029.27,1709780400,0.99,1,0.99,0,0
"DOLAR CCL",1029.27,1049.18,1017.92,1048.98,2024-03-08,1048.98,1709866800,0.98,1,0.97,0,0
"DOLAR CCL",1039.02,1050.15,1019.35,1021.75,2024-03-11,1021.75,1710126000,1.02,1.03,1,0,0
"DOLAR CCL",1019.04,1100.94,1016.68,1067.23,2024-03-12,1067.23,1710212400,0.95,1.03,0.95,0,0
"DOLAR CCL",1060.57,1090.67,1049.61,1053.42,2024-03-13,1053.42,1710298800,1.01,1.04,1,0,0
"DOLAR CCL",1062.81,1066.63,1052.45,1060.45,2024-03-14,1060.45,1710385200,1,1.01,0.99,0,0
"DOLAR CCL",1066.45,1075.78,1051.54,1067.97,2024-03-15,1067.97,1710471600,1,1.01,0.98,0,0
"DOLAR CCL",1068.33,1081.62,1065.94,1080.99,2024-03-18,1080.99,1710730800,0.99,1,0.99,0,0
"DOLAR CCL",1080.63,1086.61,1071.49,1083.6,2024-03-19,1083.6,1710817200,1,1,0.99,0,0
"DOLAR CCL",1084.14,1100.12,1080.9,1097.82,2024-03-20,1097.82,1710903600,0.99,1,0.98,0,0
"DOLAR CCL",1102.81,1109.05,1088.3,1099.02,2024-03-21,1099.02,1710990000,1,1.01,0.99,0,0
"DOLAR CCL",1097.56,1101.4,1090.26,1096.17,2024-03-22,1096.17,1711076400,1,1,0.99,0,0
"DOLAR CCL",1094.91,1099.76,1077.54,1079.64,2024-03-25,1079.64,1711335600,1.01,1.02,1,0,0
"DOLAR CCL",1079.37,1103.05,1073.94,1101.71,2024-03-26,1101.71,1711422000,0.98,1,0.97,0,0
"DOLAR CCL",1092.69,1105.39,1080.46,1085.7,2024-03-27,1085.7,1711508400,1.01,1.02,1,0,0
"DOLAR CCL",1105.62,1106.73,1065.27,1069.53,2024-04-03,1069.53,1712113200,1.03,1.03,1,0,0
"DOLAR CCL",1065.97,1083.31,1050.68,1057.04,2024-04-04,1057.04,1712199600,1.01,1.02,0.99,0,0
"DOLAR CCL",1057.49,1062.93,1021.96,1048.61,2024-04-05,1048.61,1712286000,1.01,1.01,0.97,0,0
"DOLAR CCL",1054.99,1054.99,1029.8,1034.67,2024-04-08,1034.67,1712545200,1.02,1.02,1,0,0
"DOLAR CCL",1031.63,1046.85,1026.02,1046.55,2024-04-09,1046.55,1712631600,0.99,1,0.98,0,0
"DOLAR CCL",1057.71,1062.47,1036.43,1045.49,2024-04-10,1045.49,1712718000,1.01,1.02,0.99,0,0
"DOLAR CCL",1043.18,1051.78,1040.69,1048.9,2024-04-11,1048.9,1712804400,0.99,1,0.99,0,0
"DOLAR CCL",1052.82,1058.8,1046.56,1047.36,2024-04-12,1047.36,1712890800,1.01,1.01,1,0,0
"DOLAR CCL",1039.51,1076.62,1038.63,1074.13,2024-04-15,1074.13,1713150000,0.97,1,0.97,0,0
"DOLAR CCL",1072.2,1082.72,1066.71,1075.44,2024-04-16,1075.44,1713236400,1,1.01,0.99,0,0
"DOLAR CCL",1069.64,1085.31,1058.31,1062.34,2024-04-17,1062.34,1713322800,1.01,1.02,1,0,0
"DOLAR CCL",1059.8,1071.43,1048.47,1065.74,2024-04-18,1065.74,1713409200,0.99,1.01,0.98,0,0
"DOLAR CCL",1062.76,1069.65,1058.11,1068.81,2024-04-19,1068.81,1713495600,0.99,1,0.99,0,0
"DOLAR CCL",1072.28,1076.41,1055.56,1058.46,2024-04-22,1058.46,1713754800,1.01,1.02,1,0,0
"DOLAR CCL",1061.8,1067.94,1051.57,1051.95,2024-04-23,1051.95,1713841200,1.01,1.02,1,0,0
"DOLAR CCL",1064.23,1064.23,1049.21,1053.98,2024-04-24,1053.98,1713927600,1.01,1.01,1,0,0
"DOLAR CCL",1041.79,1083.23,1040.96,1081.23,2024-04-25,1081.23,1714014000,0.96,1,0.96,0,0
"DOLAR CCL",1082.19,1094.82,1078.52,1085.07,2024-04-26,1085.07,1714100400,1,1.01,0.99,0,0
"DOLAR CCL",1083.58,1093.27,1079.68,1090.83,2024-04-29,1090.83,1714359600,0.99,1,0.99,0,0
"DOLAR CCL",1082.45,1101.71,1077.8,1091.95,2024-04-30,1091.95,1714446000,0.99,1.01,0.99,0,0
"DOLAR CCL",1111.29,1122.79,1108.69,1120.38,2024-05-02,1120.38,1714618800,0.99,1,0.99,0,0
"DOLAR CCL",1121.56,1128.3,1108.14,1121.12,2024-05-03,1121.12,1714705200,1,1.01,0.99,0,0
"DOLAR CCL",1121.48,1122.93,1099.32,1108.66,2024-05-06,1108.66,1714964400,1.01,1.01,0.99,0,0
"DOLAR CCL",1109.79,1113.47,1091.23,1094.7,2024-05-07,1094.7,1715050800,1.01,1.02,1,0,0
"DOLAR CCL",1090.78,1098.96,1075.26,1076.45,2024-05-08,1076.45,1715137200,1.01,1.02,1,0,0
"DOLAR CCL",1076.28,1085.37,1073.29,1083.85,2024-05-09,1083.85,1715223600,0.99,1,0.99,0,0
"DOLAR CCL",1081.44,1088.02,1075.89,1078.41,2024-05-10,1078.41,1715310000,1,1.01,1,0,0
"DOLAR CCL",1076.11,1086.1,1071.15,1075.73,2024-05-13,1075.73,1715569200,1,1.01,1,0,0
"DOLAR CCL",1075.48,1087.13,1073.31,1084.51,2024-05-14,1084.51,1715655600,0.99,1,0.99,0,0
"DOLAR CCL",1083.82,1097.79,1083.14,1092.63,2024-05-15,1092.63,1715742000,0.99,1,0.99,0,0
"DOLAR CCL",1091.42,1100.07,1088.49,1099.3,2024-05-16,1099.3,1715828400,0.99,1,0.99,0,0
"DOLAR CCL",1103.22,1106.85,1096.39,1104.04,2024-05-17,1104.04,1715914800,1,1,0.99,0,0
"DOLAR CCL",1107.02,1142.72,1097.81,1142.72,2024-05-20,1142.72,1716174000,0.97,1,0.96,0,0
"DOLAR CCL",1141.99,1199.31,1137.54,1196.31,2024-05-21,1196.31,1716260400,0.95,1,0.95,0,0
"DOLAR CCL",1197.64,1262.99,1195.93,1256.19,2024-05-22,1256.19,1716346800,0.95,1.01,0.95,0,0
"DOLAR CCL",1267.66,1290.51,1229.56,1256.24,2024-05-23,1256.24,1716433200,1.01,1.03,0.98,0,0
"DOLAR CCL",1253.41,1276.17,1216.89,1234.76,2024-05-24,1234.76,1716519600,1.02,1.03,0.99,0,0
"DOLAR CCL",1239.88,1246.53,1217.74,1244.56,2024-05-27,1244.56,1716778800,1,1,0.98,0,0
"DOLAR CCL",1252.84,1260.77,1221.39,1233.95,2024-05-28,1233.95,1716865200,1.02,1.02,0.99,0,0
"DOLAR CCL",1240.87,1244.21,1196.73,1214.34,2024-05-29,1214.34,1716951600,1.02,1.02,0.99,0,0
"DOLAR CCL",1211.79,1219.69,1190.29,1213.09,2024-05-30,1213.09,1717038000,1,1.01,0.98,0,0
"DOLAR CCL",1208.02,1256.32,1172.66,1247.42,2024-05-31,1247.42,1717124400,0.97,1.01,0.94,0,0
"DOLAR CCL",1251.59,1300.02,1244.94,1297.47,2024-06-03,1297.47,1717383600,0.96,1,0.96,0,0
"DOLAR CCL",1290.91,1335.65,1290.91,1311.19,2024-06-04,1311.19,1717470000,0.98,1.02,0.98,0,0
"DOLAR CCL",1312.42,1321.27,1292.06,1304.36,2024-06-05,1304.36,1717556400,1.01,1.01,0.99,0,0
"DOLAR CCL",1304.57,1323.08,1296.45,1296.88,2024-06-06,1296.88,1717642800,1.01,1.02,1,0,0
"DOLAR CCL",1300.94,1313.02,1294.58,1313.02,2024-06-07,1313.02,1717729200,0.99,1,0.99,0,0
"DOLAR CCL",1319.63,1321.34,1295.71,1307.44,2024-06-10,1307.44,1717988400,1.01,1.01,0.99,0,0
"DOLAR CCL",1308.78,1317.7,1298.41,1305.74,2024-06-11,1305.74,1718074800,1,1.01,0.99,0,0
"DOLAR CCL",1308.63,1319.57,1286.5,1301.69,2024-06-12,1301.69,1718161200,1.01,1.01,0.99,0,0
"DOLAR CCL",1306.26,1306.26,1256.18,1274.41,2024-06-13,1274.41,1718247600,1.02,1.02,0.99,0,0
"DOLAR CCL",1288.73,1291.74,1259.36,1267.39,2024-06-14,1267.39,1718334000,1.02,1.02,0.99,0,0
"DOLAR CCL",1265.57,1270.56,1248.39,1263.97,2024-06-18,1263.97,1718679600,1,1.01,0.99,0,0
"DOLAR CCL",1263.97,1301.17,1263.97,1291.63,2024-06-19,1291.63,1718766000,0.98,1.01,0.98,0,0
"DOLAR CCL",1281.3,1322,1273.74,1313.9,2024-06-24,1313.9,1719198000,0.98,1.01,0.97,0,0
"DOLAR CCL",1312.97,1321.12,1308.52,1312.66,2024-06-25,1312.66,1719284400,1,1.01,1,0,0
"DOLAR CCL",1320.83,1345.64,1314.12,1341.33,2024-06-26,1341.33,1719370800,0.98,1,0.98,0,0
"DOLAR CCL",1337.37,1355.23,1334.76,1345.17,2024-06-27,1345.17,1719457200,0.99,1.01,0.99,0,0
"DOLAR CCL",1348.97,1357.58,1339.07,1350.08,2024-06-28,1350.08,1719543600,1,1.01,0.99,0,0
"DOLAR CCL",1342.17,1415.36,1336.85,1412.26,2024-07-01,1412.26,1719802800,0.95,1,0.95,0,0
"DOLAR CCL",1412.26,1457.94,1410.47,1428.27,2024-07-02,1428.27,1719889200,0.99,1.02,0.99,0,0
"DOLAR CCL",1428.72,1432.74,1373.85,1394.4,2024-07-03,1394.4,1719975600,1.02,1.03,0.99,0,0
"DOLAR CCL",1394.4,1405.34,1373.4,1398.43,2024-07-04,1398.43,1720062000,1,1,0.98,0,0
"DOLAR CCL",1398.65,1413.14,1390.63,1391.94,2024-07-05,1391.94,1720148400,1,1.02,1,0,0
"DOLAR CCL",1400.95,1408.52,1382.93,1386.59,2024-07-08,1386.59,1720407600,1.01,1.02,1,0,0
"DOLAR CCL",1395.35,1401.17,1368.14,1390.66,2024-07-10,1390.66,1720580400,1,1.01,0.98,0,0
"DOLAR CCL",1395.77,1417.53,1382.28,1414.42,2024-07-11,1414.42,1720666800,0.99,1,0.98,0,0
"DOLAR CCL",1400.11,1436.83,1398.9,1428.57,2024-07-12,1428.57,1720753200,0.98,1.01,0.98,0,0
"DOLAR CCL",1426.11,1427.45,1302.78,1306.97,2024-07-15,1306.97,1721012400,1.09,1.09,1,0,0
"DOLAR CCL",1304.09,1305.73,1253.32,1285.59,2024-07-16,1285.59,1721098800,1.01,1.02,0.97,0,0
"DOLAR CCL",1280.41,1319.83,1273.8,1309.23,2024-07-17,1309.23,1721185200,0.98,1.01,0.97,0,0
"DOLAR CCL",1313.26,1332.64,1304.83,1332.64,2024-07-18,1332.64,1721271600,0.99,1,0.98,0,0
"DOLAR CCL",1334.69,1337.2,1317.61,1328.69,2024-07-19,1328.69,1721358000,1,1.01,0.99,0,0
"DOLAR CCL",1337.08,1345.19,1323.01,1329.71,2024-07-22,1329.71,1721617200,1.01,1.01,0.99,0,0
"DOLAR CCL",1308.49,1344.46,1308.19,1337.36,2024-07-23,1337.36,1721703600,0.98,1.01,0.98,0,0
"DOLAR CCL",1337.57,1348.24,1328.94,1335.28,2024-07-24,1335.28,1721790000,1,1.01,1,0,0
"DOLAR CCL",1326.01,1345.97,1318.45,1330.03,2024-07-25,1330.03,1721876400,1,1.01,0.99,0,0
"DOLAR CCL",1323.72,1336.09,1307.43,1318.05,2024-07-26,1318.05,1721962800,1,1.01,0.99,0,0
"DOLAR CCL",1327.15,1328.05,1286.89,1294.33,2024-07-29,1294.33,1722222000,1.03,1.03,0.99,0,0
"DOLAR CCL",1298.02,1298.02,1258.77,1265.14,2024-07-30,1265.14,1722308400,1.03,1.03,0.99,0,0
"DOLAR CCL",1268.71,1289.45,1209.71,1284.84,2024-07-31,1284.84,1722394800,0.99,1,0.94,0,0
"DOLAR CCL",1281,1317.55,1280.9,1302.24,2024-08-01,1302.24,1722481200,0.98,1.01,0.98,0,0
"DOLAR CCL",1275.77,1327.75,1272.1,1321.58,2024-08-02,1321.58,1722567600,0.97,1,0.96,0,0
"DOLAR CCL",1331.86,1355.27,1322.44,1338.11,2024-08-05,1338.11,1722826800,1,1.01,0.99,0,0
"DOLAR CCL",1334.38,1345.05,1323.91,1340.93,2024-08-06,1340.93,1722913200,1,1,0.99,0,0
"DOLAR CCL",1342.7,1342.7,1318.85,1327.42,2024-08-07,1327.42,1722999600,1.01,1.01,0.99,0,0
"DOLAR CCL",1333.55,1333.55,1305.17,1311.29,2024-08-08,1311.29,1723086000,1.02,1.02,1,0,0
"DOLAR CCL",1316.27,1323.84,1291.12,1297.68,2024-08-09,1297.68,1723172400,1.01,1.02,0.99,0,0
"DOLAR CCL",1305.38,1305.67,1279.7,1281.72,2024-08-12,1281.72,1723431600,1.02,1.02,1,0,0
"DOLAR CCL",1267.16,1267.16,1267.16,1267.16,2024-08-13,1267.16,1723518000,1,1,1,0,0
"DOLAR CCL",1268.59,1268.59,1268.59,1268.59,2024-08-14,1268.59,1723604400,1,1,1,0,0
"DOLAR CCL",1276.4,1276.4,1276.4,1276.4,2024-08-15,1276.4,1723690800,1,1,1,0,0
"DOLAR CCL",1291.92,1291.92,1291.92,1291.92,2024-08-16,1291.92,1723777200,1,1,1,0,0
"DOLAR CCL",1291.92,1302.84,1283.4,1286.6,2024-08-19,1286.6,1724036400,1,1.01,1,0,0
"DOLAR CCL",1290,1290,1290,1290,2024-08-20,1290,1724122800,1,1,1,0,0
"DOLAR CCL",1286.47,1286.47,1286.47,1286.47,2024-08-21,1286.47,1724209200,1,1,1,0,0
"DOLAR CCL",1283.89,1300.81,1283.89,1285.52,2024-08-22,1285.52,1724295600,1,1.01,1,0,0
"DOLAR CCL",1285.89,1297.02,1281.59,1286,2024-08-23,1286,1724382000,1,1.01,1,0,0
"DOLAR CCL",1282.97,1293.86,1280.86,1289.88,2024-08-26,1289.88,1724641200,0.99,1,0.99,0,0
"DOLAR CCL",1284.62,1300.22,1278.69,1293.71,2024-08-27,1293.71,1724727600,0.99,1.01,0.99,0,0
"DOLAR CCL",1294.16,1304.83,1279.99,1292.68,2024-08-28,1292.68,1724814000,1,1.01,0.99,0,0
"DOLAR CCL",1297.93,1302.32,1283.93,1289.04,2024-08-29,1289.04,1724900400,1.01,1.01,1,0,0
"DOLAR CCL",1288.5,1302.7,1274.24,1298.81,2024-08-30,1298.81,1724986800,0.99,1,0.98,0,0
"DOLAR CCL",1298.81,1309.16,1290.19,1295.36,2024-09-02,1295.36,1725246000,1,1.01,1,0,0
"DOLAR CCL",1296.44,1314.44,1292.24,1302.9,2024-09-03,1302.9,1725332400,1,1.01,0.99,0,0
"DOLAR CCL",1297.93,1313.18,1289.59,1293.76,2024-09-04,1293.76,1725418800,1,1.02,1,0,0
"DOLAR CCL",1298.41,1302.1,1268.97,1271.6,2024-09-05,1271.6,1725505200,1.02,1.02,1,0,0
"DOLAR CCL",1268.75,1283.98,1251.4,1258.08,2024-09-06,1258.08,1725591600,1.01,1.02,0.99,0,0
"DOLAR CCL",1255.96,1263.89,1230.99,1245.65,2024-09-09,1245.65,1725850800,1.01,1.01,0.99,0,0
"DOLAR CCL",1243.83,1253.23,1236.02,1249.13,2024-09-10,1249.13,1725937200,1,1,0.99,0,0
"DOLAR CCL",1258.45,1263.52,1243.46,1245.08,2024-09-11,1245.08,1726023600,1.01,1.01,1,0,0
"DOLAR CCL",1244.03,1260,1244.03,1260,2024-09-12,1260,1726110000,0.99,1,0.99,0,0
"DOLAR CCL",1271.7,1273.05,1245.27,1253.33,2024-09-13,1253.33,1726196400,1.01,1.02,0.99,0,0
"DOLAR CCL",1239.21,1244.8,1231.87,1244.8,2024-09-16,1244.8,1726455600,1,1,0.99,0,0
"DOLAR CCL",1241.3,1241.3,1241.3,1241.3,2024-09-17,1241.3,1726542000,1,1,1,0,0
"DOLAR CCL",1233.45,1233.45,1233.45,1233.45,2024-09-18,1233.45,1726628400,1,1,1,0,0
"DOLAR CCL",1217.79,1217.79,1217.79,1217.79,2024-09-19,1217.79,1726714800,1,1,1,0,0
"DOLAR CCL",1219.64,1219.64,1219.64,1219.64,2024-09-20,1219.64,1726801200,1,1,1,0,0
"DOLAR CCL",1226.82,1226.82,1226.82,1226.82,2024-09-23,1226.82,1727060400,1,1,1,0,0
"DOLAR CCL",1223.19,1223.19,1223.19,1223.19,2024-09-24,1223.19,1727146800,1,1,1,0,0
"DOLAR CCL",1228.13,1228.13,1228.13,1228.13,2024-09-25,1228.13,1727233200,1,1,1,0,0
"DOLAR CCL",1237.05,1238.36,1220.2,1227.24,2024-09-26,1227.24,1727319600,1.01,1.01,0.99,0,0
"DOLAR CCL",1218.96,1236.97,1218.03,1232.76,2024-09-27,1232.76,1727406000,0.99,1,0.99,0,0
"DOLAR CCL",1228.83,1243.91,1217.48,1243.74,2024-09-30,1243.74,1727665200,0.99,1,0.98,0,0
"DOLAR CCL",1238.91,1250.43,1233.63,1246.34,2024-10-01,1246.34,1727751600,0.99,1,0.99,0,0
"DOLAR CCL",1261.47,1264.86,1233.87,1233.98,2024-10-02,1233.98,1727838000,1.02,1.03,1,0,0
"DOLAR CCL",1231.92,1231.92,1231.92,1231.92,2024-10-03,1231.92,1727924400,1,1,1,0,0
"DOLAR CCL",1225.59,1225.59,1225.59,1225.59,2024-10-04,1225.59,1728010800,1,1,1,0,0
"DOLAR CCL",1217.21,1217.21,1217.21,1217.21,2024-10-07,1217.21,1728270000,1,1,1,0,0
"DOLAR CCL",1210.61,1210.61,1210.61,1210.61,2024-10-08,1210.61,1728356400,1,1,1,0,0
"DOLAR CCL",1191.25,1191.25,1191.25,1191.25,2024-10-09,1191.25,1728442800,1,1,1,0,0
"DOLAR CCL",1192.45,1204.58,1176.9,1176.9,2024-10-10,1176.9,1728529200,1.01,1.02,1,0,0
"DOLAR CCL",1168.38,1184.8,1165.46,1181.76,2024-10-14,1181.76,1728874800,0.99,1,0.99,0,0
"DOLAR CCL",1181.09,1185.82,1171.88,1179.98,2024-10-15,1179.98,1728961200,1,1,0.99,0,0
"DOLAR CCL",1182.17,1191.83,1173.12,1190.31,2024-10-16,1190.31,1729047600,0.99,1,0.99,0,0
"DOLAR CCL",0,0,0,1180,2024-10-17,1180,1729134000,0,0,0,0,0
"DOLAR CCL",0,0,0,1195,2024-10-18,1195,1729220400,0,0,0,0,0
"DOLAR CCL",1194.37,1202.37,1190.05,1195.1,2024-10-21,1195.1,1729479600,1,1.01,1,0,0
"DOLAR CCL",1202.38,1202.72,1186.62,1195.1,2024-10-22,1195.1,1729566000,1.01,1.01,0.99,0,0
"DOLAR CCL",1223.29,1229.99,1183.65,1183.65,2024-10-23,1183.65,1729652400,1.03,1.04,1,0,0
"DOLAR CCL",1191.53,1193.21,1176.84,1179.42,2024-10-24,1179.42,1729738800,1.01,1.01,1,0,0
"DOLAR CCL",1173.49,1185.87,1162.62,1163.7,2024-10-25,1163.7,1729825200,1.01,1.02,1,0,0
"DOLAR CCL",1156.44,1171.32,1153.73,1154.94,2024-10-28,1154.94,1730084400,1,1.01,1,0,0
"DOLAR CCL",1167.02,1167.02,1146.6,1155.43,2024-10-29,1155.43,1730170800,1.01,1.01,0.99,0,0
"DOLAR CCL",1156.14,1166.02,1150.03,1158.6,2024-10-30,1158.6,1730257200,1,1.01,0.99,0,0
"DOLAR CCL",1159.3,1166.27,1148.48,1157.94,2024-10-31,1157.94,1730343600,1,1.01,0.99,0,0
"DOLAR CCL",1153.26,1180.21,1149.07,1176.74,2024-11-01,1176.74,1730430000,0.98,1,0.98,0,0
"DOLAR CCL",1176.74,1186.36,1172.86,1176.85,2024-11-04,1176.85,1730689200,1,1.01,1,0,0
"DOLAR CCL",1176.85,1186.45,1174.93,1181.73,2024-11-05,1181.73,1730775600,1,1,0.99,0,0
"DOLAR CCL",1181.73,1214.05,1153.05,1167.58,2024-11-06,1167.58,1730862000,1.01,1.04,0.99,0,0
"DOLAR CCL",1167.58,1181.32,1158.33,1166.35,2024-11-07,1166.35,1730948400,1,1.01,0.99,0,0
"DOLAR CCL",1166.35,1184.02,1144.87,1159.65,2024-11-08,1159.65,1731034800,1.01,1.02,0.99,0,0
"DOLAR CCL",1159.65,1164.21,1142.05,1162.01,2024-11-11,1162.01,1731294000,1,1,0.98,0,0
"DOLAR CCL",1159.85,1164.95,1155.36,1164.95,2024-11-12,1164.95,1731380400,1,1,0.99,0,0
"DOLAR CCL",1164.95,1170.89,1150.95,1156.75,2024-11-13,1156.75,1731466800,1.01,1.01,0.99,0,0
"DOLAR CCL",1156.75,1162.7,1139.35,1157.07,2024-11-14,1157.07,1731553200,1,1,0.98,0,0
"DOLAR CCL",1157.07,1157.07,1130.38,1134.15,2024-11-15,1134.15,1731639600,1.02,1.02,1,0,0
"DOLAR CCL",1131.59,1141.69,1104.41,1104.41,2024-11-19,1104.41,1731985200,1.02,1.03,1,0,0
"DOLAR CCL",1104.41,1118.39,1101.71,1111.29,2024-11-20,1111.29,1732071600,0.99,1.01,0.99,0,0
"DOLAR CCL",1111.29,1116.72,1101.84,1111.59,2024-11-21,1111.59,1732158000,1,1,0.99,0,0
"DOLAR CCL",1111.59,1125.31,1102.68,1106.85,2024-11-22,1106.85,1732244400,1,1.02,1,0,0
"DOLAR CCL",1106.85,1122.5,1100.09,1104.77,2024-11-25,1104.77,1732503600,1,1.02,1,0,0
"DOLAR CCL",1104.77,1110.72,1101.46,1107.67,2024-11-26,1107.67,1732590000,1,1,0.99,0,0
"DOLAR CCL",1107.67,1115.41,1100.13,1105.85,2024-11-27,1105.85,1732676400,1,1.01,0.99,0,0
"DOLAR CCL",1105.85,1117.49,1098.09,1107.79,2024-11-28,1107.79,1732762800,1,1.01,0.99,0,0
"DOLAR CCL",1107.79,1113.23,1096.01,1109.94,2024-11-29,1109.94,1732849200,1,1,0.99,0,0
"DOLAR CCL",1109.94,1111.5,1092.82,1099.42,2024-12-02,1099.42,1733108400,1.01,1.01,0.99,0,0
"DOLAR CCL",1099.76,1107.92,1087.98,1107.92,2024-12-03,1107.92,1733194800,0.99,1,0.98,0,0
"DOLAR CCL",1107.92,1112.13,1092.18,1101.11,2024-12-04,1101.11,1733281200,1.01,1.01,0.99,0,0
"DOLAR CCL",1101.11,1109.15,1083.33,1088.68,2024-12-05,1088.68,1733367600,1.01,1.02,1,0,0
"DOLAR CCL",1088.68,1098.62,1064.68,1075.48,2024-12-06,1075.48,1733454000,1.01,1.02,0.99,0,0
"DOLAR CCL",1075.48,1079.48,1058.68,1072.28,2024-12-09,1072.28,1733713200,1,1.01,0.99,0,0
"DOLAR CCL",1072.28,1079.75,1060.5,1074.95,2024-12-10,1074.95,1733799600,1,1,0.99,0,0
"DOLAR CCL",1074.95,1082.23,1063.2,1071.6,2024-12-11,1071.6,1733886000,1,1.01,0.99,0,0
"DOLAR CCL",1071.6,1079.08,1058.09,1067.12,2024-12-12,1067.12,1733972400,1,1.01,0.99,0,0
"DOLAR CCL",1068.96,1095.31,1068.96,1095.31,2024-12-13,1095.31,1734058800,0.98,1,0.98,0,0
"DOLAR CCL",1095.14,1122.06,1077.31,1119.1,2024-12-16,1119.1,1734318000,0.98,1,0.96,0,0
"DOLAR CCL",1119.1,1155.27,1109.11,1151.42,2024-12-17,1151.42,1734404400,0.97,1,0.96,0,0
"DOLAR CCL",1182.97,1204.65,1150.4,1163.48,2024-12-18,1163.48,1734490800,1.02,1.04,0.99,0,0
"DOLAR CCL",1163.48,1172.87,1146.02,1160.93,2024-12-19,1160.93,1734577200,1,1.01,0.99,0,0
"DOLAR CCL",1160.93,1168.8,1142.91,1167.07,2024-12-20,1167.07,1734663600,0.99,1,0.98,0,0
"DOLAR CCL",1167.07,1176.73,1158.86,1166.24,2024-12-23,1166.24,1734922800,1,1.01,0.99,0,0
"DOLAR CCL",1166.24,1183.11,1166.24,1173.62,2024-12-24,1173.62,1735009200,0.99,1.01,0.99,0,0
"DOLAR CCL",1173.62,1192.28,1171.69,1188.67,2024-12-26,1188.67,1735182000,0.99,1,0.99,0,0
"DOLAR CCL",1188.67,1205.11,1173.41,1182.95,2024-12-27,1182.95,1735268400,1,1.02,0.99,0,0
"DOLAR CCL",1182.95,1202.9,1174.94,1186.93,2024-12-30,1186.93,1735527600,1,1.01,0.99,0,0
"DOLAR CCL",1182.54,1197.72,1169.67,1174.4,2025-01-02,1174.4,1735786800,1.01,1.02,1,0,0
"DOLAR CCL",1174.4,1188.55,1172.22,1184.21,2025-01-03,1184.21,1735873200,0.99,1,0.99,0,0
"DOLAR CCL",1177.82,1188.61,1175.22,1186.07,2025-01-06,1186.07,1736132400,0.99,1,0.99,0,0
"DOLAR CCL",1186.07,1195.24,1178.44,1185.49,2025-01-07,1185.49,1736218800,1,1.01,0.99,0,0
"DOLAR CCL",1185.49,1195.26,1179.67,1184.98,2025-01-08,1184.98,1736305200,1,1.01,1,0,0
"DOLAR CCL",1184.98,1195.11,1170.8,1184.98,2025-01-09,1184.98,1736391600,1,1.01,0.99,0,0
"DOLAR CCL",1184.98,1201.63,1184.98,1187.16,2025-01-10,1187.16,1736478000,1,1.01,1,0,0
"DOLAR CCL",1187.16,1202.47,1187.16,1196.27,2025-01-13,1196.27,1736737200,0.99,1.01,0.99,0,0
"DOLAR CCL",1196.27,1198.3,1185.66,1188.75,2025-01-14,1188.75,1736823600,1.01,1.01,1,0,0
"DOLAR CCL",1188.75,1197.28,1183.62,1193.95,2025-01-15,1193.95,1736910000,1,1,0.99,0,0
"DOLAR CCL",1193.95,1195.97,1180.06,1180.72,2025-01-16,1180.72,1736996400,1.01,1.01,1,0,0
"DOLAR CCL",1180.72,1195.15,1180.72,1188.01,2025-01-17,1188.01,1737082800,0.99,1.01,0.99,0,0
"DOLAR CCL",1188.01,1203.95,1188.01,1195.98,2025-01-20,1195.98,1737342000,0.99,1.01,0.99,0,0
"DOLAR CCL",1195.98,1203.95,1183.14,1187.52,2025-01-21,1187.52,1737428400,1.01,1.01,1,0,0
"DOLAR CCL",1187.52,1195,1183.03,1189.71,2025-01-22,1189.71,1737514800,1,1,0.99,0,0
"DOLAR CCL",1189.71,1196.68,1181.25,1188.44,2025-01-23,1188.44,1737601200,1,1.01,0.99,0,0
"DOLAR CCL",1188.44,1192.51,1134.52,1162.79,2025-01-24,1162.79,1737687600,1.02,1.03,0.98,0,0
"DOLAR CCL",1162.79,1191.05,1158.18,1178.17,2025-01-27,1178.17,1737946800,0.99,1.01,0.98,0,0
"DOLAR CCL",1178.17,1181.66,1162.52,1176.64,2025-01-28,1176.64,1738033200,1,1,0.99,0,0
"DOLAR CCL",1176.26,1186.28,1168.52,1183.75,2025-01-29,1183.75,1738119600,0.99,1,0.99,0,0
"DOLAR CCL",1183.75,1189.72,1171.38,1178.77,2025-01-30,1178.77,1738206000,1,1.01,0.99,0,0
"DOLAR CCL",1178.77,1190.48,1174.86,1185.41,2025-01-31,1185.41,1738292400,0.99,1,0.99,0,0
"DOLAR CCL",1185.41,1197.25,1169.66,1195.74,2025-02-03,1195.74,1738551600,0.99,1,0.98,0,0
"DOLAR CCL",1195.74,1201.73,1181.55,1198.74,2025-02-04,1198.74,1738638000,1,1,0.99,0,0
"DOLAR CCL",1198.74,1206.8,1194.75,1200.1,2025-02-05,1200.1,1738724400,1,1.01,1,0,0
"DOLAR CCL",1200.1,1215.94,1190.76,1199.49,2025-02-06,1199.49,1738810800,1,1.01,0.99,0,0
"DOLAR CCL",1199.49,1206.07,1194.39,1202.22,2025-02-07,1202.22,1738897200,1,1,0.99,0,0
"DOLAR CCL",1202.22,1208.1,1183.19,1183.19,2025-02-10,1183.19,1739156400,1.02,1.02,1,0,0
"DOLAR CCL",1183.19,1245.16,1183.19,1185.28,2025-02-11,1185.28,1739242800,1,1.05,1,0,0
"DOLAR CCL",1185.28,1204.42,1176.04,1184.33,2025-02-12,1184.33,1739329200,1,1.02,0.99,0,0
"DOLAR CCL",1184.33,1211.61,1184.33,1188.85,2025-02-13,1188.85,1739415600,1,1.02,1,0,0
"DOLAR CCL",1188.85,1203.24,1187.05,1197.91,2025-02-14,1197.91,1739502000,0.99,1,0.99,0,0
"DOLAR CCL",1197.91,1216.06,1196.09,1210.61,2025-02-17,1210.61,1739761200,0.99,1,0.99,0,0
"DOLAR CCL",1210.61,1222,1192.46,1212.89,2025-02-18,1212.89,1739847600,1,1.01,0.98,0,0
"DOLAR CCL",1212.89,1221.31,1207.38,1207.72,2025-02-19,1207.72,1739934000,1,1.01,1,0,0
"DOLAR CCL",1207.72,1219.34,1202.37,1211.81,2025-02-20,1211.81,1740020400,1,1.01,0.99,0,0
"DOLAR CCL",1211.81,1222.1,1204.24,1219.34,2025-02-21,1219.34,1740106800,0.99,1,0.99,0,0
"DOLAR CCL",1211.81,1217.61,1206.8,1212.99,2025-02-24,1212.99,1740366000,1,1,0.99,0,0
"DOLAR CCL",1212.99,1222.25,1208.21,1208.21,2025-02-25,1208.21,1740452400,1,1.01,1,0,0
"DOLAR CCL",1208.21,1219.99,1204.71,1219.99,2025-02-26,1219.99,1740538800,0.99,1,0.99,0,0
"DOLAR CCL",1219.99,1225.11,1202.33,1224.07,2025-02-27,1224.07,1740625200,1,1,0.98,0,0
"DOLAR CCL",1224.07,1236.42,1218.18,1219.98,2025-02-28,1219.98,1740711600,1,1.01,1,0,0
"DOLAR CCL",1237.71,1241.44,1211,1241.44,2025-03-05,1241.44,1741143600,1,1,0.98,0,0
"DOLAR CCL",1241.44,1245.16,1227.17,1227.65,2025-03-06,1227.65,1741230000,1.01,1.01,1,0,0
"DOLAR CCL",1227.65,1245.72,1215.81,1219.73,2025-03-07,1219.73,1741316400,1.01,1.02,1,0,0
"DOLAR CCL",1207.22,1234.59,1206.88,1231.63,2025-03-10,1231.63,1741575600,0.98,1,0.98,0,0
"DOLAR CCL",1231.63,1234.11,1217.63,1226.42,2025-03-11,1226.42,1741662000,1,1.01,0.99,0,0
"DOLAR CCL",1226.42,1240.74,1218.99,1229.63,2025-03-12,1229.63,1741748400,1,1.01,0.99,0,0
"DOLAR CCL",1226.99,1239.19,1224.5,1233.48,2025-03-13,1233.48,1741834800,0.99,1,0.99,0,0
"DOLAR CCL",1251.82,1251.82,1229.15,1239.88,2025-03-14,1239.88,1741921200,1.01,1.01,0.99,0,0
"DOLAR CCL",1236.66,1257.5,1231.16,1254.99,2025-03-17,1254.99,1742180400,0.99,1,0.98,0,0
"DOLAR CCL",1254.99,1302.61,1254.99,1299.01,2025-03-18,1299.01,1742266800,0.97,1,0.97,0,0
"DOLAR CCL",1299.01,1315.79,1282.84,1291.86,2025-03-19,1291.86,1742353200,1.01,1.02,0.99,0,0
"DOLAR CCL",1288.51,1290.87,1271.4,1283.89,2025-03-20,1283.89,1742439600,1,1.01,0.99,0,0
"DOLAR CCL",1287.96,1304.09,1284.43,1286.95,2025-03-21,1286.95,1742526000,1,1.01,1,0,0
"DOLAR CCL",1280.8,1300.19,1280.8,1297.05,2025-03-25,1297.05,1742871600,0.99,1,0.99,0,0
"DOLAR CCL",1293.67,1310.4,1288.57,1299.63,2025-03-26,1299.63,1742958000,1,1.01,0.99,0,0
"DOLAR CCL",1297.41,1300.24,1286.17,1298.77,2025-03-27,1298.77,1743044400,1,1,0.99,0,0
"DOLAR CCL",1298.77,1316.92,1287.02,1309.15,2025-03-28,1309.15,1743130800,0.99,1.01,0.98,0,0
"DOLAR CCL",1309.15,1335.1,1289.72,1319.46,2025-03-31,1319.46,1743390000,0.99,1.01,0.98,0,0
"DOLAR CCL",1319.46,1326.26,1303.42,1307.92,2025-04-01,1307.92,1743476400,1.01,1.01,1,0,0
"DOLAR CCL",1294.41,1325,1289.44,1320.37,2025-04-03,1320.37,1743649200,0.98,1,0.98,0,0
"DOLAR CCL",1320.37,1349.3,1320.37,1337.05,2025-04-04,1337.05,1743735600,0.99,1.01,0.99,0,0
"DOLAR CCL",1378.65,1389.71,1317.12,1360.25,2025-04-07,1360.25,1743994800,1.01,1.02,0.97,0,0
"DOLAR CCL",1360.25,1379.27,1336.59,1368.39,2025-04-08,1368.39,1744081200,0.99,1.01,0.98,0,0
"DOLAR CCL",1368.39,1400.03,1340.24,1342.03,2025-04-09,1342.03,1744167600,1.02,1.04,1,0,0
"DOLAR CCL",1342.03,1376.49,1334.59,1367.3,2025-04-10,1367.3,1744254000,0.98,1.01,0.98,0,0
"DOLAR CCL",1367.1,1384.96,1313.86,1340.47,2025-04-11,1340.47,1744340400,1.02,1.03,0.98,0,0
"DOLAR CCL",1340.47,1340.47,1214.34,1256.04,2025-04-14,1256.04,1744599600,1.07,1.07,0.97,0,0
"DOLAR CCL",1256.04,1262.75,1231.18,1242,2025-04-15,1242,1744686000,1.01,1.02,0.99,0,0
"DOLAR CCL",1242,1242,1171.88,1177.11,2025-04-16,1177.11,1744772400,1.06,1.06,1,0,0
"DOLAR CCL",1155.82,1157.53,1093.92,1132.46,2025-04-21,1132.46,1745204400,1.02,1.02,0.97,0,0
"DOLAR CCL",1132.46,1161.05,1119.07,1153.59,2025-04-22,1153.59,1745290800,0.98,1.01,0.97,0,0
"DOLAR CCL",1153.59,1197.92,1149.05,1181.79,2025-04-23,1181.79,1745377200,0.98,1.01,0.97,0,0
"DOLAR CCL",1181.79,1217.09,1176.03,1199.67,2025-04-24,1199.67,1745463600,0.99,1.01,0.98,0,0
"DOLAR CCL",1199.67,1211.59,1188.15,1201.15,2025-04-25,1201.15,1745550000,1,1.01,0.99,0,0
"DOLAR CCL",1201.15,1204.84,1176.61,1190.97,2025-04-28,1190.97,1745809200,1.01,1.01,0.99,0,0
"DOLAR CCL",1194.97,1205.01,1182.5,1188.67,2025-04-29,1188.67,1745895600,1.01,1.01,0.99,0,0
"DOLAR CCL",1188.67,1200.99,1182.39,1195.73,2025-04-30,1195.73,1745982000,0.99,1,0.99,0,0
"DOLAR CCL",1191.73,1370.61,1177.73,1278.79,2025-05-02,1278.79,1746154800,0.93,1.07,0.92,0,0
"DOLAR CCL",1210.75,1218.57,1190.64,1211.65,2025-05-05,1211.65,1746414000,1,1.01,0.98,0,0
"DOLAR CCL",1211.65,1223.57,1205.01,1211.31,2025-05-06,1211.31,1746500400,1,1.01,0.99,0,0
"DOLAR CCL",1211.31,1211.31,1151.11,1165.4,2025-05-07,1165.4,1746586800,1.04,1.04,0.99,0,0
"DOLAR CCL",1165.4,1170.57,1143.13,1157.44,2025-05-08,1157.44,1746673200,1.01,1.01,0.99,0,0
"DOLAR CCL",1162.01,1167.07,1137.64,1159.25,2025-05-09,1159.25,1746759600,1,1.01,0.98,0,0
"DOLAR CCL",1159.25,1182.21,1144.4,1155.98,2025-05-12,1155.98,1747018800,1,1.02,0.99,0,0
"DOLAR CCL",1155.98,1158.88,1147.15,1158.28,2025-05-13,1158.28,1747105200,1,1,0.99,0,0
"DOLAR CCL",1162.59,1166.04,1157.73,1166.04,2025-05-15,1166.04,1747278000,1,1,0.99,0,0
"DOLAR CCL",1161.61,1178.82,1159.83,1178.82,2025-05-16,1178.82,1747364400,0.99,1,0.98,0,0
"DOLAR CCL",1177.41,1179.87,1155,1162.59,2025-05-19,1162.59,1747623600,1.01,1.01,0.99,0,0
"DOLAR CCL",1166.99,1172.69,1161.78,1171.71,2025-05-20,1171.71,1747710000,1,1,0.99,0,0
"DOLAR CCL",1170.84,1170.84,1158.02,1162.14,2025-05-21,1162.14,1747796400,1.01,1.01,1,0,0
"DOLAR CCL",1160.59,1168.59,1153.71,1163.2,2025-05-22,1163.2,1747882800,1,1,0.99,0,0
"DOLAR CCL",1163.24,1165.45,1153.47,1165.18,2025-05-23,1165.18,1747969200,1,1,0.99,0,0
"DOLAR CCL",1170.41,1170.41,1149.51,1151.25,2025-05-26,1151.25,1748228400,1.02,1.02,1,0,0
"DOLAR CCL",1158.18,1177.7,1156.44,1171.98,2025-05-27,1171.98,1748314800,0.99,1,0.99,0,0
"DOLAR CCL",1177.17,1179.41,1169.25,1175.33,2025-05-28,1175.33,1748401200,1,1,0.99,0,0
"DOLAR CCL",1185.94,1195.84,1178.88,1194.22,2025-05-29,1194.22,1748487600,0.99,1,0.99,0,0
"DOLAR CCL",1190.97,1216.03,1190.97,1204.92,2025-05-30,1204.92,1748574000,0.99,1.01,0.99,0,0
"DOLAR CCL",1204.21,1204.21,1185.66,1196.18,2025-06-02,1196.18,1748833200,1.01,1.01,0.99,0,0
"DOLAR CCL",1196.17,1200.56,1185.51,1199.76,2025-06-03,1199.76,1748919600,1,1,0.99,0,0
"DOLAR CCL",1199.35,1203.48,1189.64,1201.49,2025-06-04,1201.49,1749006000,1,1,0.99,0,0
"DOLAR CCL",1201.49,1209.45,1191.57,1193.41,2025-06-05,1193.41,1749092400,1.01,1.01,1,0,0
"DOLAR CCL",1197.57,1200.94,1192.9,1194.81,2025-06-06,1194.81,1749178800,1,1.01,1,0,0
"DOLAR CCL",1194.98,1201.42,1191.56,1198.27,2025-06-09,1198.27,1749438000,1,1,0.99,0,0
"DOLAR CCL",1196.44,1201.79,1187.77,1193.85,2025-06-10,1193.85,1749524400,1,1.01,0.99,0,0
"DOLAR CCL",1193.29,1198.18,1188.08,1193.28,2025-06-11,1193.28,1749610800,1,1,1,0,0
"DOLAR CCL",1193.28,1197.58,1186.85,1187.02,2025-06-12,1187.02,1749697200,1.01,1.01,1,0,0
"DOLAR CCL",1188.65,1207.46,1184.92,1205.65,2025-06-13,1205.65,1749783600,0.99,1,0.98,0,0
"DOLAR CCL",1185.73,1206.72,1185.73,1204.75,2025-06-17,1204.75,1750129200,0.98,1,0.98,0,0
"DOLAR CCL",1179.99,1179.99,1157.51,1172.16,2025-06-18,1172.16,1750215600,1.01,1.01,0.99,0,0
"DOLAR CCL",1168.55,1175.77,1157.71,1157.71,2025-06-19,1157.71,1750302000,1.01,1.02,1,0,0
"DOLAR CCL",1170.07,1194.42,1163.79,1182.97,2025-06-23,1182.97,1750647600,0.99,1.01,0.98,0,0
"DOLAR CCL",1188.09,1196.87,1180.82,1183.95,2025-06-24,1183.95,1750734000,1,1.01,1,0,0
"DOLAR CCL",1192.18,1204.06,1179.38,1199.2,2025-06-25,1199.2,1750820400,0.99,1,0.98,0,0
"DOLAR CCL",1193.46,1212.42,1193.46,1200.16,2025-06-26,1200.16,1750906800,0.99,1.01,0.99,0,0
"DOLAR CCL",1203.74,1207.5,1192.93,1203.26,2025-06-27,1203.26,1750993200,1,1,0.99,0,0
"DOLAR CCL",1205.72,1219.25,1196.83,1210.25,2025-06-30,1210.25,1751252400,1,1.01,0.99,0,0
"DOLAR CCL",1208.21,1240.06,1207.78,1233.08,2025-07-01,1233.08,1751338800,0.98,1.01,0.98,0,0
"DOLAR CCL",1244.76,1250,1233.81,1235.72,2025-07-02,1235.72,1751425200,1.01,1.01,1,0,0
"DOLAR CCL",1241.51,1245.05,1228.45,1242.12,2025-07-03,1242.12,1751511600,1,1,0.99,0,0
"DOLAR CCL",1250.88,1257.88,1240.36,1249.12,2025-07-04,1249.12,1751598000,1,1.01,0.99,0,0
"DOLAR CCL",1249.12,1283.32,1240.34,1279.75,2025-07-07,1279.75,1751857200,0.98,1,0.97,0,0
"DOLAR CCL",1279.75,1291.39,1256.58,1261.75,2025-07-08,1261.75,1751943600,1.01,1.02,1,0,0
"DOLAR CCL",1261.75,1282.38,1261.75,1275.55,2025-07-09,1275.55,1752030000,0.99,1.01,0.99,0,0
"DOLAR CCL",1275.55,1280.48,1260.78,1273.83,2025-07-10,1273.83,1752116400,1,1.01,0.99,0,0
"DOLAR CCL",1273.83,1282.19,1265.73,1275.58,2025-07-11,1275.58,1752202800,1,1.01,0.99,0,0
"DOLAR CCL",1275.58,1301.11,1267.23,1295.52,2025-07-14,1295.52,1752462000,0.98,1,0.98,0,0
"DOLAR CCL",1295.52,1305.08,1274.85,1279.56,2025-07-15,1279.56,1752548400,1.01,1.02,1,0,0
"DOLAR CCL",1279.56,1281.36,1254.68,1274,2025-07-16,1274,1752634800,1,1.01,0.98,0,0
"DOLAR CCL",1274,1294.46,1260.53,1285.59,2025-07-17,1285.59,1752721200,0.99,1.01,0.98,0,0
"DOLAR CCL",1285.59,1301,1283.92,1301,2025-07-18,1301,1752807600,0.99,1,0.99,0,0
"DOLAR CCL",1301,1304.35,1281.6,1289.78,2025-07-21,1289.78,1753066800,1.01,1.01,0.99,0,0
"DOLAR CCL",1289.78,1309.11,1257.9,1257.9,2025-07-22,1257.9,1753153200,1.03,1.04,1,0,0
"DOLAR CCL",1257.9,1275.25,1257.71,1266.99,2025-07-23,1266.99,1753239600,0.99,1.01,0.99,0,0
"DOLAR CCL",1266.99,1279.13,1261.72,1277.13,2025-07-24,1277.13,1753326000,0.99,1,0.99,0,0
"DOLAR CCL",1277.13,1293.91,1271.59,1293.91,2025-07-25,1293.91,1753412400,0.99,1,0.98,0,0
"DOLAR CCL",1293.91,1304.66,1284.62,1299.75,2025-07-28,1299.75,1753671600,1,1,0.99,0,0
"DOLAR CCL",1299.75,1309.49,1289.15,1290,2025-07-29,1290,1753758000,1.01,1.02,1,0,0
"DOLAR CCL",1290,1322.31,1288.2,1320,2025-07-30,1320,1753844400,0.98,1,0.98,0,0
"DOLAR CCL",1320,1376.48,1316.36,1358.82,2025-07-31,1358.82,1753930800,0.97,1.01,0.97,0,0
"DOLAR CCL",1358.82,1375.16,1342.21,1366.9,2025-08-01,1366.9,1754017200,0.99,1.01,0.98,0,0
"DOLAR CCL",1366.9,1370.06,1326.97,1361.3,2025-08-04,1361.3,1754276400,1,1.01,0.97,0,0
"DOLAR CCL",1361.3,1362.09,1339.09,1348.66,2025-08-05,1348.66,1754362800,1.01,1.01,0.99,0,0
"DOLAR CCL",1348.66,1348.66,1329.98,1337.94,2025-08-06,1337.94,1754449200,1.01,1.01,0.99,0,0
"DOLAR CCL",1337.94,1348.73,1327.45,1334.66,2025-08-07,1334.66,1754535600,1,1.01,0.99,0,0
"DOLAR CCL",1334.66,1343.53,1326.03,1336.37,2025-08-08,1336.37,1754622000,1,1.01,0.99,0,0
"DOLAR CCL",1336.37,1340.94,1323.97,1328.62,2025-08-11,1328.62,1754881200,1.01,1.01,1,0,0
"DOLAR CCL",1328.62,1332.2,1316.72,1324.07,2025-08-12,1324.07,1754967600,1,1.01,0.99,0,0
"DOLAR CCL",1324.07,1330.58,1314.95,1319.71,2025-08-13,1319.71,1755054000,1,1.01,1,0,0
"DOLAR CCL",1319.9,1325.22,1310.48,1310.48,2025-08-14,1310.48,1755140400,1.01,1.01,1,0,0
"DOLAR CCL",1310.48,1310.48,1294.27,1300.74,2025-08-15,1300.74,1755226800,1.01,1.01,1,0,0
"DOLAR CCL",1301.49,1313.24,1294.53,1304,2025-08-18,1304,1755486000,1,1.01,0.99,0,0
"DOLAR CCL",1303.7,1312.74,1295.45,1305.65,2025-08-19,1305.65,1755572400,1,1.01,0.99,0,0
"DOLAR CCL",1300.3,1333.24,1284.17,1311.61,2025-08-20,1311.61,1755658800,0.99,1.02,0.98,0,0
"DOLAR CCL",1310.11,1324.36,1303.04,1324.36,2025-08-21,1324.36,1755745200,0.99,1,0.98,0,0
"DOLAR CCL",1323.24,1337.39,1319.7,1333.81,2025-08-22,1333.81,1755831600,0.99,1,0.99,0,0
"DOLAR CCL",1331.46,1367.9,1331.46,1361.89,2025-08-25,1361.89,1756090800,0.98,1,0.98,0,0
"DOLAR CCL",1361.89,1367.07,1350.28,1354.94,2025-08-26,1354.94,1756177200,1.01,1.01,1,0,0
"DOLAR CCL",1354.94,1372.89,1353.67,1354.79,2025-08-27,1354.79,1756263600,1,1.01,1,0,0
"DOLAR CCL",1358.42,1362.38,1337.14,1347.64,2025-08-28,1347.64,1756350000,1.01,1.01,0.99,0,0
"DOLAR CCL",1347.64,1360.51,1317.71,1355.27,2025-08-29,1355.27,1756436400,0.99,1,0.97,0,0
"DOLAR CCL",1358.89,1391.51,1358.89,1391.51,2025-09-01,1391.51,1756695600,0.98,1,0.98,0,0
"DOLAR CCL",1375.2,1387.88,1362.91,1372,2025-09-02,1372,1756782000,1,1.01,0.99,0,0
"DOLAR CCL",1372,1383.42,1351.01,1371.58,2025-09-03,1371.58,1756868400,1,1.01,0.99,0,0
"DOLAR CCL",1371.58,1383.6,1367.84,1380.95,2025-09-04,1380.95,1756954800,0.99,1,0.99,0,0
"DOLAR CCL",1380.95,1393.36,1379.12,1390.52,2025-09-05,1390.52,1757041200,0.99,1,0.99,0,0
"DOLAR CCL",1390.52,1470.72,1390.52,1439.27,2025-09-08,1439.27,1757300400,0.97,1.02,0.97,0,0
"DOLAR CCL",1439.27,1452.62,1427.41,1439.73,2025-09-09,1439.73,1757386800,1,1.01,0.99,0,0
"DOLAR CCL",1439.73,1446.12,1413.72,1436.89,2025-09-10,1436.89,1757473200,1,1.01,0.98,0,0
"DOLAR CCL",1436.89,1448.96,1425,1446.32,2025-09-11,1446.32,1757559600,0.99,1,0.99,0,0
"DOLAR CCL",1446.32,1481.87,1446.32,1481.12,2025-09-12,1481.12,1757646000,0.98,1,0.98,0,0
"DOLAR CCL",1481.12,1501.44,1466.2,1500.53,2025-09-15,1500.53,1757905200,0.99,1,0.98,0,0
"DOLAR CCL",1500.53,1500.53,1471.34,1482.49,2025-09-16,1482.49,1757991600,1.01,1.01,0.99,0,0
"DOLAR CCL",1482.49,1500.97,1472.22,1499.85,2025-09-17,1499.85,1758078000,0.99,1,0.98,0,0
"DOLAR CCL",1499.85,1565.28,1491.65,1564.1,2025-09-18,1564.1,1758164400,0.96,1,0.95,0,0
"DOLAR CCL",1564.1,1567.48,1541,1567.06,2025-09-19,1567.06,1758250800,1,1,0.98,0,0
"DOLAR CCL",1567.06,1567.06,1412.01,1440.87,2025-09-22,1440.87,1758510000,1.09,1.09,0.98,0,0
"DOLAR CCL",1440.87,1440.87,1369.12,1415.08,2025-09-23,1415.08,1758596400,1.02,1.02,0.97,0,0
"DOLAR CCL",1415.08,1415.08,1364.11,1391.27,2025-09-24,1391.27,1758682800,1.02,1.02,0.98,0,0
"DOLAR CCL",1391.27,1405.18,1379.98,1403.46,2025-09-25,1403.46,1758769200,0.99,1,0.98,0,0
"DOLAR CCL",1403.46,1475.12,1393.8,1470.23,2025-09-26,1470.23,1758855600,0.95,1,0.95,0,0
"DOLAR CCL",1470.23,1498.4,1462.17,1496.06,2025-09-29,1496.06,1759114800,0.98,1,0.98,0,0
"DOLAR CCL",1496.06,1546.67,1488.49,1541.77,2025-09-30,1541.77,1759201200,0.97,1,0.97,0,0
"DOLAR CCL",1541.77,1584.74,1541.77,1573.08,2025-10-01,1573.08,1759287600,0.98,1.01,0.98,0,0
"DOLAR CCL",1573.08,1586.69,1543.71,1548.41,2025-10-02,1548.41,1759374000,1.02,1.02,1,0,0
"DOLAR CCL",1548.41,1566.57,1518.1,1525.88,2025-10-03,1525.88,1759460400,1.01,1.03,0.99,0,0
"DOLAR CCL",1525.88,1532.28,1509.38,1516.64,2025-10-06,1516.64,1759719600,1.01,1.01,1,0,0
"DOLAR CCL",1516.64,1562.55,1513.62,1560.11,2025-10-07,1560.11,1759806000,0.97,1,0.97,0,0
"DOLAR CCL",1560.11,1566.37,1541.07,1543.41,2025-10-08,1543.41,1759892400,1.01,1.01,1,0,0
"DOLAR CCL",1543.41,1575.17,1453.22,1453.22,2025-10-09,1453.22,1759978800,1.06,1.08,1,0,0
"DOLAR CCL",1453.22,1453.22,1433.14,1438.69,2025-10-10,1438.69,1760065200,1.01,1.01,1,0,0
"DOLAR CCL",1438.69,1440.77,1379.77,1440.12,2025-10-13,1440.12,1760324400,1,1,0.96,0,0
"DOLAR CCL",1440.12,1485.42,1420.26,1475.34,2025-10-14,1475.34,1760410800,0.98,1.01,0.96,0,0
"DOLAR CCL",1475.34,1482.39,1440.35,1461.69,2025-10-15,1461.69,1760497200,1.01,1.01,0.99,0,0
"DOLAR CCL",1461.69,1503.48,1453.21,1491.34,2025-10-16,1491.34,1760583600,0.98,1.01,0.97,0,0
"DOLAR CCL",1491.34,1553.14,1482.27,1543.69,2025-10-17,1543.69,1760670000,0.97,1.01,0.96,0,0
"DOLAR CCL",1543.69,1574.95,1532,1569.99,2025-10-20,1569.99,1760929200,0.98,1,0.98,0,0
"DOLAR CCL",1569.99,1617.21,1511.25,1607.69,2025-10-21,1607.69,1761015600,0.98,1.01,0.94,0,0
"DOLAR CCL",1607.69,1619.25,1594.66,1612.06,2025-10-22,1612.06,1761102000,1,1,0.99,0,0
"DOLAR CCL",1612.06,1612.06,1546.97,1551.33,2025-10-23,1551.33,1761188400,1.04,1.04,1,0,0
"DOLAR CCL",1551.33,1571.27,1533.9,1567.21,2025-10-24,1567.21,1761274800,0.99,1,0.98,0,0
"DOLAR CCL",1567.21,1567.21,1367.81,1459.46,2025-10-27,1459.46,1761534000,1.07,1.07,0.94,0,0
"DOLAR CCL",1459.46,1497.65,1459.46,1485.89,2025-10-28,1485.89,1761620400,0.98,1.01,0.98,0,0
"DOLAR CCL",1485.89,1491.45,1468.79,1487.2,2025-10-29,1487.2,1761706800,1,1,0.99,0,0
"DOLAR CCL",1487.2,1502.56,1479.82,1491.01,2025-10-30,1491.01,1761793200,1,1.01,0.99,0,0
"DOLAR CCL",1491.01,1509.17,1487.24,1506.53,2025-10-31,1506.53,1761879600,0.99,1,0.99,0,0
"DOLAR CCL",1506.53,1535.18,1481.13,1521.99,2025-11-03,1521.99,1762138800,0.99,1.01,0.97,0,0
"DOLAR CCL",1521.99,1552.89,1505.27,1513.25,2025-11-04,1513.25,1762225200,1.01,1.03,0.99,0,0
"DOLAR CCL",1513.25,1523.14,1492.86,1495.4,2025-11-05,1495.4,1762311600,1.01,1.02,1,0,0
"DOLAR CCL",1495.4,1506.73,1486.64,1493.63,2025-11-06,1493.63,1762398000,1,1.01,1,0,0
"DOLAR CCL",1493.63,1520.42,1463.41,1471.3,2025-11-07,1471.3,1762484400,1.02,1.03,0.99,0,0
"DOLAR CCL",1471.3,1482.3,1449.33,1476.89,2025-11-10,1476.89,1762743600,1,1,0.98,0,0
"DOLAR CCL",1476.89,1490.36,1467.63,1476.05,2025-11-11,1476.05,1762830000,1,1.01,0.99,0,0
"DOLAR CCL",1476.05,1478.15,1456.45,1477.42,2025-11-12,1477.42,1762916400,1,1,0.99,0,0
"DOLAR CCL",1477.42,1488.19,1463.43,1486.56,2025-11-13,1486.56,1763002800,0.99,1,0.98,0,0
"DOLAR CCL",1486.56,1500.85,1468.9,1483.98,2025-11-14,1483.98,1763089200,1,1.01,0.99,0,0
"DOLAR CCL",1483.98,1497.33,1475.78,1494.06,2025-11-17,1494.06,1763348400,0.99,1,0.99,0,0
"DOLAR CCL",1494.06,1494.06,1469.89,1471.5,2025-11-18,1471.5,1763434800,1.02,1.02,1,0,0
"DOLAR CCL",1471.5,1483.74,1456.05,1472.37,2025-11-19,1472.37,1763521200,1,1.01,0.99,0,0
"DOLAR CCL",1472.37,1496.76,1462.52,1492.07,2025-11-20,1492.07,1763607600,0.99,1,0.98,0,0
"DOLAR CCL",1492.07,1522.22,1486.45,1502.4,2025-11-21,1502.4,1763694000,0.99,1.01,0.99,0,0
"DOLAR CCL",1502.4,1530.73,1502.4,1509.85,2025-11-24,1509.85,1763953200,1,1.01,1,0,0
"DOLAR CCL",1509.85,1527.93,1499.52,1521.83,2025-11-25,1521.83,1764039600,0.99,1,0.99,0,0
"DOLAR CCL",1521.83,1534.76,1514.94,1532.66,2025-11-26,1532.66,1764126000,0.99,1,0.99,0,0
"DOLAR CCL",1532.66,1532.66,1509.33,1523.74,2025-11-27,1523.74,1764212400,1.01,1.01,0.99,0,0
"DOLAR CCL",1523.74,1531.97,1512.93,1518.74,2025-11-28,1518.74,1764298800,1,1.01,1,0,0
"DOLAR CCL",1518.74,1524.21,1487.96,1496.85,2025-12-01,1496.85,1764558000,1.01,1.02,0.99,0,0
"DOLAR CCL",1496.85,1558.98,1470.19,1519.74,2025-12-02,1519.74,1764644400,0.98,1.03,0.97,0,0
"DOLAR CCL",1519.74,1542.87,1508.5,1508.97,2025-12-03,1508.97,1764730800,1.01,1.02,1,0,0
"DOLAR CCL",1508.97,1518.15,1501.72,1511,2025-12-04,1511,1764817200,1,1,0.99,0,0
"DOLAR CCL",1511,1525.99,1495.53,1512.86,2025-12-05,1512.86,1764903600,1,1.01,0.99,0,0
"DOLAR CCL",1512.86,1523.41,1505.87,1507.47,2025-12-08,1507.47,1765162800,1,1.01,1,0,0
"DOLAR CCL",1507.47,1512.81,1434.66,1508.06,2025-12-09,1508.06,1765249200,1,1,0.95,0,0
"DOLAR CCL",1508.06,1548.01,1455.27,1496.94,2025-12-10,1496.94,1765335600,1.01,1.03,0.97,0,0
"DOLAR CCL",1496.94,1520.75,1496.94,1508.46,2025-12-11,1508.46,1765422000,0.99,1.01,0.99,0,0
"DOLAR CCL",1508.46,1516.42,1481.14,1508.79,2025-12-12,1508.79,1765508400,1,1.01,0.98,0,0
"DOLAR CCL",1508.79,1533.67,1499.79,1528.81,2025-12-15,1528.81,1765767600,0.99,1,0.98,0,0
"DOLAR CCL",1528.81,1552.09,1524.59,1544.69,2025-12-16,1544.69,1765854000,0.99,1,0.99,0,0
"DOLAR CCL",1544.69,1558.52,1538.3,1556.53,2025-12-17,1556.53,1765940400,0.99,1,0.99,0,0
"DOLAR CCL",1556.53,1562.23,1536.38,1552.02,2025-12-18,1552.02,1766026800,1,1.01,0.99,0,0
"DOLAR CCL",1552.02,1555.81,1532.83,1555.81,2025-12-19,1555.81,1766113200,1,1,0.99,0,0
"DOLAR CCL",1555.81,1572.55,1532.91,1542.52,2025-12-22,1542.52,1766372400,1.01,1.02,0.99,0,0
"DOLAR CCL",1542.52,1583.32,1528.09,1530.7,2025-12-23,1530.7,1766458800,1.01,1.03,1,0,0
"DOLAR CCL",1530.7,1545.73,1519.25,1526.89,2025-12-24,1526.89,1766545200,1,1.01,0.99,0,0
"DOLAR CCL",1526.89,1526.89,1526.89,1526.89,2025-12-25,1526.89,1766631600,1,1,1,0,0
"DOLAR CCL",1526.89,1547.57,1442.02,1530.7,2025-12-26,1530.7,1766718000,1,1.01,0.94,0,0
"DOLAR CCL",1530.7,1540.66,1524.52,1527.22,2025-12-29,1527.22,1766977200,1,1.01,1,0,0
"DOLAR CCL",1527.22,1570.31,1515.82,1521.34,2025-12-30,1521.34,1767063600,1,1.03,1,0,0
"DOLAR CCL",1521.34,1525.04,1519.82,1524.82,2025-12-31,1524.82,1767150000,1,1,1,0,0
"DOLAR CCL",1524.82,1524.82,1524.82,1524.82,2026-01-01,1524.82,1767236400,1,1,1,0,0
"DOLAR CCL",1524.82,1587.95,1523.39,1545.86,2026-01-02,1545.86,1767322800,0.99,1.03,0.99,0,0
"DOLAR CCL",1545.86,1569.06,1516.2,1544.75,2026-01-05,1544.75,1767582000,1,1.02,0.98,0,0
"DOLAR CCL",1544.75,1551.32,1532.4,1539.65,2026-01-06,1539.65,1767668400,1,1.01,1,0,0
"DOLAR CCL",1539.65,1552.54,1529.33,1533.17,2026-01-07,1533.17,1767754800,1,1.01,1,0,0
"DOLAR CCL",1533.17,1546.49,1497.7,1530.92,2026-01-08,1530.92,1767841200,1,1.01,0.98,0,0
"DOLAR CCL",1530.92,1541.94,1521.55,1528.86,2026-01-09,1528.86,1767927600,1,1.01,1,0,0
"DOLAR CCL",1528.86,1548.67,1521.31,1528.37,2026-01-12,1528.37,1768186800,1,1.01,1,0,0
"DOLAR CCL",1528.37,1536.88,1516.43,1522.32,2026-01-13,1522.32,1768273200,1,1.01,1,0,0
"DOLAR CCL",1522.32,1537.06,1516.57,1527.86,2026-01-14,1527.86,1768359600,1,1.01,0.99,0,0
"DOLAR CCL",1527.86,1543.04,1494.26,1515.32,2026-01-15,1515.32,1768446000,1.01,1.02,0.99,0,0
"DOLAR CCL",1515.32,1521.83,1500.78,1519.73,2026-01-16,1519.73,1768532400,1,1,0.99,0,0
"DOLAR CCL",1519.73,1529.67,1497.73,1512.63,2026-01-19,1512.63,1768791600,1,1.01,0.99,0,0
"DOLAR CCL",1512.63,1526.86,1483.42,1515,2026-01-20,1515,1768878000,1,1.01,0.98,0,0
"DOLAR CCL",1487.15,1528.22,1483.62,1506.32,2026-01-21,1506.32,1768964400,0.99,1.01,0.98,0,0
"DOLAR CCL",0,0,0,1504.11,2026-01-22,1504.11,1769050800,0,0,0,0,0
"DOLAR CCL",1504.53,1515.78,1476.71,1505.91,2026-01-23,1505.91,1769137200,1,1.01,0.98,0,0
"DOLAR CCL",1507.57,1518.1,1504.59,1516.38,2026-01-26,1516.38,1769396400,0.99,1,0.99,0,0
"DOLAR CCL",1522.46,1522.46,1503.74,1503.74,2026-01-27,1503.74,1769482800,1.01,1.01,1,0,0
"DOLAR CCL",1503.74,1523.84,1496.38,1497.4,2026-01-28,1497.4,1769569200,1,1.02,1,0,0
"DOLAR CCL",1497.4,1518.61,1484.59,1515.25,2026-01-29,1515.25,1769655600,0.99,1,0.98,0,0
"DOLAR CCL",1515.25,1516.41,1488.51,1493.78,2026-01-30,1493.78,1769742000,1.01,1.02,1,0,0
"DOLAR CCL",1493.78,1511.16,1484.16,1494.76,2026-02-02,1494.76,1770001200,1,1.01,0.99,0,0
"DOLAR CCL",1494.76,1500.58,1459.33,1493.04,2026-02-03,1493.04,1770087600,1,1.01,0.98,0,0
"DOLAR CCL",1493.04,1509.95,1462.46,1497.09,2026-02-04,1497.09,1770174000,1,1.01,0.98,0,0
"DOLAR CCL",1497.09,1511.63,1474.14,1506.81,2026-02-05,1506.81,1770260400,0.99,1,0.98,0,0
"DOLAR CCL",1506.81,1515.73,1485.6,1488.04,2026-02-06,1488.04,1770346800,1.01,1.02,1,0,0
"DOLAR CCL",1488.04,1512.08,1474.35,1480.06,2026-02-09,1480.06,1770606000,1.01,1.02,1,0,0
"DOLAR CCL",1481.98,1481.98,1414.01,1477.67,2026-02-10,1477.67,1770692400,1,1,0.96,0,0
"DOLAR CCL",1477.67,1482.23,1442.19,1475.83,2026-02-11,1475.83,1770778800,1,1,0.98,0,0
"DOLAR CCL",1475.83,1481.01,1450.91,1481.01,2026-02-12,1481.01,1770865200,1,1,0.98,0,0
"DOLAR CCL",1481.01,1487.6,1455.06,1473.06,2026-02-13,1473.06,1770951600,1.01,1.01,0.99,0,0
"DOLAR CCL",1473.69,1473.69,1473.5,1473.69,2026-02-16,1473.69,1771210800,1,1,1,0,0
"DOLAR CCL",1473.69,1473.69,1456.84,1457.39,2026-02-17,1457.39,1771297200,1.01,1.01,1,0,0
"DOLAR CCL",1457.39,1476.24,1446.36,1446.72,2026-02-18,1446.72,1771383600,1.01,1.02,1,0,0
"DOLAR CCL",0,0,0,1446.58,2026-02-19,1446.58,1771470000,0,0,0,0,0
"DOLAR CCL",1446.58,1457.36,1430.63,1439.75,2026-02-20,1439.75,1771556400,1,1.01,0.99,0,0
"DOLAR CCL",1439.75,1449.15,1418.23,1441.16,2026-02-23,1441.16,1771815600,1,1.01,0.98,0,0
"DOLAR CCL",1441.16,1454.2,1431.23,1444.5,2026-02-24,1444.5,1771902000,1,1.01,0.99,0,0
"DOLAR CCL",1444.5,1468.83,1438.92,1465.76,2026-02-25,1465.76,1771988400,0.99,1,0.98,0,0
"DOLAR CCL",1465.76,1496.21,1465.76,1480.12,2026-02-26,1480.12,1772074800,0.99,1.01,0.99,0,0
"DOLAR CCL",1480.12,1496.29,1460.27,1460.27,2026-02-27,1460.27,1772161200,1.01,1.02,1,0,0
"DOLAR CCL",1460.27,1476.7,1454.76,1468.46,2026-03-02,1468.46,1772420400,0.99,1.01,0.99,0,0
"DOLAR CCL",1468.46,1488.57,1449.14,1483.49,2026-03-03,1483.49,1772506800,0.99,1,0.98,0,0
"DOLAR CCL",1483.49,1508.57,1453.87,1471.19,2026-03-04,1471.19,1772593200,1.01,1.03,0.99,0,0
"DOLAR CCL",1469.27,1506.13,1453.91,1466.96,2026-03-05,1466.96,1772679600,1,1.03,0.99,0,0
"DOLAR CCL",1466.96,1485.64,1466.96,1479.1,2026-03-06,1479.1,1772766000,0.99,1,0.99,0,0
"DOLAR CCL",1479.1,1485.59,1443.77,1473.65,2026-03-09,1473.65,1773025200,1,1.01,0.98,0,0
"DOLAR CCL",1473.65,1473.65,1451.8,1462.51,2026-03-10,1462.51,1773111600,1.01,1.01,0.99,0,0
"DOLAR CCL",1462.51,1469.18,1445.17,1456.26,2026-03-11,1456.26,1773198000,1,1.01,0.99,0,0
"DOLAR CCL",1456.26,1466.81,1448.06,1457.29,2026-03-12,1457.29,1773284400,1,1.01,0.99,0,0
"DOLAR CCL",1457.29,1489.44,1449.85,1469.49,2026-03-13,1469.49,1773370800,0.99,1.01,0.99,0,0
"DOLAR CCL",1469.49,1473.91,1453.51,1473.91,2026-03-16,1473.91,1773630000,1,1,0.99,0,0
"DOLAR CCL",1473.91,1480.84,1457.85,1470.1,2026-03-17,1470.1,1773716400,1,1.01,0.99,0,0
"DOLAR CCL",1470.1,1492.88,1446.89,1470.98,2026-03-18,1470.98,1773802800,1,1.01,0.98,0,0
"DOLAR CCL",1470.98,1482.82,1464.94,1469.23,2026-03-19,1469.23,1773889200,1,1.01,1,0,0
"DOLAR CCL",1469.23,1487.59,1466.37,1467.56,2026-03-20,1467.56,1773975600,1,1.01,1,0,0
"DOLAR CCL",1467.56,1476.25,1454.56,1461.86,2026-03-23,1461.86,1774234800,1,1.01,1,0,0
"DOLAR CCL",1461.86,1470.47,1451.23,1470.47,2026-03-24,1470.47,1774321200,0.99,1,0.99,0,0
"DOLAR CCL",1470.47,1470.47,1450.65,1453.16,2026-03-25,1453.16,1774407600,1.01,1.01,1,0,0
"DOLAR CCL",1453.16,1468.93,1440.2,1447.32,2026-03-26,1447.32,1774494000,1,1.01,1,0,0
"DOLAR CCL",1447.32,1479.5,1428.57,1474.05,2026-03-27,1474.05,1774580400,0.98,1,0.97,0,0
"DOLAR CCL",1474.05,1493.7,1461.55,1486.17,2026-03-30,1486.17,1774839600,0.99,1.01,0.98,0,0
"DOLAR CCL",1486.17,1503.75,1466.83,1475.35,2026-03-31,1475.35,1774926000,1.01,1.02,0.99,0,0
"DOLAR CCL",1475.35,1490.14,1470.7,1489.88,2026-04-01,1489.88,1775012400,0.99,1,0.99,0,0
"DOLAR CCL",1489.88,1489.88,1473.23,1477.45,2026-04-02,1477.45,1775098800,1.01,1.01,1,0,0
"DOLAR CCL",1477.45,1477.45,1477.45,1477.45,2026-04-03,1477.45,1775185200,1,1,1,0,0
"DOLAR CCL",1477.45,1516.39,1465.37,1480.83,2026-04-06,1480.83,1775444400,1,1.02,0.99,0,0
"DOLAR CCL",1480.83,1515.51,1480.83,1485.31,2026-04-07,1485.31,1775530800,1,1.02,1,0,0
"DOLAR CCL",1485.31,1485.31,1445.19,1478.85,2026-04-08,1478.85,1775617200,1,1,0.98,0,0
"DOLAR CCL",1478.85,1481.96,1455.51,1477.36,2026-04-09,1477.36,1775703600,1,1,0.99,0,0
"DOLAR CCL",1477.36,1483.57,1469.03,1473.47,2026-04-10,1473.47,1775790000,1,1.01,1,0,0
"DOLAR CCL",1473.47,1494.89,1433.87,1467.09,2026-04-13,1467.09,1776049200,1,1.02,0.98,0,0
"DOLAR CCL",1467.09,1472.99,1455.99,1472.99,2026-04-14,1472.99,1776135600,1,1,0.99,0,0
"DOLAR CCL",1472.99,1490.75,1451.16,1452,2026-04-15,1452,1776222000,1.01,1.03,1,0,0
"DOLAR CCL",1452,1456.75,1440.71,1453.18,2026-04-16,1453.18,1776308400,1,1,0.99,0,0
"DOLAR CCL",1453.18,1462.24,1439.01,1462.24,2026-04-17,1462.24,1776394800,0.99,1,0.98,0,0
"DOLAR CCL",1462.24,1470.2,1452.97,1457.34,2026-04-20,1457.34,1776654000,1,1.01,1,0,0
"DOLAR CCL",1457.34,1480.61,1457.34,1471.89,2026-04-21,1471.89,1776740400,0.99,1.01,0.99,0,0
"DOLAR CCL",1471.89,1477.56,1457.08,1473.27,2026-04-22,1473.27,1776826800,1,1,0.99,0,0
"DOLAR CCL",1473.27,1498.06,1437.8,1482.04,2026-04-23,1482.04,1776913200,0.99,1.01,0.97,0,0
"DOLAR CCL",1482.04,1500,1473.27,1498.11,2026-04-24,1498.11,1776999600,0.99,1,0.98,0,0
"DOLAR CCL",1498.11,1522.4,1485.06,1522.4,2026-04-27,1522.4,1777258800,0.98,1,0.98,0,0
"DOLAR CCL",1522.4,1610.55,1482.19,1499.68,2026-04-28,1499.68,1777345200,1.02,1.07,0.99,0,0
"DOLAR CCL",1499.68,1511.81,1488.46,1489.16,2026-04-29,1489.16,1777431600,1.01,1.02,1,0,0
"DOLAR CCL",1489.16,1501.98,1476.42,1500.76,2026-04-30,1500.76,1777518000,0.99,1,0.98,0,0
"DOLAR CCL",1500.76,1514.61,1484.74,1504.2,2026-05-01,1504.2,1777604400,1,1.01,0.99,0,0
"DOLAR CCL",1504.2,1506.74,1485.59,1496.99,2026-05-04,1496.99,1777863600,1,1.01,0.99,0,0
"DOLAR CCL",1496.99,1500,1480.45,1480.45,2026-05-05,1480.45,1777950000,1.01,1.01,1,0,0
"DOLAR CCL",1480.45,1491.46,1472.52,1479.87,2026-05-06,1479.87,1778036400,1,1.01,1,0,0
"DOLAR CCL",1479.24,1493.05,1464.72,1484.76,2026-05-07,1484.76,1778122800,1,1.01,0.99,0,0
"DOLAR CCL",1484.76,1501.34,1480.66,1486.23,2026-05-08,1486.23,1778209200,1,1.01,1,0,0
"DOLAR CCL",1486.23,1493.41,1477.94,1479.79,2026-05-11,1479.79,1778468400,1,1.01,1,0,0
"DOLAR CCL",1479.79,1494.67,1452.34,1475.7,2026-05-12,1475.7,1778554800,1,1.01,0.98,0,0
"DOLAR CCL",1475.7,1495.64,1473.57,1483.3,2026-05-13,1483.3,1778641200,0.99,1.01,0.99,0,0
"DOLAR CCL",1483.3,1493.38,1476.5,1481.04,2026-05-14,1481.04,1778727600,1,1.01,1,0,0
"DOLAR CCL",1481.04,1504.04,1480.42,1487.87,2026-05-15,1487.87,1778814000,1,1.01,0.99,0,0
"DOLAR CCL",1487.87,1493.57,1482.62,1486.45,2026-05-18,1486.45,1779073200,1,1,1,0,0
"DOLAR CCL",1486.45,1500.68,1473.64,1490.48,2026-05-19,1490.48,1779159600,1,1.01,0.99,0,0
"DOLAR CCL",1490.48,1499.69,1483.11,1491.11,2026-05-20,1491.11,1779246000,1,1.01,0.99,0,0
"DOLAR CCL",1491.11,1508.58,1475.42,1478.99,2026-05-21,1478.99,1779332400,1.01,1.02,1,0,0
"DOLAR CCL",1478.99,1488.66,1475.18,1487.48,2026-05-22,1487.48,1779418800,0.99,1,0.99,0,0
"DOLAR CCL",1487.48,1487.48,1487.12,1487.48,2026-05-25,1487.48,1779678000,1,1,1,0,0
"DOLAR CCL",1487.48,1503.91,1482.57,1488.94,2026-05-26,1488.94,1779764400,1,1.01,1,0,0
"DOLAR CCL",1488.94,1498.88,1473.54,1481.25,2026-05-27,1481.25,1779850800,1.01,1.01,0.99,0,0
"DOLAR CCL",1481.25,1505.35,1477.33,1485.51,2026-05-28,1485.51,1779937200,1,1.01,0.99,0,0
"DOLAR CCL",1485.51,1509.76,1479.92,1487.79,2026-05-29,1487.79,1780023600,1,1.01,0.99,0,0
"DOLAR CCL",1487.79,1500.06,1472.6,1490.97,2026-06-01,1490.97,1780282800,1,1.01,0.99,0,0
"DOLAR CCL",1490.97,1507.46,1489.6,1504.91,2026-06-02,1504.91,1780369200,0.99,1,0.99,0,0
"DOLAR CCL",1504.91,1515.44,1499.17,1514.73,2026-06-03,1514.73,1780455600,0.99,1,0.99,0,0
"DOLAR CCL",1514.73,1542.66,1494.74,1515.23,2026-06-04,1515.23,1780542000,1,1.02,0.99,0,0
"DOLAR CCL",1517.34,1577.94,1510.75,1511.96,2026-06-05,1511.96,1780628400,1,1.04,1,0,0
"DOLAR CCL",1511.96,1527.55,1511.96,1526.57,2026-06-08,1526.57,1780887600,0.99,1,0.99,0,0
"DOLAR CCL",1526.57,1532.05,1495.25,1517.24,2026-06-09,1517.24,1780974000,1.01,1.01,0.99,0,0
"DOLAR CCL",1517.24,1522.71,1495.85,1508.42,2026-06-10,1508.42,1781060400,1.01,1.01,0.99,0,0
"DOLAR CCL",1508.42,1508.42,1424.34,1493.64,2026-06-11,1493.64,1781146800,1.01,1.01,0.95,0,0
"DOLAR CCL",1493.64,1506.4,1490.13,1492.44,2026-06-12,1492.44,1781233200,1,1.01,1,0,0
"DOLAR CCL",1492.44,1509.57,1474.36,1490.98,2026-06-15,1490.98,1781492400,1,1.01,0.99,0,0
"DOLAR CCL",1490.98,1525.25,1480.5,1496.4,2026-06-16,1496.4,1781578800,1,1.02,0.99,0,0
"DOLAR CCL",1496.4,1508.97,1487.38,1504.77,2026-06-17,1504.77,1781665200,0.99,1,0.99,0,0
"DOLAR CCL",1504.77,1518.33,1487.57,1508.28,2026-06-18,1508.28,1781751600,1,1.01,0.99,0,0
"DOLAR CCL",1508.28,1508.28,1476.84,1489.34,2026-06-19,1489.34,1781838000,1.01,1.01,0.99,0,0
"DOLAR CCL",1489.34,1536.5,1489.34,1529.85,2026-06-22,1529.85,1782097200,0.97,1,0.97,0,0
"DOLAR CCL",1529.85,1570.6,1498.11,1553.35,2026-06-23,1553.35,1782183600,0.98,1.01,0.96,0,0
"DOLAR CCL",1553.35,1615.07,1546.63,1580.44,2026-06-24,1580.44,1782270000,0.98,1.02,0.98,0,0
"DOLAR CCL",1580.44,1580.44,1545.94,1546.35,2026-06-25,1546.35,1782356400,1.02,1.02,1,0,0
"DOLAR CCL",1546.35,1557.58,1537.35,1541.96,2026-06-26,1541.96,1782442800,1,1.01,1,0,0
"DOLAR CCL",1541.96,1571.09,1536.44,1554.73,2026-06-29,1554.73,1782702000,0.99,1.01,0.99,0,0
"DOLAR CCL",1554.73,1593.99,1552.1,1557.72,2026-06-30,1557.72,1782788400,1,1.02,1,0,0
"DOLAR CCL",1557.72,1593.03,1557.72,1567.06,2026-07-01,1567.06,1782874800,0.99,1.02,0.99,0,0
"DOLAR CCL",1567.06,1591.25,1560.09,1575.46,2026-07-02,1575.46,1782961200,0.99,1.01,0.99,0,0
"DOLAR CCL",1575.46,1596.54,1574.42,1596.22,2026-07-03,1596.22,1783047600,0.99,1,0.99,0,0
"DOLAR CCL",1596.22,1604.91,1540.25,1572.44,2026-07-06,1572.44,1783306800,1.02,1.02,0.98,0,0
"DOLAR CCL",1572.44,1587.91,1563.9,1573.26,2026-07-07,1573.26,1783393200,1,1.01,0.99,0,0
"DOLAR CCL",1573.26,1585.85,1567.38,1575.92,2026-07-08,1575.92,1783479600,1,1.01,0.99,0,0
"DOLAR CCL",1575.92,1622.05,1572.96,1600.34,2026-07-09,1600.34,1783566000,0.98,1.01,0.98,0,0
"DOLAR CCL",1600.34,1600.34,1536.96,1560.67,2026-07-10,1560.67,1783652400,1.03,1.03,0.98,0,0
"DOLAR CCL",1560.67,1586.72,1557.9,1568.05,2026-07-13,1568.05,1783911600,1,1.01,0.99,0,0
"DOLAR CCL",1568.05,1577.36,1553.01,1557.98,2026-07-14,1557.98,1783998000,1.01,1.01,1,0,0
"DOLAR CCL",1557.98,1566.91,1548.56,1559.94,2026-07-15,1559.94,1784084400,1,1,0.99,0,0
"DOLAR CCL",1559.94,1614.29,1559.31,1566.68,2026-07-16,1566.68,1784170800,1,1.03,1,0,0
"DOLAR CCL",1566.68,1579.42,1562.34,1576.13,2026-07-17,1576.13,1784257200,0.99,1,0.99,0,0
"DOLAR CCL",1576.13,1584.16,1556.12,1572.76,2026-07-20,1572.76,1784516400,1,1.01,0.99,0,0
"DOLAR CCL",1572.76,1579.15,1546.14,1565.28,2026-07-21,1565.28,1784602800,1,1.01,0.99,0,0
"DOLAR CCL",1565.28,1594.93,1529.69,1564.84,2026-07-22,1564.84,1784689200,1,1.02,0.98,0,0
"DOLAR CCL",1564.84,1611.95,1564.84,1585.84,2026-07-23,1585.84,1784775600,0.99,1.02,0.99,0,0
"DOLAR CCL",1585.84,1623.33,1580.96,1600.02,2026-07-24,1600.02,1784862000,0.99,1.01,0.99,0,0
"DOLAR CCL",1600.02,1617.86,1584.88,1597.02,2026-07-27,1597.02,1785121200,1,1.01,0.99,0,0
"DOLAR CCL",1597.02,1616.78,1592.45,1600.18,2026-07-28,1600.18,1785207600,1,1.01,1,0,0
"DOLAR CCL",1600.18,1609.01,1579.44,1585.68,2026-07-29,1585.68,1785294000,1.01,1.01,1,0,0
"DOLAR CCL",1585.68,1585.68,1534.71,1556.73,2026-07-30,1556.73,1785380400,1.02,1.02,0.99,0,0
"DOLAR CCL",1556.73,1592.53,1556.73,1576.04,2026-07-31,1576.04,1785466800,0.99,1.01,0.99,0,0
"DOLAR CCL",1576.04,1583.57,1564.68,1580.95,2026-08-03,1580.95,1785726000,1,1,0.99,0,0
"DOLAR CCL",1580.95,1618.17,1574.04,1583.5,2026-08-04,1583.5,1785812400,1,1.02,0.99,0,0
"DOLAR CCL",1583.5,1601.2,1571.92,1581.14,2026-08-05,1581.14,1785898800,1,1.01,0.99,0,0
"DOLAR CCL",1581.14,1639.91,1559.42,1559.42,2026-08-06,1559.42,1785985200,1.01,1.05,1,0,0
"DOLAR CCL",1559.42,1602.08,1559.42,1582.44,2026-08-07,1582.44,1786071600,0.99,1.01,0.99,0,0
"DOLAR CCL",1582.44,1594.09,1578.87,1584.87,2026-08-10,1584.87,1786330800,1,1.01,1,0,0
"DOLAR CCL",1584.87,1625.73,1578.2,1610.41,2026-08-11,1610.41,1786417200,0.98,1.01,0.98,0,0
"DOLAR CCL",1610.41,1610.41,1579.05,1585.15,2026-08-12,1585.15,1786503600,1.02,1.02,1,0,0
"DOLAR CCL",1585.15,1596.69,1575.57,1580.29,2026-08-13,1580.29,1786590000,1,1.01,1,0,0
"DOLAR CCL",1580.29,1617.31,1572.19,1579.08,2026-08-14,1579.08,1786676400,1,1.02,1,0,0
"DOLAR CCL",1579.08,1583.06,1553.02,1570.04,2026-08-17,1570.04,1786935600,1.01,1.01,0.99,0,0
"DOLAR CCL",1570.04,1615.33,1568.48,1577.2,2026-08-18,1577.2,1787022000,1,1.02,0.99,0,0
"DOLAR CCL",1577.2,1600.8,1572.21,1573.87,2026-08-19,1573.87,1787108400,1,1.02,1,0,0
"DOLAR CCL",1573.87,1604.08,1570.53,1582.72,2026-08-20,1582.72,1787194800,0.99,1.01,0.99,0,0
"DOLAR CCL",1582.72,1606.29,1579.44,1595.31,2026-08-21,1595.31,1787281200,0.99,1.01,0.99,0,0
"DOLAR CCL",1595.31,1604.59,1544.12,1600.29,2026-08-24,1600.29,1787540400,1,1,0.96,0,0
"DOLAR CCL",1600.29,1611.99,1586.65,1598.65,2026-08-25,1598.65,1787626800,1,1.01,0.99,0,0
"DOLAR CCL",1598.65,1617.59,1592.74,1601.64,2026-08-26,1601.64,1787713200,1,1.01,0.99,0,0
"DOLAR CCL",1601.64,1629.97,1597.19,1601.16,2026-08-27,1601.16,1787799600,1,1.02,1,0,0
"DOLAR CCL",1601.16,1615.19,1596.27,1608.15,2026-08-28,1608.15,1787886000,1,1,0.99,0,0
"DOLAR CCL",1608.15,1624.15,1564,1596.05,2026-08-31,1596.05,1788145200,1.01,1.02,0.98,0,0
"DOLAR CCL",1596.05,1607.6,1576.73,1595.31,2026-09-01,1595.31,1788231600,1,1.01,0.99,0,0
"DOLAR CCL",1595.31,1603.19,1577.54,1588.97,2026-09-02,1588.97,1788318000,1,1.01,0.99,0,0
"DOLAR CCL",1588.97,1619.61,1583.1,1588.5,2026-09-03,1588.5,1788404400,1,1.02,1,0,0
"DOLAR CCL",1588.5,1603.99,1579.96,1582.59,2026-09-04,1582.59,1788490800,1,1.01,1,0,0
"DOLAR CCL",1582.59,1591.38,1564.91,1568.89,2026-09-07,1568.89,1788750000,1.01,1.01,1,0,0
"DOLAR CCL",1568.89,1591.57,1567.28,1591,2026-09-08,1591,1788836400,0.99,1,0.99,0,0
"DOLAR CCL",1591,1599.06,1584.03,1591.5,2026-09-09,1591.5,1788922800,1,1,1,0,0
"DOLAR CCL",1591.5,1598.34,1565.66,1598.02,2026-09-10,1598.02,1789009200,1,1,0.98,0,0
"DOLAR CCL",1598.02,1631.68,1586.94,1595.68,2026-09-11,1595.68,1789095600,1,1.02,0.99,0,0
"DOLAR CCL",1595.68,1608.77,1589.79,1593.64,2026-09-14,1593.64,1789354800,1,1.01,1,0,0
"DOLAR CCL",1593.64,1608.13,1583.72,1596.74,2026-09-15,1596.74,1789441200,1,1.01,0.99,0,0
"DOLAR CCL",1596.74,1617.17,1588.33,1595.91,2026-09-16,1595.91,1789527600,1,1.01,1,0,0
"DOLAR CCL",1595.91,1612.13,1578.64,1594.06,2026-09-17,1594.06,1789614000,1,1.01,0.99,0,0
"DOLAR CCL",1594.06,1635.55,1567.92,1587.52,2026-09-18,1587.52,1789700400,1,1.03,0.99,0,0
