especie,apertura,maximo,minimo,ultimo,fecha,cierre,timestamp,usd_apertura,usd_maximo,usd_minimo,usd_cierre,volumen
"DOLAR OFICIAL",103.5,103.75,103.5,103.75,2021-09-20,103.75,1632106800,0.56,0.56,0.56,0,0
"DOLAR OFICIAL",103.75,103.75,103.75,103.75,2021-09-21,103.75,1632193200,0.56,0.56,0.56,0,0
"DOLAR OFICIAL",103.75,103.75,103.75,103.75,2021-09-22,103.75,1632279600,0.55,0.55,0.55,0,0
"DOLAR OFICIAL",103.75,103.75,103.75,103.75,2021-09-23,103.75,1632366000,0.54,0.54,0.54,0,0
"DOLAR OFICIAL",103.75,103.75,103.75,103.75,2021-09-24,103.75,1632452400,0.54,0.54,0.54,0,0
"DOLAR OFICIAL",103.75,103.75,103.75,103.75,2021-09-27,103.75,1632711600,0.53,0.53,0.53,0,0
"DOLAR OFICIAL",103.75,103.75,103.75,103.75,2021-09-28,103.75,1632798000,0.53,0.53,0.53,0,0
"DOLAR OFICIAL",103.75,103.75,103.75,103.75,2021-09-29,103.75,1632884400,0.53,0.53,0.53,0,0
"DOLAR OFICIAL",103.75,104,103.75,104,2021-09-30,104,1632970800,0.54,0.54,0.54,0,0
"DOLAR OFICIAL",104,104,104,104,2021-10-01,104,1633057200,0.54,0.54,0.54,0,0
"DOLAR OFICIAL",104,104,104,104,2021-10-04,104,1633316400,0.54,0.54,0.54,0,0
"DOLAR OFICIAL",104,104.25,104,104.25,2021-10-05,104.25,1633402800,0.55,0.55,0.55,0,0
"DOLAR OFICIAL",104.25,104.25,104.25,104.25,2021-10-06,104.25,1633489200,0.55,0.55,0.55,0,0
"DOLAR OFICIAL",104.25,104.25,104.25,104.25,2021-10-07,104.25,1633575600,0.54,0.54,0.54,0,0
"DOLAR OFICIAL",104.25,104.25,104.25,104.25,2021-10-08,104.25,1633662000,0.54,0.54,0.54,0,0
"DOLAR OFICIAL",104.25,104.25,104.25,104.25,2021-10-11,104.25,1633921200,0.54,0.54,0.54,0,0
"DOLAR OFICIAL",104.25,104.25,104.25,104.25,2021-10-12,104.25,1634007600,0.54,0.54,0.54,0,0
"DOLAR OFICIAL",104.25,104.25,104.25,104.25,2021-10-13,104.25,1634094000,0.54,0.54,0.54,0,0
"DOLAR OFICIAL",104.25,104.25,104.25,104.25,2021-10-14,104.25,1634180400,0.54,0.54,0.54,0,0
"DOLAR OFICIAL",104.25,104.5,104.25,104.5,2021-10-15,104.5,1634266800,0.54,0.54,0.54,0,0
"DOLAR OFICIAL",104.5,104.5,104.5,104.5,2021-10-18,104.5,1634526000,0.54,0.54,0.54,0,0
"DOLAR OFICIAL",104.5,104.75,104.5,104.75,2021-10-19,104.75,1634612400,0.53,0.53,0.53,0,0
"DOLAR OFICIAL",104.75,104.75,104.75,104.75,2021-10-20,104.75,1634698800,0.53,0.53,0.53,0,0
"DOLAR OFICIAL",104.75,104.75,104.75,104.75,2021-10-21,104.75,1634785200,0.53,0.53,0.53,0,0
"DOLAR OFICIAL",104.75,104.75,104.75,104.75,2021-10-22,104.75,1634871600,0.52,0.52,0.52,0,0
"DOLAR OFICIAL",104.75,104.75,104.75,104.75,2021-10-25,104.75,1635130800,0.52,0.52,0.52,0,0
"DOLAR OFICIAL",104.75,104.75,104.75,104.75,2021-10-26,104.75,1635217200,0.52,0.52,0.52,0,0
"DOLAR OFICIAL",104.75,104.75,104.75,104.75,2021-10-27,104.75,1635303600,0.52,0.52,0.52,0,0
"DOLAR OFICIAL",104.75,105,104.75,105,2021-10-28,105,1635390000,0.51,0.51,0.51,0,0
"DOLAR OFICIAL",105,105,105,105,2021-10-29,105,1635476400,0.5,0.5,0.5,0,0
"DOLAR OFICIAL",105,105,105,105,2021-11-01,105,1635735600,0.49,0.49,0.49,0,0
"DOLAR OFICIAL",105,105,105,105,2021-11-02,105,1635822000,0.48,0.48,0.48,0,0
"DOLAR OFICIAL",105,105,105,105,2021-11-03,105,1635908400,0.49,0.49,0.49,0,0
"DOLAR OFICIAL",105,105.25,105,105.25,2021-11-04,105.25,1635994800,0.48,0.49,0.48,0,0
"DOLAR OFICIAL",105.25,105.25,105.25,105.25,2021-11-05,105.25,1636081200,0.48,0.48,0.48,0,0
"DOLAR OFICIAL",105.25,105.25,105.25,105.25,2021-11-08,105.25,1636340400,0.49,0.49,0.49,0,0
"DOLAR OFICIAL",105.25,105.25,105.25,105.25,2021-11-09,105.25,1636426800,0.5,0.5,0.5,0,0
"DOLAR OFICIAL",105.25,105.25,105.25,105.25,2021-11-10,105.25,1636513200,0.49,0.49,0.49,0,0
"DOLAR OFICIAL",105.25,105.25,105.25,105.25,2021-11-11,105.25,1636599600,0.49,0.49,0.49,0,0
"DOLAR OFICIAL",105.25,105.25,105.25,105.25,2021-11-12,105.25,1636686000,0.49,0.49,0.49,0,0
"DOLAR OFICIAL",105.25,105.5,105.25,105.5,2021-11-15,105.5,1636945200,0.5,0.51,0.5,0,0
"DOLAR OFICIAL",105.5,105.5,105.5,105.5,2021-11-16,105.5,1637031600,0.5,0.5,0.5,0,0
"DOLAR OFICIAL",105.5,105.5,105.5,105.5,2021-11-17,105.5,1637118000,0.5,0.5,0.5,0,0
"DOLAR OFICIAL",105.5,105.5,105.5,105.5,2021-11-18,105.5,1637204400,0.49,0.49,0.49,0,0
"DOLAR OFICIAL",105.5,105.5,105.5,105.5,2021-11-19,105.5,1637290800,0.49,0.49,0.49,0,0
"DOLAR OFICIAL",105.5,105.5,105.5,105.5,2021-11-22,105.5,1637550000,0.49,0.49,0.49,0,0
"DOLAR OFICIAL",105.5,105.5,105.5,105.5,2021-11-23,105.5,1637636400,0.49,0.49,0.49,0,0
"DOLAR OFICIAL",105.5,105.75,105.5,105.75,2021-11-24,105.75,1637722800,0.49,0.49,0.49,0,0
"DOLAR OFICIAL",105.75,105.75,105.75,105.75,2021-11-25,105.75,1637809200,0.49,0.49,0.49,0,0
"DOLAR OFICIAL",105.75,105.75,105.75,105.75,2021-11-26,105.75,1637895600,0.5,0.5,0.5,0,0
"DOLAR OFICIAL",105.75,105.75,105.75,105.75,2021-11-29,105.75,1638154800,0.5,0.5,0.5,0,0
"DOLAR OFICIAL",105.75,106,105.75,106,2021-11-30,106,1638241200,0.49,0.49,0.49,0,0
"DOLAR OFICIAL",106,106.25,106,106.25,2021-12-01,106.25,1638327600,0.48,0.48,0.48,0,0
"DOLAR OFICIAL",106.25,106.25,106.25,106.25,2021-12-02,106.25,1638414000,0.48,0.48,0.48,0,0
"DOLAR OFICIAL",106.25,106.25,106.25,106.25,2021-12-03,106.25,1638500400,0.49,0.49,0.49,0,0
"DOLAR OFICIAL",106.25,106.25,106.25,106.25,2021-12-06,106.25,1638759600,0.48,0.48,0.48,0,0
"DOLAR OFICIAL",106.25,106.5,106.25,106.5,2021-12-07,106.5,1638846000,0.49,0.49,0.49,0,0
"DOLAR OFICIAL",106.5,106.5,106.5,106.5,2021-12-08,106.5,1638932400,0.49,0.49,0.49,0,0
"DOLAR OFICIAL",106.5,106.5,106.5,106.5,2021-12-09,106.5,1639018800,0.5,0.5,0.5,0,0
"DOLAR OFICIAL",106.5,106.5,106.5,106.5,2021-12-10,106.5,1639105200,0.51,0.51,0.51,0,0
"DOLAR OFICIAL",106.5,106.75,106.5,106.75,2021-12-13,106.75,1639364400,0.52,0.52,0.52,0,0
"DOLAR OFICIAL",106.75,106.75,106.75,106.75,2021-12-14,106.75,1639450800,0.52,0.52,0.52,0,0
"DOLAR OFICIAL",106.75,107,106.75,107,2021-12-15,107,1639537200,0.53,0.54,0.53,0,0
"DOLAR OFICIAL",107,107,107,107,2021-12-16,107,1639623600,0.53,0.53,0.53,0,0
"DOLAR OFICIAL",107,107,107,107,2021-12-17,107,1639710000,0.52,0.52,0.52,0,0
"DOLAR OFICIAL",107,107,107,107,2021-12-20,107,1639969200,0.52,0.52,0.52,0,0
"DOLAR OFICIAL",107,107,107,107,2021-12-21,107,1640055600,0.51,0.51,0.51,0,0
"DOLAR OFICIAL",107,107.25,107,107.25,2021-12-22,107.25,1640142000,0.52,0.52,0.52,0,0
"DOLAR OFICIAL",107.25,107.25,107.25,107.25,2021-12-23,107.25,1640228400,0.53,0.53,0.53,0,0
"DOLAR OFICIAL",107.25,107.25,107.25,107.25,2021-12-24,107.25,1640314800,0.53,0.53,0.53,0,0
"DOLAR OFICIAL",107.25,107.5,107.25,107.5,2021-12-27,107.5,1640574000,0.54,0.54,0.54,0,0
"DOLAR OFICIAL",107.5,107.75,107.5,107.75,2021-12-28,107.75,1640660400,0.54,0.54,0.54,0,0
"DOLAR OFICIAL",107.75,107.75,107.75,107.75,2021-12-29,107.75,1640746800,0.54,0.54,0.54,0,0
"DOLAR OFICIAL",107.75,107.75,107.75,107.75,2021-12-30,107.75,1640833200,0.53,0.53,0.53,0,0
"DOLAR OFICIAL",107.75,107.75,107.75,107.75,2021-12-31,107.75,1640919600,0.53,0.53,0.53,0,0
"DOLAR OFICIAL",107.75,108,107.75,108,2022-01-03,108,1641178800,0.53,0.53,0.53,0,0
"DOLAR OFICIAL",108,108,108,108,2022-01-04,108,1641265200,0.53,0.53,0.53,0,0
"DOLAR OFICIAL",108,108,108,108,2022-01-05,108,1641351600,0.52,0.52,0.52,0,0
"DOLAR OFICIAL",108,108.25,108,108.25,2022-01-06,108.25,1641438000,0.51,0.51,0.51,0,0
"DOLAR OFICIAL",108.25,108.5,108.25,108.5,2022-01-07,108.5,1641524400,0.51,0.51,0.51,0,0
"DOLAR OFICIAL",108.5,108.5,108.5,108.5,2022-01-10,108.5,1641783600,0.51,0.51,0.51,0,0
"DOLAR OFICIAL",108.5,108.5,108.5,108.5,2022-01-11,108.5,1641870000,0.52,0.52,0.52,0,0
"DOLAR OFICIAL",108.5,108.75,108.5,108.75,2022-01-12,108.75,1641956400,0.52,0.52,0.52,0,0
"DOLAR OFICIAL",108.75,108.75,108.75,108.75,2022-01-13,108.75,1642042800,0.52,0.52,0.52,0,0
"DOLAR OFICIAL",108.75,108.75,108.75,108.75,2022-01-14,108.75,1642129200,0.52,0.52,0.52,0,0
"DOLAR OFICIAL",108.75,109,108.75,109,2022-01-17,109,1642388400,0.52,0.52,0.52,0,0
"DOLAR OFICIAL",109,109,109,109,2022-01-18,109,1642474800,0.52,0.52,0.52,0,0
"DOLAR OFICIAL",109,109,109,109,2022-01-19,109,1642561200,0.51,0.51,0.51,0,0
"DOLAR OFICIAL",109,109,109,109,2022-01-20,109,1642647600,0.49,0.49,0.49,0,0
"DOLAR OFICIAL",109,109.25,109,109.25,2022-01-21,109.25,1642734000,0.48,0.49,0.48,0,0
"DOLAR OFICIAL",109.25,109.5,109.25,109.5,2022-01-24,109.5,1642993200,0.49,0.49,0.49,0,0
"DOLAR OFICIAL",109.5,109.5,109.5,109.5,2022-01-25,109.5,1643079600,0.48,0.48,0.48,0,0
"DOLAR OFICIAL",109.5,109.5,109.5,109.5,2022-01-26,109.5,1643166000,0.47,0.47,0.47,0,0
"DOLAR OFICIAL",109.5,109.75,109.5,109.75,2022-01-27,109.75,1643252400,0.47,0.47,0.47,0,0
"DOLAR OFICIAL",109.75,110,109.75,110,2022-01-28,110,1643338800,0.49,0.49,0.49,0,0
"DOLAR OFICIAL",110,110.25,110,110.25,2022-01-31,110.25,1643598000,0.49,0.49,0.49,0,0
"DOLAR OFICIAL",110.25,110.25,110.25,110.25,2022-02-01,110.25,1643684400,0.5,0.5,0.5,0,0
"DOLAR OFICIAL",110.25,110.25,110.25,110.25,2022-02-02,110.25,1643770800,0.5,0.5,0.5,0,0
"DOLAR OFICIAL",110.25,110.5,110.25,110.5,2022-02-03,110.5,1643857200,0.5,0.5,0.5,0,0
"DOLAR OFICIAL",110.5,110.75,110.5,110.75,2022-02-04,110.75,1643943600,0.5,0.5,0.5,0,0
"DOLAR OFICIAL",110.75,110.75,110.75,110.75,2022-02-07,110.75,1644202800,0.51,0.51,0.51,0,0
"DOLAR OFICIAL",110.75,111,110.75,111,2022-02-08,111,1644289200,0.52,0.52,0.52,0,0
"DOLAR OFICIAL",111,111,111,111,2022-02-09,111,1644375600,0.52,0.52,0.52,0,0
"DOLAR OFICIAL",111,111.25,111,111.25,2022-02-10,111.25,1644462000,0.52,0.52,0.52,0,0
"DOLAR OFICIAL",111.25,111.25,111.25,111.25,2022-02-11,111.25,1644548400,0.52,0.52,0.52,0,0
"DOLAR OFICIAL",111.25,111.75,111.25,111.75,2022-02-14,111.75,1644807600,0.52,0.52,0.52,0,0
"DOLAR OFICIAL",111.75,112,111.75,112,2022-02-15,112,1644894000,0.53,0.53,0.53,0,0
"DOLAR OFICIAL",112,112,112,112,2022-02-16,112,1644980400,0.53,0.53,0.53,0,0
"DOLAR OFICIAL",112,112,112,112,2022-02-17,112,1645066800,0.53,0.53,0.53,0,0
"DOLAR OFICIAL",112,112,112,112,2022-02-18,112,1645153200,0.54,0.54,0.54,0,0
"DOLAR OFICIAL",112,112.25,112,112.25,2022-02-21,112.25,1645412400,0.54,0.55,0.54,0,0
"DOLAR OFICIAL",112.25,112.5,112.25,112.5,2022-02-22,112.5,1645498800,0.56,0.56,0.56,0,0
"DOLAR OFICIAL",112.5,112.5,112.5,112.5,2022-02-23,112.5,1645585200,0.55,0.55,0.55,0,0
"DOLAR OFICIAL",112.5,112.5,112.5,112.5,2022-02-24,112.5,1645671600,0.56,0.56,0.56,0,0
"DOLAR OFICIAL",112.5,112.5,112.5,112.5,2022-02-25,112.5,1645758000,0.56,0.56,0.56,0,0
"DOLAR OFICIAL",112.5,112.5,112.5,112.5,2022-02-28,112.5,1646017200,0.56,0.56,0.56,0,0
"DOLAR OFICIAL",112.5,112.5,112.5,112.5,2022-03-01,112.5,1646103600,0.56,0.56,0.56,0,0
"DOLAR OFICIAL",112.5,113,112.5,113,2022-03-02,113,1646190000,0.55,0.56,0.55,0,0
"DOLAR OFICIAL",113,113.25,113,113.25,2022-03-03,113.25,1646276400,0.56,0.56,0.56,0,0
"DOLAR OFICIAL",113.25,113.25,113.25,113.25,2022-03-04,113.25,1646362800,0.56,0.56,0.56,0,0
"DOLAR OFICIAL",113.25,113.5,113.25,113.5,2022-03-07,113.5,1646622000,0.57,0.57,0.57,0,0
"DOLAR OFICIAL",114,114,114,114,2022-03-10,114,1646881200,0.57,0.57,0.57,0,0
"DOLAR OFICIAL",114,114,114,114,2022-03-11,114,1646967600,0.6,0.6,0.6,0,0
"DOLAR OFICIAL",114,114.25,114,114.25,2022-03-14,114.25,1647226800,0.61,0.61,0.61,0,0
"DOLAR OFICIAL",114.25,114.5,114.25,114.5,2022-03-15,114.5,1647313200,0.6,0.6,0.6,0,0
"DOLAR OFICIAL",114.5,114.5,114.5,114.5,2022-03-16,114.5,1647399600,0.59,0.59,0.59,0,0
"DOLAR OFICIAL",114.5,114.5,114.5,114.5,2022-03-17,114.5,1647486000,0.58,0.58,0.58,0,0
"DOLAR OFICIAL",114.5,114.75,114.5,114.75,2022-03-18,114.75,1647572400,0.58,0.58,0.58,0,0
"DOLAR OFICIAL",114.75,115,114.75,115,2022-03-21,115,1647831600,0.58,0.58,0.58,0,0
"DOLAR OFICIAL",115,115.25,115,115.25,2022-03-22,115.25,1647918000,0.57,0.57,0.57,0,0
"DOLAR OFICIAL",115.25,115.5,115.25,115.5,2022-03-23,115.5,1648004400,0.57,0.57,0.57,0,0
"DOLAR OFICIAL",115.5,115.5,115.5,115.5,2022-03-24,115.5,1648090800,0.57,0.57,0.57,0,0
"DOLAR OFICIAL",115.5,115.5,115.5,115.5,2022-03-25,115.5,1648177200,0.58,0.58,0.58,0,0
"DOLAR OFICIAL",115.5,115.75,115.5,115.75,2022-03-28,115.75,1648436400,0.59,0.59,0.59,0,0
"DOLAR OFICIAL",115.75,115.75,115.75,115.75,2022-03-29,115.75,1648522800,0.6,0.6,0.6,0,0
"DOLAR OFICIAL",115.75,116,115.75,116,2022-03-30,116,1648609200,0.6,0.6,0.6,0,0
"DOLAR OFICIAL",116,116,116,116,2022-03-31,116,1648695600,0.61,0.61,0.61,0,0
"DOLAR OFICIAL",116,116.25,116,116.25,2022-04-01,116.25,1648782000,0.61,0.61,0.61,0,0
"DOLAR OFICIAL",116.25,116.75,116.25,116.75,2022-04-04,116.75,1649041200,0.61,0.62,0.61,0,0
"DOLAR OFICIAL",116.75,116.75,116.75,116.75,2022-04-05,116.75,1649127600,0.62,0.62,0.62,0,0
"DOLAR OFICIAL",116.75,117,116.75,117,2022-04-06,117,1649214000,0.62,0.62,0.62,0,0
"DOLAR OFICIAL",117,117.25,117,117.25,2022-04-07,117.25,1649300400,0.61,0.61,0.61,0,0
"DOLAR OFICIAL",117.25,117.25,117.25,117.25,2022-04-08,117.25,1649386800,0.62,0.62,0.62,0,0
"DOLAR OFICIAL",117.25,117.75,117.25,117.75,2022-04-11,117.75,1649646000,0.61,0.62,0.61,0,0
"DOLAR OFICIAL",117.75,117.75,117.75,117.75,2022-04-12,117.75,1649732400,0.62,0.62,0.62,0,0
"DOLAR OFICIAL",117.75,118,117.75,118,2022-04-13,118,1649818800,0.62,0.62,0.62,0,0
"DOLAR OFICIAL",118,118,118,118,2022-04-14,118,1649905200,0.62,0.62,0.62,0,0
"DOLAR OFICIAL",118,118,118,118,2022-04-15,118,1649991600,0.62,0.62,0.62,0,0
"DOLAR OFICIAL",118,118.5,118,118.5,2022-04-18,118.5,1650250800,0.63,0.63,0.63,0,0
"DOLAR OFICIAL",118.5,118.75,118.5,118.75,2022-04-19,118.75,1650337200,0.62,0.62,0.62,0,0
"DOLAR OFICIAL",118.75,119,118.75,119,2022-04-20,119,1650423600,0.61,0.61,0.61,0,0
"DOLAR OFICIAL",119,119,119,119,2022-04-21,119,1650510000,0.58,0.58,0.58,0,0
"DOLAR OFICIAL",119.25,119.5,119.25,119.5,2022-04-22,119.5,1650596400,0.57,0.57,0.57,0,0
"DOLAR OFICIAL",119.5,119.5,119.5,119.5,2022-04-25,119.5,1650855600,0.57,0.57,0.57,0,0
"DOLAR OFICIAL",119.5,119.75,119.5,119.75,2022-04-26,119.75,1650942000,0.56,0.56,0.56,0,0
"DOLAR OFICIAL",119.75,119.75,119.75,119.75,2022-04-27,119.75,1651028400,0.57,0.57,0.57,0,0
"DOLAR OFICIAL",119.75,119.75,119.75,119.75,2022-04-28,119.75,1651114800,0.58,0.58,0.58,0,0
"DOLAR OFICIAL",119.75,119.75,119.75,119.75,2022-04-29,119.75,1651201200,0.58,0.58,0.58,0,0
"DOLAR OFICIAL",119.75,120.5,119.75,120.5,2022-05-02,120.5,1651460400,0.57,0.57,0.57,0,0
"DOLAR OFICIAL",120.5,121,120.5,121,2022-05-03,121,1651546800,0.58,0.58,0.58,0,0
"DOLAR OFICIAL",121,121.25,121,121.25,2022-05-04,121.25,1651633200,0.59,0.59,0.59,0,0
"DOLAR OFICIAL",121.25,121.25,121.25,121.25,2022-05-05,121.25,1651719600,0.59,0.59,0.59,0,0
"DOLAR OFICIAL",121.25,121.75,121.25,121.75,2022-05-06,121.75,1651806000,0.58,0.58,0.58,0,0
"DOLAR OFICIAL",121.75,121.75,121.75,121.75,2022-05-09,121.75,1652065200,0.59,0.59,0.59,0,0
"DOLAR OFICIAL",121.75,122,121.75,122,2022-05-10,122,1652151600,0.58,0.58,0.58,0,0
"DOLAR OFICIAL",122,122.25,122,122.25,2022-05-11,122.25,1652238000,0.59,0.59,0.59,0,0
"DOLAR OFICIAL",122.25,122.5,122.25,122.5,2022-05-12,122.5,1652324400,0.58,0.58,0.58,0,0
"DOLAR OFICIAL",122.5,123,122.5,123,2022-05-13,123,1652410800,0.57,0.58,0.57,0,0
"DOLAR OFICIAL",123,123,123,123,2022-05-16,123,1652670000,0.58,0.58,0.58,0,0
"DOLAR OFICIAL",123,123.25,123,123.25,2022-05-17,123.25,1652756400,0.58,0.58,0.58,0,0
"DOLAR OFICIAL",123.25,123.25,123.25,123.25,2022-05-18,123.25,1652842800,0.58,0.58,0.58,0,0
"DOLAR OFICIAL",123.25,123.5,123.25,123.5,2022-05-19,123.5,1652929200,0.59,0.59,0.59,0,0
"DOLAR OFICIAL",123.5,123.75,123.5,123.75,2022-05-20,123.75,1653015600,0.58,0.59,0.58,0,0
"DOLAR OFICIAL",123.75,124,123.75,124,2022-05-23,124,1653274800,0.59,0.59,0.59,0,0
"DOLAR OFICIAL",124,124.5,124,124.5,2022-05-24,124.5,1653361200,0.58,0.59,0.58,0,0
"DOLAR OFICIAL",124.5,124.5,124.5,124.5,2022-05-25,124.5,1653447600,0.59,0.59,0.59,0,0
"DOLAR OFICIAL",124.5,124.5,124.25,124.25,2022-05-26,124.25,1653534000,0.58,0.58,0.58,0,0
"DOLAR OFICIAL",124.25,124.5,124.25,124.5,2022-05-27,124.5,1653620400,0.59,0.59,0.59,0,0
"DOLAR OFICIAL",124.5,125,124.5,125,2022-05-30,125,1653879600,0.58,0.59,0.58,0,0
"DOLAR OFICIAL",125,125.25,125,125.25,2022-05-31,125.25,1653966000,0.59,0.59,0.59,0,0
"DOLAR OFICIAL",125.25,125.25,125.25,125.25,2022-06-01,125.25,1654052400,0.59,0.59,0.59,0,0
"DOLAR OFICIAL",125.25,125.25,125.25,125.25,2022-06-02,125.25,1654138800,0.6,0.6,0.6,0,0
"DOLAR OFICIAL",125.25,126,125.25,126,2022-06-03,126,1654225200,0.6,0.6,0.6,0,0
"DOLAR OFICIAL",126,126.25,126,126.25,2022-06-06,126.25,1654484400,0.6,0.6,0.6,0,0
"DOLAR OFICIAL",126.25,126.25,126.25,126.25,2022-06-07,126.25,1654570800,0.6,0.6,0.6,0,0
"DOLAR OFICIAL",126.25,126.5,126.25,126.5,2022-06-08,126.5,1654657200,0.6,0.6,0.6,0,0
"DOLAR OFICIAL",126.5,126.75,126.5,126.75,2022-06-09,126.75,1654743600,0.57,0.57,0.57,0,0
"DOLAR OFICIAL",126.75,127,126.75,127,2022-06-10,127,1654830000,0.55,0.55,0.55,0,0
"DOLAR OFICIAL",127,127.25,127,127.25,2022-06-13,127.25,1655089200,0.53,0.53,0.53,0,0
"DOLAR OFICIAL",127.25,127.5,127.25,127.5,2022-06-14,127.5,1655175600,0.53,0.53,0.53,0,0
"DOLAR OFICIAL",127.5,127.75,127.5,127.75,2022-06-15,127.75,1655262000,0.53,0.53,0.53,0,0
"DOLAR OFICIAL",127.75,127.75,127.75,127.75,2022-06-16,127.75,1655348400,0.53,0.53,0.53,0,0
"DOLAR OFICIAL",127.75,127.75,127.75,127.75,2022-06-17,127.75,1655434800,0.53,0.53,0.53,0,0
"DOLAR OFICIAL",127.75,127.75,127.75,127.75,2022-06-20,127.75,1655694000,0.53,0.53,0.53,0,0
"DOLAR OFICIAL",127.75,128.25,127.75,128.25,2022-06-21,128.25,1655780400,0.53,0.53,0.53,0,0
"DOLAR OFICIAL",128.25,128.5,128.25,128.5,2022-06-22,128.5,1655866800,0.54,0.54,0.54,0,0
"DOLAR OFICIAL",128.5,128.75,128.5,128.75,2022-06-23,128.75,1655953200,0.54,0.54,0.54,0,0
"DOLAR OFICIAL",128.75,128.75,128.75,128.75,2022-06-24,128.75,1656039600,0.54,0.54,0.54,0,0
"DOLAR OFICIAL",128.75,129.75,128.75,129.75,2022-06-27,129.75,1656298800,0.53,0.53,0.53,0,0
"DOLAR OFICIAL",129.75,129.75,129.75,129.75,2022-06-28,129.75,1656385200,0.52,0.52,0.52,0,0
"DOLAR OFICIAL",129.75,129.75,129.75,129.75,2022-06-29,129.75,1656471600,0.52,0.52,0.52,0,0
"DOLAR OFICIAL",129.75,130,129.75,130,2022-06-30,130,1656558000,0.51,0.51,0.51,0,0
"DOLAR OFICIAL",130,130.25,130,130.25,2022-07-01,130.25,1656644400,0.52,0.52,0.52,0,0
"DOLAR OFICIAL",130.25,131.5,130.25,131.5,2022-07-04,131.5,1656903600,0.46,0.47,0.46,0,0
"DOLAR OFICIAL",131.5,131.75,131.5,131.75,2022-07-05,131.75,1656990000,0.48,0.48,0.48,0,0
"DOLAR OFICIAL",131.75,132,131.75,132,2022-07-06,132,1657076400,0.47,0.47,0.47,0,0
"DOLAR OFICIAL",132,132.25,132,132.25,2022-07-07,132.25,1657162800,0.44,0.45,0.44,0,0
"DOLAR OFICIAL",132.25,133.25,132.25,133.25,2022-07-08,133.25,1657249200,0.44,0.44,0.44,0,0
"DOLAR OFICIAL",133.25,134.25,133.25,134.25,2022-07-11,134.25,1657508400,0.45,0.45,0.45,0,0
"DOLAR OFICIAL",134.25,134.75,134.25,134.75,2022-07-12,134.75,1657594800,0.46,0.46,0.46,0,0
"DOLAR OFICIAL",134.75,135,134.75,135,2022-07-13,135,1657681200,0.46,0.46,0.46,0,0
"DOLAR OFICIAL",136.75,136.75,136.75,136.75,2022-07-25,136.75,1658718000,0.42,0.42,0.42,0,0
"DOLAR OFICIAL",136.75,137,136.75,137,2022-07-26,137,1658804400,0.41,0.41,0.41,0,0
"DOLAR OFICIAL",137,137.25,137,137.25,2022-07-27,137.25,1658890800,0.41,0.41,0.41,0,0
"DOLAR OFICIAL",137.25,137.25,137.25,137.25,2022-07-28,137.25,1658977200,0.44,0.44,0.44,0,0
"DOLAR OFICIAL",137.25,137.25,137.25,137.25,2022-07-29,137.25,1659063600,0.47,0.47,0.47,0,0
"DOLAR OFICIAL",137.25,138.25,137.25,138.25,2022-08-01,138.25,1659322800,0.49,0.49,0.49,0,0
"DOLAR OFICIAL",138.25,138.5,138.25,138.5,2022-08-02,138.5,1659409200,0.48,0.48,0.48,0,0
"DOLAR OFICIAL",138.5,138.75,138.5,138.75,2022-08-03,138.75,1659495600,0.48,0.48,0.48,0,0
"DOLAR OFICIAL",138.75,138.75,138.75,138.75,2022-08-04,138.75,1659582000,0.47,0.47,0.47,0,0
"DOLAR OFICIAL",138.75,138.75,138.75,138.75,2022-08-05,138.75,1659668400,0.49,0.49,0.49,0,0
"DOLAR OFICIAL",138.75,139.75,138.75,139.75,2022-08-08,139.75,1659927600,0.49,0.49,0.49,0,0
"DOLAR OFICIAL",139.75,140,1140,140,2022-08-09,140,1660014000,0.49,0.49,3.97,0,0
"DOLAR OFICIAL",140,140,140,140,2022-08-10,140,1660100400,0.49,0.49,0.49,0,0
"DOLAR OFICIAL",140,140,140,140,2022-08-11,140,1660186800,0.49,0.49,0.49,0,0
"DOLAR OFICIAL",140,141,140,141,2022-08-12,141,1660273200,0.49,0.49,0.49,0,0
"DOLAR OFICIAL",141,141,141,141,2022-08-15,141,1660532400,0.49,0.49,0.49,0,0
"DOLAR OFICIAL",141,141.75,141,141.75,2022-08-16,141.75,1660618800,0.5,0.5,0.5,0,0
"DOLAR OFICIAL",141.75,142,141.75,142,2022-08-17,142,1660705200,0.49,0.49,0.49,0,0
"DOLAR OFICIAL",142,142,142,142,2022-08-18,142,1660791600,0.48,0.48,0.48,0,0
"DOLAR OFICIAL",142,142.25,142,142.25,2022-08-19,142.25,1660878000,0.47,0.47,0.47,0,0
"DOLAR OFICIAL",142.25,143.5,142.25,143.5,2022-08-22,143.5,1661137200,0.48,0.48,0.48,0,0
"DOLAR OFICIAL",143.5,143.75,143.5,143.75,2022-08-23,143.75,1661223600,0.48,0.48,0.48,0,0
"DOLAR OFICIAL",143.75,144,143.75,144,2022-08-24,144,1661310000,0.48,0.48,0.48,0,0
"DOLAR OFICIAL",144,144,144,144,2022-08-25,144,1661396400,0.49,0.49,0.49,0,0
"DOLAR OFICIAL",144,144.25,144,144.25,2022-08-26,144.25,1661482800,0.5,0.5,0.5,0,0
"DOLAR OFICIAL",144.25,145,144.25,145,2022-08-29,145,1661742000,0.5,0.5,0.5,0,0
"DOLAR OFICIAL",145,145,145,145,2022-08-30,145,1661828400,0.49,0.49,0.49,0,0
"DOLAR OFICIAL",145,145,145,145,2022-08-31,145,1661914800,0.49,0.49,0.49,0,0
"DOLAR OFICIAL",145,145,145,145,2022-09-01,145,1662001200,0.5,0.5,0.5,0,0
"DOLAR OFICIAL",145,145,145,145,2022-09-02,145,1662087600,0.49,0.49,0.49,0,0
"DOLAR OFICIAL",145,146,145,146,2022-09-05,146,1662346800,0.51,0.51,0.51,0,0
"DOLAR OFICIAL",146,146.5,146,146.5,2022-09-06,146.5,1662433200,0.51,0.51,0.51,0,0
"DOLAR OFICIAL",146.5,146.5,146.5,146.5,2022-09-07,146.5,1662519600,0.52,0.52,0.52,0,0
"DOLAR OFICIAL",146.5,147.5,146.5,147.5,2022-09-08,147.5,1662606000,0.52,0.52,0.52,0,0
"DOLAR OFICIAL",147.5,147.5,147.5,147.5,2022-09-09,147.5,1662692400,0.52,0.52,0.52,0,0
"DOLAR OFICIAL",147.5,148.75,147.5,148.75,2022-09-12,148.75,1662951600,0.53,0.53,0.53,0,0
"DOLAR OFICIAL",148.75,149,148.75,149,2022-09-13,149,1663038000,0.53,0.53,0.53,0,0
"DOLAR OFICIAL",149,149,149,149,2022-09-14,149,1663124400,0.53,0.53,0.53,0,0
"DOLAR OFICIAL",149,149,149,149,2022-09-15,149,1663210800,0.5,0.5,0.5,0,0
"DOLAR OFICIAL",149,149,149,149,2022-09-16,149,1663297200,0.5,0.5,0.5,0,0
"DOLAR OFICIAL",149,150,149,150,2022-09-19,150,1663556400,0.49,0.49,0.49,0,0
"DOLAR OFICIAL",150,150.5,150,150.5,2022-09-20,150.5,1663642800,0.5,0.5,0.5,0,0
"DOLAR OFICIAL",150.5,150.75,150.5,150.75,2022-09-21,150.75,1663729200,0.49,0.49,0.49,0,0
"DOLAR OFICIAL",150.75,151,150.75,151,2022-09-22,151,1663815600,0.48,0.48,0.48,0,0
"DOLAR OFICIAL",151,151.25,151,151.25,2022-09-23,151.25,1663902000,0.48,0.49,0.48,0,0
"DOLAR OFICIAL",151.25,152.25,151.25,152.25,2022-09-26,152.25,1664161200,0.49,0.49,0.49,0,0
"DOLAR OFICIAL",152.25,152.75,152.25,152.75,2022-09-27,152.75,1664247600,0.49,0.5,0.49,0,0
"DOLAR OFICIAL",152.75,153,152.75,153,2022-09-28,153,1664334000,0.5,0.5,0.5,0,0
"DOLAR OFICIAL",153,153,153,153,2022-09-29,153,1664420400,0.5,0.5,0.5,0,0
"DOLAR OFICIAL",154.75,155,154.75,155,2022-10-04,155,1664852400,0.5,0.5,0.5,0,0
"DOLAR OFICIAL",155,155.25,155,155.25,2022-10-05,155.25,1664938800,0.5,0.5,0.5,0,0
"DOLAR OFICIAL",155.25,155.25,155.25,155.25,2022-10-06,155.25,1665025200,0.51,0.51,0.51,0,0
"DOLAR OFICIAL",155.25,155.25,155.25,155.25,2022-10-07,155.25,1665111600,0.51,0.51,0.51,0,0
"DOLAR OFICIAL",155.25,155.25,155.25,155.25,2022-10-10,155.25,1665370800,0.51,0.51,0.51,0,0
"DOLAR OFICIAL",155.25,157,155.25,157,2022-10-11,157,1665457200,0.51,0.51,0.51,0,0
"DOLAR OFICIAL",157,157.25,157,157.25,2022-10-12,157.25,1665543600,0.51,0.51,0.51,0,0
"DOLAR OFICIAL",157.25,157.25,157.25,157.25,2022-10-13,157.25,1665630000,0.5,0.5,0.5,0,0
"DOLAR OFICIAL",157.25,157.25,157.25,157.25,2022-10-14,157.25,1665716400,0.5,0.5,0.5,0,0
"DOLAR OFICIAL",157.25,158.75,157.25,158.75,2022-10-17,158.75,1665975600,0.51,0.52,0.51,0,0
"DOLAR OFICIAL",158.75,159,158.75,159,2022-10-18,159,1666062000,0.52,0.52,0.52,0,0
"DOLAR OFICIAL",159,159,159,159,2022-10-19,159,1666148400,0.52,0.52,0.52,0,0
"DOLAR OFICIAL",159,159.5,159,159.5,2022-10-20,159.5,1666234800,0.52,0.52,0.52,0,0
"DOLAR OFICIAL",159.5,159.5,159.5,159.5,2022-10-21,159.5,1666321200,0.53,0.53,0.53,0,0
"DOLAR OFICIAL",159.5,161,159.5,161,2022-10-24,161,1666580400,0.52,0.53,0.52,0,0
"DOLAR OFICIAL",161,161.5,161,161.5,2022-10-25,161.5,1666666800,0.53,0.53,0.53,0,0
"DOLAR OFICIAL",161.5,161.5,161.5,161.5,2022-10-26,161.5,1666753200,0.53,0.53,0.53,0,0
"DOLAR OFICIAL",161.5,161.5,161.5,161.5,2022-10-27,161.5,1666839600,0.53,0.53,0.53,0,0
"DOLAR OFICIAL",161.5,161.5,161.5,161.5,2022-10-28,161.5,1666926000,0.53,0.53,0.53,0,0
"DOLAR OFICIAL",161.5,162.5,161.5,162.5,2022-10-31,162.5,1667185200,0.53,0.53,0.53,0,0
"DOLAR OFICIAL",162.5,163,162.5,163,2022-11-01,163,1667271600,0.54,0.54,0.54,0,0
"DOLAR OFICIAL",163,163.5,163,163.5,2022-11-02,163.5,1667358000,0.54,0.54,0.54,0,0
"DOLAR OFICIAL",163.5,164,163.5,164,2022-11-03,164,1667444400,0.54,0.54,0.54,0,0
"DOLAR OFICIAL",164,164.5,164,164.5,2022-11-04,164.5,1667530800,0.54,0.54,0.54,0,0
"DOLAR OFICIAL",164.5,165.5,164.5,165.5,2022-11-07,165.5,1667790000,0.54,0.55,0.54,0,0
"DOLAR OFICIAL",165.5,166,165.5,166,2022-11-08,166,1667876400,0.54,0.54,0.54,0,0
"DOLAR OFICIAL",166,166.5,166,166.5,2022-11-09,166.5,1667962800,0.54,0.54,0.54,0,0
"DOLAR OFICIAL",166.5,167,166.5,167,2022-11-10,167,1668049200,0.54,0.54,0.54,0,0
"DOLAR OFICIAL",167,167,167,167,2022-11-11,167,1668135600,0.54,0.54,0.54,0,0
"DOLAR OFICIAL",167,167.5,167,167.5,2022-11-14,167.5,1668394800,0.54,0.54,0.54,0,0
"DOLAR OFICIAL",167.5,168,167.5,168,2022-11-15,168,1668481200,0.52,0.53,0.52,0,0
"DOLAR OFICIAL",168,169,168,169,2022-11-16,169,1668567600,0.52,0.52,0.52,0,0
"DOLAR OFICIAL",169,169.25,169,169.25,2022-11-17,169.25,1668654000,0.5,0.51,0.5,0,0
"DOLAR OFICIAL",169.25,169.25,169.25,169.25,2022-11-18,169.25,1668740400,0.51,0.51,0.51,0,0
"DOLAR OFICIAL",169.25,169.25,169.25,169.25,2022-11-21,169.25,1668999600,0.51,0.51,0.51,0,0
"DOLAR OFICIAL",169.25,170.25,169.25,170.25,2022-11-22,170.25,1669086000,0.51,0.51,0.51,0,0
"DOLAR OFICIAL",170.25,171.25,170.25,171.25,2022-11-23,171.25,1669172400,0.52,0.53,0.52,0,0
"DOLAR OFICIAL",171.25,171.75,171.25,171.75,2022-11-24,171.75,1669258800,0.53,0.53,0.53,0,0
"DOLAR OFICIAL",171.75,171.75,171.75,171.75,2022-11-25,171.75,1669345200,0.53,0.53,0.53,0,0
"DOLAR OFICIAL",171.75,172.75,171.75,172.75,2022-11-28,172.75,1669604400,0.53,0.54,0.53,0,0
"DOLAR OFICIAL",172.75,173.75,172.75,173.75,2022-11-29,173.75,1669690800,0.54,0.54,0.54,0,0
"DOLAR OFICIAL",173.75,174.25,173.75,174.25,2022-11-30,174.25,1669777200,0.54,0.54,0.54,0,0
"DOLAR OFICIAL",174.25,174.25,174.25,174.25,2022-12-01,174.25,1669863600,0.54,0.54,0.54,0,0
"DOLAR OFICIAL",174.25,174.75,174.25,174.75,2022-12-02,174.75,1669950000,0.53,0.53,0.53,0,0
"DOLAR OFICIAL",174.75,175.75,174.75,175.75,2022-12-05,175.75,1670209200,0.53,0.53,0.53,0,0
"DOLAR OFICIAL",175.75,176,175.75,176,2022-12-06,176,1670295600,0.52,0.52,0.52,0,0
"DOLAR OFICIAL",176,176,176,176,2022-12-07,176,1670382000,0.52,0.52,0.52,0,0
"DOLAR OFICIAL",176,176,176,176,2022-12-08,176,1670468400,0.52,0.52,0.52,0,0
"DOLAR OFICIAL",176,176,176,176,2022-12-09,176,1670554800,0.52,0.52,0.52,0,0
"DOLAR OFICIAL",176,178,176,178,2022-12-12,178,1670814000,0.53,0.54,0.53,0,0
"DOLAR OFICIAL",178,178.5,178,178.5,2022-12-13,178.5,1670900400,0.53,0.53,0.53,0,0
"DOLAR OFICIAL",178.5,178.5,178.5,178.5,2022-12-14,178.5,1670986800,0.54,0.54,0.54,0,0
"DOLAR OFICIAL",178.5,178.5,178.5,178.5,2022-12-15,178.5,1671073200,0.54,0.54,0.54,0,0
"DOLAR OFICIAL",178.5,179,178.5,179,2022-12-16,179,1671159600,0.54,0.54,0.54,0,0
"DOLAR OFICIAL",179,180,179,180,2022-12-19,180,1671418800,0.54,0.54,0.54,0,0
"DOLAR OFICIAL",180,180,180,180,2022-12-20,180,1671505200,0.54,0.54,0.54,0,0
"DOLAR OFICIAL",180,180.5,180,180.5,2022-12-21,180.5,1671591600,0.54,0.54,0.54,0,0
"DOLAR OFICIAL",180.5,180.5,180.5,180.5,2022-12-22,180.5,1671678000,0.54,0.54,0.54,0,0
"DOLAR OFICIAL",180.5,181,180.5,181,2022-12-23,181,1671764400,0.54,0.54,0.54,0,0
"DOLAR OFICIAL",181,182.5,181,182.5,2022-12-26,182.5,1672023600,0.54,0.55,0.54,0,0
"DOLAR OFICIAL",182.5,182.5,182.5,182.5,2022-12-27,182.5,1672110000,0.54,0.54,0.54,0,0
"DOLAR OFICIAL",182.5,183,182.5,183,2022-12-28,183,1672196400,0.53,0.53,0.53,0,0
"DOLAR OFICIAL",183,183.25,183,183.25,2022-12-29,183.25,1672282800,0.54,0.54,0.54,0,0
"DOLAR OFICIAL",183.25,183.25,183.25,183.25,2022-12-30,183.25,1672369200,0.53,0.53,0.53,0,0
"DOLAR OFICIAL",183.25,184.75,183,184.75,2023-01-02,184.75,1672628400,0.53,0.54,0.53,0,0
"DOLAR OFICIAL",184.75,185.75,184.75,185.75,2023-01-03,185.75,1672714800,0.54,0.54,0.54,0,0
"DOLAR OFICIAL",185.75,185.75,185.75,185.75,2023-01-04,185.75,1672801200,0.55,0.55,0.55,0,0
"DOLAR OFICIAL",185.75,185.75,185.75,185.75,2023-01-05,185.75,1672887600,0.54,0.54,0.54,0,0
"DOLAR OFICIAL",185.75,185.75,185.75,185.75,2023-01-06,185.75,1672974000,0.55,0.55,0.55,0,0
"DOLAR OFICIAL",185.75,187.25,185.75,187.25,2023-01-09,187.25,1673233200,0.56,0.56,0.56,0,0
"DOLAR OFICIAL",187.25,187.75,187.25,187.75,2023-01-10,187.75,1673319600,0.56,0.57,0.56,0,0
"DOLAR OFICIAL",187.75,187.75,187.75,187.75,2023-01-11,187.75,1673406000,0.56,0.56,0.56,0,0
"DOLAR OFICIAL",187.75,187.75,187.75,187.75,2023-01-12,187.75,1673492400,0.55,0.55,0.55,0,0
"DOLAR OFICIAL",187.75,187.75,187.75,187.75,2023-01-13,187.75,1673578800,0.54,0.54,0.54,0,0
"DOLAR OFICIAL",187.75,189,187.75,189,2023-01-16,189,1673838000,0.53,0.53,0.53,0,0
"DOLAR OFICIAL",189,189.25,189,189.25,2023-01-17,189.25,1673924400,0.52,0.52,0.52,0,0
"DOLAR OFICIAL",189.25,189.25,189.25,189.25,2023-01-18,189.25,1674010800,0.54,0.54,0.54,0,0
"DOLAR OFICIAL",189.25,189.25,189.25,189.25,2023-01-19,189.25,1674097200,0.53,0.53,0.53,0,0
"DOLAR OFICIAL",189.25,189.75,189.25,189.75,2023-01-20,189.75,1674183600,0.52,0.53,0.52,0,0
"DOLAR OFICIAL",189.75,191.25,189.75,191.25,2023-01-23,191.25,1674442800,0.52,0.53,0.52,0,0
"DOLAR OFICIAL",191.25,191.5,191.25,191.5,2023-01-24,191.5,1674529200,0.53,0.53,0.53,0,0
"DOLAR OFICIAL",191.5,191.5,191.5,191.5,2023-01-25,191.5,1674615600,0.52,0.52,0.52,0,0
"DOLAR OFICIAL",191.5,192.25,191.5,192.25,2023-01-26,192.25,1674702000,0.52,0.52,0.52,0,0
"DOLAR OFICIAL",192.25,192.25,192.25,192.25,2023-01-27,192.25,1674788400,0.52,0.52,0.52,0,0
"DOLAR OFICIAL",192.25,193.25,192.25,193.25,2023-01-30,193.25,1675047600,0.52,0.52,0.52,0,0
"DOLAR OFICIAL",193.25,194,193.25,194,2023-01-31,194,1675134000,0.53,0.53,0.53,0,0
"DOLAR OFICIAL",194,194.5,194,194.5,2023-02-01,194.5,1675220400,0.53,0.53,0.53,0,0
"DOLAR OFICIAL",194.5,194.5,194.5,194.5,2023-02-02,194.5,1675306800,0.53,0.53,0.53,0,0
"DOLAR OFICIAL",194.5,195,194.5,195,2023-02-03,195,1675393200,0.54,0.54,0.54,0,0
"DOLAR OFICIAL",195,196,195,196,2023-02-06,196,1675652400,0.53,0.54,0.53,0,0
"DOLAR OFICIAL",196,196.25,196,196.25,2023-02-07,196.25,1675738800,0.54,0.54,0.54,0,0
"DOLAR OFICIAL",196.25,196.25,196.25,196.25,2023-02-08,196.25,1675825200,0.54,0.54,0.54,0,0
"DOLAR OFICIAL",196.25,196.25,196.25,196.25,2023-02-09,196.25,1675911600,0.53,0.53,0.53,0,0
"DOLAR OFICIAL",196.25,197.25,196.25,197.25,2023-02-10,197.25,1675998000,0.53,0.53,0.53,0,0
"DOLAR OFICIAL",197.25,197.75,197.25,197.75,2023-02-13,197.75,1676257200,0.53,0.53,0.53,0,0
"DOLAR OFICIAL",197.75,198,197.75,198,2023-02-14,198,1676343600,0.53,0.54,0.53,0,0
"DOLAR OFICIAL",198,198.25,198,198.25,2023-02-15,198.25,1676430000,0.54,0.54,0.54,0,0
"DOLAR OFICIAL",198.25,198.5,198.25,198.5,2023-02-16,198.5,1676516400,0.54,0.54,0.54,0,0
"DOLAR OFICIAL",198.5,199.25,198.5,199.25,2023-02-17,199.25,1676602800,0.54,0.54,0.54,0,0
"DOLAR OFICIAL",199.25,199.25,199.25,199.25,2023-02-20,199.25,1676862000,0.54,0.54,0.54,0,0
"DOLAR OFICIAL",199.25,199.25,199.25,199.25,2023-02-21,199.25,1676948400,0.54,0.54,0.54,0,0
"DOLAR OFICIAL",199.25,200.5,199.25,200.5,2023-02-22,200.5,1677034800,0.54,0.54,0.54,0,0
"DOLAR OFICIAL",200.5,202,200.5,202,2023-02-23,202,1677121200,0.55,0.55,0.55,0,0
"DOLAR OFICIAL",202,202,202,202,2023-02-24,202,1677207600,0.55,0.55,0.55,0,0
"DOLAR OFICIAL",202,203.5,202,203.5,2023-02-27,203.5,1677466800,0.55,0.56,0.55,0,0
"DOLAR OFICIAL",203.5,204,203.5,204,2023-02-28,204,1677553200,0.56,0.56,0.56,0,0
"DOLAR OFICIAL",204,204,204,204,2023-03-01,204,1677639600,0.55,0.55,0.55,0,0
"DOLAR OFICIAL",204,205,204,205,2023-03-02,205,1677726000,0.55,0.55,0.55,0,0
"DOLAR OFICIAL",205,205.5,205,205.5,2023-03-03,205.5,1677812400,0.55,0.55,0.55,0,0
"DOLAR OFICIAL",205.5,206.25,205.5,206.25,2023-03-06,206.25,1678071600,0.55,0.55,0.55,0,0
"DOLAR OFICIAL",206.25,206.25,206.25,206.25,2023-03-07,206.25,1678158000,0.55,0.55,0.55,0,0
"DOLAR OFICIAL",206.25,206.75,206.25,206.75,2023-03-08,206.75,1678244400,0.54,0.55,0.54,0,0
"DOLAR OFICIAL",206.75,206.75,206.75,206.75,2023-03-09,206.75,1678330800,0.53,0.53,0.53,0,0
"DOLAR OFICIAL",206.75,207,206.75,207,2023-03-10,207,1678417200,0.53,0.53,0.53,0,0
"DOLAR OFICIAL",207,208.25,207,208.25,2023-03-13,208.25,1678676400,0.52,0.53,0.52,0,0
"DOLAR OFICIAL",208.25,208.75,208.25,208.75,2023-03-14,208.75,1678762800,0.53,0.53,0.53,0,0
"DOLAR OFICIAL",208.75,209,208.75,209,2023-03-15,209,1678849200,0.53,0.53,0.53,0,0
"DOLAR OFICIAL",209,209.5,209,209.5,2023-03-16,209.5,1678935600,0.52,0.52,0.52,0,0
"DOLAR OFICIAL",209.5,210,209.5,210,2023-03-17,210,1679022000,0.52,0.52,0.52,0,0
"DOLAR OFICIAL",210,211,210,211,2023-03-20,211,1679281200,0.52,0.53,0.52,0,0
"DOLAR OFICIAL",211,211.75,211,211.75,2023-03-21,211.75,1679367600,0.53,0.53,0.53,0,0
"DOLAR OFICIAL",211.75,212.25,211.75,212.25,2023-03-22,212.25,1679454000,0.53,0.53,0.53,0,0
"DOLAR OFICIAL",212.25,212.5,212.25,212.5,2023-03-23,212.5,1679540400,0.54,0.54,0.54,0,0
"DOLAR OFICIAL",212.5,212.5,212.5,212.5,2023-03-24,212.5,1679626800,0.54,0.54,0.54,0,0
"DOLAR OFICIAL",212.5,213.5,212.5,213.5,2023-03-27,213.5,1679886000,0.54,0.54,0.54,0,0
"DOLAR OFICIAL",213.5,214.5,213.5,214.5,2023-03-28,214.5,1679972400,0.55,0.55,0.55,0,0
"DOLAR OFICIAL",214.5,215,214.5,215,2023-03-29,215,1680058800,0.54,0.54,0.54,0,0
"DOLAR OFICIAL",215,215.5,215,215.5,2023-03-30,215.5,1680145200,0.53,0.54,0.53,0,0
"DOLAR OFICIAL",215.5,215.5,215.5,215.5,2023-03-31,215.5,1680231600,0.53,0.53,0.53,0,0
"DOLAR OFICIAL",215.5,216.5,215.5,216.5,2023-04-03,216.5,1680490800,0.53,0.53,0.53,0,0
"DOLAR OFICIAL",216.5,217.5,216.5,217.5,2023-04-04,217.5,1680577200,0.53,0.53,0.53,0,0
"DOLAR OFICIAL",217.5,218.5,217.5,218.5,2023-04-05,218.5,1680663600,0.53,0.54,0.53,0,0
"DOLAR OFICIAL",218.5,218.5,218.5,218.5,2023-04-06,218.5,1680750000,0.54,0.54,0.54,0,0
"DOLAR OFICIAL",218.5,218.5,218.5,218.5,2023-04-07,218.5,1680836400,0.54,0.54,0.54,0,0
"DOLAR OFICIAL",218.5,220.25,218.5,220.25,2023-04-10,220.25,1681095600,0.54,0.55,0.54,0,0
"DOLAR OFICIAL",220.25,220.75,220.25,220.75,2023-04-11,220.75,1681182000,0.55,0.55,0.55,0,0
"DOLAR OFICIAL",220.75,220.75,220.75,220.75,2023-04-12,220.75,1681268400,0.55,0.55,0.55,0,0
"DOLAR OFICIAL",220.75,220.75,220.75,220.75,2023-04-13,220.75,1681354800,0.55,0.55,0.55,0,0
"DOLAR OFICIAL",220.75,220.75,220.75,220.75,2023-04-14,220.75,1681441200,0.55,0.55,0.55,0,0
"DOLAR OFICIAL",221,222.5,221,222.5,2023-04-17,222.5,1681700400,0.54,0.54,0.54,0,0
"DOLAR OFICIAL",222.5,223,222.5,223,2023-04-18,223,1681786800,0.52,0.52,0.52,0,0
"DOLAR OFICIAL",223,224,223,224,2023-04-19,224,1681873200,0.52,0.52,0.52,0,0
"DOLAR OFICIAL",224,224.5,224,224.5,2023-04-20,224.5,1681959600,0.51,0.52,0.51,0,0
"DOLAR OFICIAL",224.5,224.5,224.5,224.5,2023-04-21,224.5,1682046000,0.49,0.49,0.49,0,0
"DOLAR OFICIAL",224.5,226,224.5,226,2023-04-24,226,1682305200,0.49,0.49,0.49,0,0
"DOLAR OFICIAL",226,226.5,226,226.5,2023-04-25,226.5,1682391600,0.49,0.49,0.49,0,0
"DOLAR OFICIAL",226.5,227.5,226.5,227.5,2023-04-26,227.5,1682478000,0.48,0.48,0.48,0,0
"DOLAR OFICIAL",227.5,228.5,227.5,228.5,2023-04-27,228.5,1682564400,0.5,0.5,0.5,0,0
"DOLAR OFICIAL",228.5,229,228.5,229,2023-04-28,229,1682650800,0.5,0.51,0.5,0,0
"DOLAR OFICIAL",229,229,229,229,2023-05-01,229,1682910000,0.51,0.51,0.51,0,0
"DOLAR OFICIAL",229,230.5,229,230.5,2023-05-02,230.5,1682996400,0.5,0.5,0.5,0,0
"DOLAR OFICIAL",230.5,232,230.5,232,2023-05-03,232,1683082800,0.51,0.52,0.51,0,0
"DOLAR OFICIAL",232,233,232,233,2023-05-04,233,1683169200,0.52,0.52,0.52,0,0
"DOLAR OFICIAL",233,234,233,234,2023-05-05,234,1683255600,0.51,0.51,0.51,0,0
"DOLAR OFICIAL",234,236,234,236,2023-05-08,236,1683514800,0.51,0.52,0.51,0,0
"DOLAR OFICIAL",236,237,236,237,2023-05-09,237,1683601200,0.52,0.52,0.52,0,0
"DOLAR OFICIAL",237,237.5,237,237.5,2023-05-10,237.5,1683687600,0.53,0.53,0.53,0,0
"DOLAR OFICIAL",237.5,238,237.5,238,2023-05-11,238,1683774000,0.52,0.52,0.52,0,0
"DOLAR OFICIAL",238,238.5,238,238.5,2023-05-12,238.5,1683860400,0.51,0.51,0.51,0,0
"DOLAR OFICIAL",238.5,240,238.5,240,2023-05-15,240,1684119600,0.5,0.51,0.5,0,0
"DOLAR OFICIAL",240,240.5,240,240.5,2023-05-16,240.5,1684206000,0.5,0.5,0.5,0,0
"DOLAR OFICIAL",240.5,241,240.5,241,2023-05-17,241,1684292400,0.5,0.5,0.5,0,0
"DOLAR OFICIAL",241,241.5,241,241.5,2023-05-18,241.5,1684378800,0.49,0.49,0.49,0,0
"DOLAR OFICIAL",241.5,242,241.5,242,2023-05-19,242,1684465200,0.49,0.49,0.49,0,0
"DOLAR OFICIAL",242,243.5,242,243.5,2023-05-22,243.5,1684724400,0.49,0.49,0.49,0,0
"DOLAR OFICIAL",243.5,244,243.5,244,2023-05-23,244,1684810800,0.49,0.49,0.49,0,0
"DOLAR OFICIAL",244,244.5,244,244.5,2023-05-24,244.5,1684897200,0.5,0.5,0.5,0,0
"DOLAR OFICIAL",244.5,244.5,244.5,244.5,2023-05-25,244.5,1684983600,0.5,0.5,0.5,0,0
"DOLAR OFICIAL",244.5,244.5,244.5,244.5,2023-05-26,244.5,1685070000,0.5,0.5,0.5,0,0
"DOLAR OFICIAL",244.5,244.5,244.5,244.5,2023-05-29,244.5,1685329200,0.49,0.49,0.49,0,0
"DOLAR OFICIAL",244.5,244.5,244.5,244.5,2023-05-30,244.5,1685415600,0.5,0.5,0.5,0,0
"DOLAR OFICIAL",244.5,244.5,244.5,244.5,2023-05-31,244.5,1685502000,0.5,0.5,0.5,0,0
"DOLAR OFICIAL",244.5,244.5,244.5,251,2023-06-01,251,1685588400,0.49,0.49,0.49,0,0
"DOLAR OFICIAL",244.5,244.5,244.5,251,2023-06-02,251,1685674800,0.49,0.49,0.49,0,0
"DOLAR OFICIAL",253,253,253,253,2023-06-05,253,1685934000,0.51,0.51,0.51,0,0
"DOLAR OFICIAL",254,254,254,254,2023-06-06,254,1686020400,0.51,0.51,0.51,0,0
"DOLAR OFICIAL",255,255,255,255,2023-06-07,255,1686106800,0.52,0.52,0.52,0,0
"DOLAR OFICIAL",256,256,256,256,2023-06-08,256,1686193200,0.51,0.51,0.51,0,0
"DOLAR OFICIAL",257,257,257,257,2023-06-09,257,1686279600,0.51,0.51,0.51,0,0
"DOLAR OFICIAL",258,258,258,258,2023-06-12,258,1686538800,0.51,0.51,0.51,0,0
"DOLAR OFICIAL",258,258,258,258,2023-06-13,258,1686625200,0.52,0.52,0.52,0,0
"DOLAR OFICIAL",258,258,258,258,2023-06-14,258,1686711600,0.51,0.51,0.51,0,0
"DOLAR OFICIAL",256.5,258,256.5,258,2023-06-15,258,1686798000,0.51,0.51,0.51,0,0
"DOLAR OFICIAL",258,259,258,259,2023-06-16,259,1686884400,0.51,0.51,0.51,0,0
"DOLAR OFICIAL",259,259,259,259,2023-06-19,259,1687143600,0.51,0.51,0.51,0,0
"DOLAR OFICIAL",259,259,259,259,2023-06-20,259,1687230000,0.51,0.51,0.51,0,0
"DOLAR OFICIAL",259,262.5,259,262.5,2023-06-21,262.5,1687316400,0.51,0.52,0.51,0,0
"DOLAR OFICIAL",262.5,263.5,262.5,263.5,2023-06-22,263.5,1687402800,0.51,0.52,0.51,0,0
"DOLAR OFICIAL",263.5,264.5,263.5,264.5,2023-06-23,264.5,1687489200,0.51,0.51,0.51,0,0
"DOLAR OFICIAL",264.5,265.5,264.5,265.5,2023-06-26,265.5,1687748400,0.52,0.52,0.52,0,0
"DOLAR OFICIAL",265.5,266,265.5,266,2023-06-27,266,1687834800,0.52,0.52,0.52,0,0
"DOLAR OFICIAL",266,266.5,266,266.5,2023-06-28,266.5,1687921200,0.53,0.53,0.53,0,0
"DOLAR OFICIAL",266.5,267,266.5,267,2023-06-29,267,1688007600,0.53,0.53,0.53,0,0
"DOLAR OFICIAL",267,267.5,267,267.5,2023-06-30,267.5,1688094000,0.52,0.52,0.52,0,0
"DOLAR OFICIAL",267.5,270,267.5,270,2023-07-03,270,1688353200,0.53,0.53,0.53,0,0
"DOLAR OFICIAL",270,270.5,270,270.5,2023-07-04,270.5,1688439600,0.53,0.53,0.53,0,0
"DOLAR OFICIAL",270.5,271.5,270.5,271.5,2023-07-05,271.5,1688526000,0.53,0.53,0.53,0,0
"DOLAR OFICIAL",271.5,272,271.5,272,2023-07-06,272,1688612400,0.53,0.53,0.53,0,0
"DOLAR OFICIAL",272,273,272,273,2023-07-07,273,1688698800,0.53,0.53,0.53,0,0
"DOLAR OFICIAL",273,274.5,273,274.5,2023-07-10,274.5,1688958000,0.53,0.53,0.53,0,0
"DOLAR OFICIAL",274.5,275,274.5,275,2023-07-11,275,1689044400,0.53,0.54,0.53,0,0
"DOLAR OFICIAL",275,275.5,275,275.5,2023-07-12,275.5,1689130800,0.53,0.53,0.53,0,0
"DOLAR OFICIAL",275.5,276.5,275.5,276.5,2023-07-13,276.5,1689217200,0.52,0.53,0.52,0,0
"DOLAR OFICIAL",276.5,277,276.5,277,2023-07-14,277,1689303600,0.51,0.51,0.51,0,0
"DOLAR OFICIAL",277,279,277,279,2023-07-17,279,1689562800,0.52,0.52,0.52,0,0
"DOLAR OFICIAL",279,279,279,279,2023-07-18,279,1689649200,0.53,0.53,0.53,0,0
"DOLAR OFICIAL",279,279.5,279,279.5,2023-07-19,279.5,1689735600,0.53,0.53,0.53,0,0
"DOLAR OFICIAL",279.5,280,279.5,280,2023-07-20,280,1689822000,0.53,0.53,0.53,0,0
"DOLAR OFICIAL",280,280,280,280,2023-07-21,280,1689908400,0.52,0.52,0.52,0,0
"DOLAR OFICIAL",281.5,283.5,281.5,283.5,2023-07-24,283.5,1690167600,0.53,0.53,0.53,0,0
"DOLAR OFICIAL",283.5,283.5,283.5,283.5,2023-07-25,283.5,1690254000,0.52,0.52,0.52,0,0
"DOLAR OFICIAL",283.5,284,283.5,284,2023-07-26,284,1690340400,0.52,0.52,0.52,0,0
"DOLAR OFICIAL",284,284,284,284,2023-07-27,284,1690426800,0.52,0.52,0.52,0,0
"DOLAR OFICIAL",284,285,284,285,2023-07-28,285,1690513200,0.52,0.52,0.52,0,0
"DOLAR OFICIAL",285,286,285,286,2023-07-31,286,1690772400,0.52,0.52,0.52,0,0
"DOLAR OFICIAL",286,287.5,286,287.5,2023-08-01,287.5,1690858800,0.51,0.51,0.51,0,0
"DOLAR OFICIAL",287.5,288.5,287.5,288.5,2023-08-02,288.5,1690945200,0.51,0.51,0.51,0,0
"DOLAR OFICIAL",288.5,290,288.5,290,2023-08-03,290,1691031600,0.5,0.5,0.5,0,0
"DOLAR OFICIAL",290,291,290,291,2023-08-04,291,1691118000,0.5,0.5,0.5,0,0
"DOLAR OFICIAL",291,293,291,293,2023-08-07,293,1691377200,0.49,0.49,0.49,0,0
"DOLAR OFICIAL",293,294,293,294,2023-08-08,294,1691463600,0.49,0.49,0.49,0,0
"DOLAR OFICIAL",294,295,294,295,2023-08-09,295,1691550000,0.5,0.5,0.5,0,0
"DOLAR OFICIAL",295,296,295,296,2023-08-10,296,1691636400,0.49,0.49,0.49,0,0
"DOLAR OFICIAL",296,298.5,296,298.5,2023-08-11,298.5,1691722800,0.49,0.5,0.49,0,0
"DOLAR OFICIAL",298.5,365.5,298.5,365.5,2023-08-14,365.5,1691982000,0.46,0.56,0.46,0,0
"DOLAR OFICIAL",365.5,365.5,365.5,365.5,2023-08-15,365.5,1692068400,0.52,0.52,0.52,0,0
"DOLAR OFICIAL",365.5,365.5,365.5,365.5,2023-08-16,365.5,1692154800,0.51,0.51,0.51,0,0
"DOLAR OFICIAL",365.5,365.5,365.5,365.5,2023-08-17,365.5,1692241200,0.49,0.49,0.49,0,0
"DOLAR OFICIAL",365.5,365.5,365.5,365.5,2023-08-18,365.5,1692327600,0.49,0.49,0.49,0,0
"DOLAR OFICIAL",365.5,365.5,365.5,365.5,2023-08-21,365.5,1692586800,0.49,0.49,0.49,0,0
"DOLAR OFICIAL",365.5,365.5,365.5,365.5,2023-08-22,365.5,1692673200,0.49,0.49,0.49,0,0
"DOLAR OFICIAL",365.5,365.5,365.5,365.5,2023-08-23,365.5,1692759600,0.49,0.49,0.49,0,0
"DOLAR OFICIAL",365.5,365.5,365.5,365.5,2023-08-24,365.5,1692846000,0.48,0.48,0.48,0,0
"DOLAR OFICIAL",365.5,365.5,365.5,365.5,2023-08-25,365.5,1692932400,0.47,0.47,0.47,0,0
"DOLAR OFICIAL",365.5,365.5,365.5,365.5,2023-08-28,365.5,1693191600,0.46,0.46,0.46,0,0
"DOLAR OFICIAL",365.5,365.5,365.5,365.5,2023-08-29,365.5,1693278000,0.46,0.46,0.46,0,0
"DOLAR OFICIAL",365.5,365.5,365.5,365.5,2023-08-30,365.5,1693364400,0.46,0.46,0.46,0,0
"DOLAR OFICIAL",365.5,365.5,365.5,365.5,2023-08-31,365.5,1693450800,0.47,0.47,0.47,0,0
"DOLAR OFICIAL",365.5,365.5,365.5,365.5,2023-09-01,365.5,1693537200,0.48,0.48,0.48,0,0
"DOLAR OFICIAL",365.5,365.5,365.5,365.5,2023-09-04,365.5,1693796400,0.47,0.47,0.47,0,0
"DOLAR OFICIAL",365.5,365.5,365.5,365.5,2023-09-05,365.5,1693882800,0.48,0.48,0.48,0,0
"DOLAR OFICIAL",365.5,365.5,365.5,365.5,2023-09-06,365.5,1693969200,0.48,0.48,0.48,0,0
"DOLAR OFICIAL",365.5,365.5,365.5,365.5,2023-09-07,365.5,1694055600,0.49,0.49,0.49,0,0
"DOLAR OFICIAL",365.5,365.5,365.5,365.5,2023-09-08,365.5,1694142000,0.49,0.49,0.49,0,0
"DOLAR OFICIAL",365.5,365.5,365.5,365.5,2023-09-11,365.5,1694401200,0.5,0.5,0.5,0,0
"DOLAR OFICIAL",365.5,365.5,365.5,365.5,2023-09-12,365.5,1694487600,0.49,0.49,0.49,0,0
"DOLAR OFICIAL",365.5,365.5,365.5,365.5,2023-09-13,365.5,1694574000,0.49,0.49,0.49,0,0
"DOLAR OFICIAL",365.5,365.5,365.5,365.5,2023-09-14,365.5,1694660400,0.49,0.49,0.49,0,0
"DOLAR OFICIAL",365.5,365.5,365.5,365.5,2023-09-15,365.5,1694746800,0.49,0.49,0.49,0,0
"DOLAR OFICIAL",365.5,365.5,365.5,365.5,2023-09-18,365.5,1695006000,0.5,0.5,0.5,0,0
"DOLAR OFICIAL",365.5,365.5,365.5,365.5,2023-09-19,365.5,1695092400,0.5,0.5,0.5,0,0
"DOLAR OFICIAL",365.5,365.5,365.5,365.5,2023-09-20,365.5,1695178800,0.49,0.49,0.49,0,0
"DOLAR OFICIAL",365.5,365.5,365.5,365.5,2023-09-21,365.5,1695265200,0.49,0.49,0.49,0,0
"DOLAR OFICIAL",365.5,365.5,365.5,365.5,2023-09-22,365.5,1695351600,0.49,0.49,0.49,0,0
"DOLAR OFICIAL",365.5,365.5,365.5,365.5,2023-09-25,365.5,1695610800,0.48,0.48,0.48,0,0
"DOLAR OFICIAL",365.5,365.5,365.5,365.5,2023-09-26,365.5,1695697200,0.47,0.47,0.47,0,0
"DOLAR OFICIAL",365.5,365.5,365.5,365.5,2023-09-27,365.5,1695783600,0.46,0.46,0.46,0,0
"DOLAR OFICIAL",365.5,365.5,365.5,365.5,2023-09-28,365.5,1695870000,0.45,0.45,0.45,0,0
"DOLAR OFICIAL",365.5,365.5,365.5,365.5,2023-09-29,365.5,1695956400,0.44,0.44,0.44,0,0
"DOLAR OFICIAL",365.5,365.5,365.5,365.5,2023-10-02,365.5,1696215600,0.44,0.44,0.44,0,0
"DOLAR OFICIAL",365.5,365.5,365.5,365.5,2023-10-03,365.5,1696302000,0.44,0.44,0.44,0,0
"DOLAR OFICIAL",365.5,365.5,365.5,365.5,2023-10-04,365.5,1696388400,0.4,0.4,0.4,0,0
"DOLAR OFICIAL",365.5,365.5,365.5,365.5,2023-10-05,365.5,1696474800,0.41,0.41,0.41,0,0
"DOLAR OFICIAL",365.5,365.5,365.5,365.5,2023-10-06,365.5,1696561200,0.41,0.41,0.41,0,0
"DOLAR OFICIAL",365.5,365.5,365.5,365.5,2023-10-09,365.5,1696820400,0.41,0.41,0.41,0,0
"DOLAR OFICIAL",365.5,365.5,365.5,365.5,2023-10-10,365.5,1696906800,0.38,0.38,0.38,0,0
"DOLAR OFICIAL",365.5,365.5,365.5,365.5,2023-10-11,365.5,1696993200,0.39,0.39,0.39,0,0
"DOLAR OFICIAL",365.5,365.5,365.5,365.5,2023-10-12,365.5,1697079600,0.38,0.38,0.38,0,0
"DOLAR OFICIAL",365.5,365.5,365.5,365.5,2023-10-13,365.5,1697166000,0.38,0.38,0.38,0,0
"DOLAR OFICIAL",365.5,365.5,365.5,365.5,2023-10-16,365.5,1697425200,0.38,0.38,0.38,0,0
"DOLAR OFICIAL",365.5,365.5,365.5,365.5,2023-10-17,365.5,1697511600,0.38,0.38,0.38,0,0
"DOLAR OFICIAL",365.5,365.5,365.5,365.5,2023-10-18,365.5,1697598000,0.38,0.38,0.38,0,0
"DOLAR OFICIAL",365.5,365.5,365.5,365.5,2023-10-19,365.5,1697684400,0.38,0.38,0.38,0,0
"DOLAR OFICIAL",365.5,365.5,365.5,365.5,2023-10-20,365.5,1697770800,0.33,0.33,0.33,0,0
"DOLAR OFICIAL",365.5,365.5,365.5,365.5,2023-10-23,365.5,1698030000,0.39,0.39,0.39,0,0
"DOLAR OFICIAL",365.5,365.5,365.5,365.5,2023-10-24,365.5,1698116400,0.41,0.41,0.41,0,0
"DOLAR OFICIAL",365.5,365.5,365.5,365.5,2023-10-25,365.5,1698202800,0.41,0.41,0.41,0,0
"DOLAR OFICIAL",365.5,365.5,365.5,365.5,2023-10-26,365.5,1698289200,0.42,0.42,0.42,0,0
"DOLAR OFICIAL",365.5,365.5,365.5,365.5,2023-10-27,365.5,1698375600,0.43,0.43,0.43,0,0
"DOLAR OFICIAL",365.5,365.5,365.5,365.5,2023-10-30,365.5,1698634800,0.43,0.43,0.43,0,0
"DOLAR OFICIAL",365.5,365.5,365.5,365.5,2023-10-31,365.5,1698721200,0.42,0.42,0.42,0,0
"DOLAR OFICIAL",365.5,365.5,365.5,365.5,2023-11-01,365.5,1698807600,0.41,0.41,0.41,0,0
"DOLAR OFICIAL",365.5,365.5,365.5,365.5,2023-11-02,365.5,1698894000,0.41,0.41,0.41,0,0
"DOLAR OFICIAL",365.5,365.5,365.5,365.5,2023-11-03,365.5,1698980400,0.42,0.42,0.42,0,0
"DOLAR OFICIAL",365.5,365.5,365.5,365.5,2023-11-06,365.5,1699239600,0.42,0.42,0.42,0,0
"DOLAR OFICIAL",365.5,365.5,365.5,365.5,2023-11-07,365.5,1699326000,0.43,0.43,0.43,0,0
"DOLAR OFICIAL",365.5,365.5,365.5,365.5,2023-11-08,365.5,1699412400,0.44,0.44,0.44,0,0
"DOLAR OFICIAL",365.5,365.5,365.5,365.5,2023-11-09,365.5,1699498800,0.42,0.42,0.42,0,0
"DOLAR OFICIAL",365.5,365.5,365.5,365.5,2023-11-10,365.5,1699585200,0.42,0.42,0.42,0,0
"DOLAR OFICIAL",365.5,365.5,365.5,365.5,2023-11-13,365.5,1699844400,0.42,0.42,0.42,0,0
"DOLAR OFICIAL",365.5,365.5,365.5,365.5,2023-11-14,365.5,1699930800,0.42,0.42,0.42,0,0
"DOLAR OFICIAL",365.5,368.5,365.5,368.5,2023-11-15,368.5,1700017200,0.42,0.42,0.42,0,0
"DOLAR OFICIAL",368.5,369,368.5,369,2023-11-16,369,1700103600,0.42,0.42,0.42,0,0
"DOLAR OFICIAL",369,369.5,369,369.5,2023-11-17,369.5,1700190000,0.42,0.42,0.42,0,0
"DOLAR OFICIAL",369.5,369.5,369.5,369.5,2023-11-20,369.5,1700449200,0.42,0.42,0.42,0,0
"DOLAR OFICIAL",369.5,371.5,369.5,371.5,2023-11-21,371.5,1700535600,0.42,0.42,0.42,0,0
"DOLAR OFICIAL",371.5,372,371.5,372,2023-11-22,372,1700622000,0.39,0.39,0.39,0,0
"DOLAR OFICIAL",372,372.5,372,372.5,2023-11-23,372.5,1700708400,0.39,0.39,0.39,0,0
"DOLAR OFICIAL",372.5,373,372.5,373,2023-11-24,373,1700794800,0.4,0.4,0.4,0,0
"DOLAR OFICIAL",373,374.5,373,374.5,2023-11-27,374.5,1701054000,0.43,0.44,0.43,0,0
"DOLAR OFICIAL",374.5,375,374.5,375,2023-11-28,375,1701140400,0.44,0.44,0.44,0,0
"DOLAR OFICIAL",375,375.5,375,375.5,2023-11-29,375.5,1701226800,0.46,0.46,0.46,0,0
"DOLAR OFICIAL",375.5,376,375.5,376,2023-11-30,376,1701313200,0.45,0.45,0.45,0,0
"DOLAR OFICIAL",376,376.5,376,376.5,2023-12-01,376.5,1701399600,0.42,0.42,0.42,0,0
"DOLAR OFICIAL",376.5,378,376.5,378,2023-12-04,378,1701658800,0.42,0.42,0.42,0,0
"DOLAR OFICIAL",378,378.5,378,378.5,2023-12-05,378.5,1701745200,0.42,0.42,0.42,0,0
"DOLAR OFICIAL",378.5,379,378.5,379,2023-12-06,379,1701831600,0.4,0.4,0.4,0,0
"DOLAR OFICIAL",379,400.5,379,400.5,2023-12-07,400.5,1701918000,0.38,0.4,0.38,0,0
"DOLAR OFICIAL",400.5,400.5,400.5,400.5,2023-12-08,400.5,1702004400,0.4,0.4,0.4,0,0
"DOLAR OFICIAL",400.5,400.5,400.5,400.5,2023-12-11,400.5,1702263600,0.4,0.4,0.4,0,0
"DOLAR OFICIAL",400.5,400.5,400.5,400.5,2023-12-12,400.5,1702350000,0.39,0.39,0.39,0,0
"DOLAR OFICIAL",820,820,820,820,2023-12-13,820,1702436400,0.81,0.81,0.81,0,0
"DOLAR OFICIAL",820,820.62,820,820.62,2023-12-14,820.62,1702522800,0.81,0.81,0.81,0,0
"DOLAR OFICIAL",820.62,821,820.62,821,2023-12-15,821,1702609200,0.83,0.83,0.83,0,0
"DOLAR OFICIAL",821,822.5,821,822.5,2023-12-18,822.5,1702868400,0.87,0.87,0.87,0,0
"DOLAR OFICIAL",822.5,823,822.5,823,2023-12-19,823,1702954800,0.87,0.87,0.87,0,0
"DOLAR OFICIAL",823,823.5,823,823.5,2023-12-20,823.5,1703041200,0.87,0.87,0.87,0,0
"DOLAR OFICIAL",823.5,824,823.5,824,2023-12-21,824,1703127600,0.87,0.87,0.87,0,0
"DOLAR OFICIAL",824,824.5,824,824.5,2023-12-22,824.5,1703214000,0.87,0.88,0.87,0,0
"DOLAR OFICIAL",824.5,824.5,824.5,824.5,2023-12-25,824.5,1703473200,0.88,0.88,0.88,0,0
"DOLAR OFICIAL",824.5,826.75,824.5,826.75,2023-12-26,826.75,1703559600,0.91,0.92,0.91,0,0
"DOLAR OFICIAL",826.75,827.25,826.75,827.25,2023-12-27,827.25,1703646000,0.95,0.95,0.95,0,0
"DOLAR OFICIAL",827.25,827.75,827.25,827.75,2023-12-28,827.75,1703732400,0.88,0.88,0.88,0,0
"DOLAR OFICIAL",827.75,828.25,827.75,828.25,2023-12-29,828.25,1703818800,0.85,0.85,0.85,0,0
"DOLAR OFICIAL",828.25,828.25,828.25,828.25,2024-01-01,828.25,1704078000,0.85,0.85,0.85,0,0
"DOLAR OFICIAL",828.25,830.25,828.25,830.25,2024-01-02,830.25,1704164400,0.83,0.83,0.83,0,0
"DOLAR OFICIAL",830.25,831,830.25,831,2024-01-03,831,1704250800,0.79,0.79,0.79,0,0
"DOLAR OFICIAL",831,831.5,831,831.5,2024-01-04,831.5,1704337200,0.76,0.76,0.76,0,0
"DOLAR OFICIAL",831.5,832,831.5,832,2024-01-05,832,1704423600,0.73,0.73,0.73,0,0
"DOLAR OFICIAL",832,833.5,820,833.5,2024-01-08,833.5,1704682800,0.69,0.69,0.68,0,0
"DOLAR OFICIAL",833.5,834,833.5,834,2024-01-09,834,1704769200,0.7,0.7,0.7,0,0
"DOLAR OFICIAL",834,834.5,834,834.5,2024-01-10,834.5,1704855600,0.71,0.71,0.71,0,0
"DOLAR OFICIAL",834.5,835,834.5,835,2024-01-11,835,1704942000,0.73,0.73,0.73,0,0
"DOLAR OFICIAL",835,835.5,835,835.5,2024-01-12,835.5,1705028400,0.73,0.74,0.73,0,0
"DOLAR OFICIAL",835.5,837.25,835.5,837.25,2024-01-15,837.25,1705287600,0.72,0.72,0.72,0,0
"DOLAR OFICIAL",837.25,837.75,837.25,837.75,2024-01-16,837.75,1705374000,0.69,0.69,0.69,0,0
"DOLAR OFICIAL",837.75,838.25,837.75,838.25,2024-01-17,838.25,1705460400,0.66,0.66,0.66,0,0
"DOLAR OFICIAL",838.25,838.75,838.25,838.75,2024-01-18,838.75,1705546800,0.65,0.65,0.65,0,0
"DOLAR OFICIAL",838.75,839.25,838.75,839.25,2024-01-19,839.25,1705633200,0.64,0.64,0.64,0,0
"DOLAR OFICIAL",839.25,840.75,839.25,840.75,2024-01-22,840.75,1705892400,0.64,0.64,0.64,0,0
"DOLAR OFICIAL",840.75,841.25,840.75,841.25,2024-01-23,841.25,1705978800,0.65,0.65,0.65,0,0
"DOLAR OFICIAL",841.25,841.75,841.25,841.75,2024-01-24,841.75,1706065200,0.64,0.65,0.64,0,0
"DOLAR OFICIAL",841.75,842.25,841.75,842.25,2024-01-25,842.25,1706151600,0.66,0.66,0.66,0,0
"DOLAR OFICIAL",842.25,842.75,842.25,842.75,2024-01-26,842.75,1706238000,0.68,0.68,0.68,0,0
"DOLAR OFICIAL",842.75,844.5,842.75,844.5,2024-01-29,844.5,1706497200,0.67,0.67,0.67,0,0
"DOLAR OFICIAL",844.5,845,844.5,845,2024-01-30,845,1706583600,0.67,0.67,0.67,0,0
"DOLAR OFICIAL",845,845.5,845,845.5,2024-01-31,845.5,1706670000,0.68,0.68,0.68,0,0
"DOLAR OFICIAL",845.5,846,845.5,846,2024-02-01,846,1706756400,0.66,0.66,0.66,0,0
"DOLAR OFICIAL",846,846.5,846,846.5,2024-02-02,846.5,1706842800,0.66,0.66,0.66,0,0
"DOLAR OFICIAL",846.5,848,846.5,848,2024-02-05,848,1707102000,0.65,0.65,0.65,0,0
"DOLAR OFICIAL",848,848.5,848,848.5,2024-02-06,848.5,1707188400,0.68,0.68,0.68,0,0
"DOLAR OFICIAL",848.5,849,848.5,849,2024-02-07,849,1707274800,0.67,0.67,0.67,0,0
"DOLAR OFICIAL",849,849.5,849,849.5,2024-02-08,849.5,1707361200,0.68,0.68,0.68,0,0
"DOLAR OFICIAL",849.5,850,849.5,850,2024-02-09,850,1707447600,0.69,0.69,0.69,0,0
"DOLAR OFICIAL",850,850,850,850,2024-02-12,850,1707706800,0.69,0.69,0.69,0,0
"DOLAR OFICIAL",850,850,850,850,2024-02-13,850,1707793200,0.69,0.69,0.69,0,0
"DOLAR OFICIAL",850,853,850,853,2024-02-14,853,1707879600,0.72,0.73,0.72,0,0
"DOLAR OFICIAL",853,853.5,853,853.5,2024-02-15,853.5,1707966000,0.74,0.74,0.74,0,0
"DOLAR OFICIAL",853.5,854,853.5,854,2024-02-16,854,1708052400,0.77,0.77,0.77,0,0
"DOLAR OFICIAL",854,855.5,854,855.5,2024-02-19,855.5,1708311600,0.75,0.75,0.75,0,0
"DOLAR OFICIAL",855.5,856,855.5,856,2024-02-20,856,1708398000,0.76,0.76,0.76,0,0
"DOLAR OFICIAL",856,856.5,856,856.5,2024-02-21,856.5,1708484400,0.77,0.77,0.77,0,0
"DOLAR OFICIAL",856.5,857,856.5,857,2024-02-22,857,1708570800,0.78,0.78,0.78,0,0
"DOLAR OFICIAL",857,857.5,857,857.5,2024-02-23,857.5,1708657200,0.77,0.77,0.77,0,0
"DOLAR OFICIAL",857.5,859.5,820,859.5,2024-02-26,859.5,1708916400,0.78,0.78,0.75,0,0
"DOLAR OFICIAL",859.5,860,859.5,860,2024-02-27,860,1709002800,0.79,0.79,0.79,0,0
"DOLAR OFICIAL",860,860.5,860,860.5,2024-02-28,860.5,1709089200,0.8,0.8,0.8,0,0
"DOLAR OFICIAL",860.5,861,860.5,861,2024-02-29,861,1709175600,0.8,0.8,0.8,0,0
"DOLAR OFICIAL",861,861.5,861,861.5,2024-03-01,861.5,1709262000,0.79,0.79,0.79,0,0
"DOLAR OFICIAL",861.5,863,861.5,863,2024-03-04,863,1709521200,0.81,0.81,0.81,0,0
"DOLAR OFICIAL",863,864,863,864,2024-03-05,864,1709607600,0.83,0.83,0.83,0,0
"DOLAR OFICIAL",864,864.5,864,864.5,2024-03-06,864.5,1709694000,0.84,0.85,0.84,0,0
"DOLAR OFICIAL",864.5,865,864.5,865,2024-03-07,865,1709780400,0.84,0.84,0.84,0,0
"DOLAR OFICIAL",865,865.5,865,865.5,2024-03-08,865.5,1709866800,0.82,0.83,0.82,0,0
"DOLAR OFICIAL",865.5,867,865.5,867,2024-03-11,867,1710126000,0.85,0.85,0.85,0,0
"DOLAR OFICIAL",867,867.5,867,867.5,2024-03-12,867.5,1710212400,0.81,0.81,0.81,0,0
"DOLAR OFICIAL",867.5,868.5,867.5,868.5,2024-03-13,868.5,1710298800,0.82,0.82,0.82,0,0
"DOLAR OFICIAL",868.5,869,820,869,2024-03-14,869,1710385200,0.82,0.82,0.77,0,0
"DOLAR OFICIAL",869,869.5,869,869.5,2024-03-15,869.5,1710471600,0.81,0.81,0.81,0,0
"DOLAR OFICIAL",871,871,871,871,2024-03-18,871,1710730800,0.81,0.81,0.81,0,0
"DOLAR OFICIAL",871,871.5,820,871.5,2024-03-19,871.5,1710817200,0.8,0.8,0.76,0,0
"DOLAR OFICIAL",871.5,872,871.5,872,2024-03-20,872,1710903600,0.79,0.79,0.79,0,0
"DOLAR OFICIAL",872,872.5,872,872.5,2024-03-21,872.5,1710990000,0.79,0.79,0.79,0,0
"DOLAR OFICIAL",872.5,873.5,872.5,873.5,2024-03-22,873.5,1711076400,0.8,0.8,0.8,0,0
"DOLAR OFICIAL",873.5,875,873.5,875,2024-03-25,875,1711335600,0.81,0.81,0.81,0,0
"DOLAR OFICIAL",875,875.5,875,875.5,2024-03-26,875.5,1711422000,0.79,0.79,0.79,0,0
"DOLAR OFICIAL",875.5,876,875.5,876,2024-03-27,876,1711508400,0.81,0.81,0.81,0,0
"DOLAR OFICIAL",876,876,876,876,2024-03-28,876,1711594800,0.81,0.81,0.81,0,0
"DOLAR OFICIAL",876,876,876,876,2024-03-29,876,1711681200,0.81,0.81,0.81,0,0
"DOLAR OFICIAL",876,876,876,876,2024-04-01,876,1711940400,0.81,0.81,0.81,0,0
"DOLAR OFICIAL",876,876,876,876,2024-04-02,876,1712026800,0.81,0.81,0.81,0,0
"DOLAR OFICIAL",876,880,876,880,2024-04-03,880,1712113200,0.82,0.82,0.82,0,0
"DOLAR OFICIAL",880,880.5,880,880.5,2024-04-04,880.5,1712199600,0.83,0.83,0.83,0,0
"DOLAR OFICIAL",880.5,881.5,880.5,881.5,2024-04-05,881.5,1712286000,0.84,0.84,0.84,0,0
"DOLAR OFICIAL",881.5,883,881.5,883,2024-04-08,883,1712545200,0.85,0.85,0.85,0,0
"DOLAR OFICIAL",883,883.5,883,883.5,2024-04-09,883.5,1712631600,0.84,0.84,0.84,0,0
"DOLAR OFICIAL",883.5,884,883.5,884,2024-04-10,884,1712718000,0.85,0.85,0.85,0,0
"DOLAR OFICIAL",884.5,884.5,884.5,884.5,2024-04-11,884.5,1712804400,0.84,0.84,0.84,0,0
"DOLAR OFICIAL",884.5,885.5,884.5,885.5,2024-04-12,885.5,1712890800,0.84,0.85,0.84,0,0
"DOLAR OFICIAL",887,887,887,887,2024-04-15,887,1713150000,0.83,0.83,0.83,0,0
"DOLAR OFICIAL",887,887.5,887,887.5,2024-04-16,887.5,1713236400,0.82,0.83,0.82,0,0
"DOLAR OFICIAL",887.5,888,887.5,888,2024-04-17,888,1713322800,0.84,0.84,0.84,0,0
"DOLAR OFICIAL",888,888.5,888,888.5,2024-04-18,888.5,1713409200,0.83,0.83,0.83,0,0
"DOLAR OFICIAL",888.5,890,888.5,890,2024-04-19,890,1713495600,0.83,0.83,0.83,0,0
"DOLAR OFICIAL",890,892,890,892,2024-04-22,892,1713754800,0.84,0.84,0.84,0,0
"DOLAR OFICIAL",892,892,892,892,2024-04-23,892,1713841200,0.85,0.85,0.85,0,0
"DOLAR OFICIAL",892,892.5,820,892.5,2024-04-24,892.5,1713927600,0.85,0.85,0.78,0,0
"DOLAR OFICIAL",892.5,893,892.5,893,2024-04-25,893,1714014000,0.83,0.83,0.83,0,0
"DOLAR OFICIAL",893,894,893,894,2024-04-26,894,1714100400,0.82,0.82,0.82,0,0
"DOLAR OFICIAL",894,895.5,894,895.5,2024-04-29,895.5,1714359600,0.82,0.82,0.82,0,0
"DOLAR OFICIAL",895.5,896,895.5,896,2024-04-30,896,1714446000,0.82,0.82,0.82,0,0
"DOLAR OFICIAL",896,896,896,896,2024-05-01,896,1714532400,0.82,0.82,0.82,0,0
"DOLAR OFICIAL",896,897,896,897,2024-05-02,897,1714618800,0.8,0.8,0.8,0,0
"DOLAR OFICIAL",897,897.5,897,897.5,2024-05-03,897.5,1714705200,0.8,0.8,0.8,0,0
"DOLAR OFICIAL",897.5,899,897.5,899,2024-05-06,899,1714964400,0.81,0.81,0.81,0,0
"DOLAR OFICIAL",899,899.5,899,899.5,2024-05-07,899.5,1715050800,0.82,0.82,0.82,0,0
"DOLAR OFICIAL",899.5,900.5,899.5,900.5,2024-05-08,900.5,1715137200,0.84,0.84,0.84,0,0
"DOLAR OFICIAL",900.5,901,900.5,901,2024-05-09,901,1715223600,0.83,0.83,0.83,0,0
"DOLAR OFICIAL",901,901.5,901,901.5,2024-05-10,901.5,1715310000,0.84,0.84,0.84,0,0
"DOLAR OFICIAL",901.5,903,820,903,2024-05-13,903,1715569200,0.84,0.84,0.76,0,0
"DOLAR OFICIAL",903,904,903,904,2024-05-14,904,1715655600,0.83,0.83,0.83,0,0
"DOLAR OFICIAL",904,904.5,904,904.5,2024-05-15,904.5,1715742000,0.83,0.83,0.83,0,0
"DOLAR OFICIAL",904.5,905,904.5,905,2024-05-16,905,1715828400,0.82,0.82,0.82,0,0
"DOLAR OFICIAL",905,905.5,905,905.5,2024-05-17,905.5,1715914800,0.82,0.82,0.82,0,0
"DOLAR OFICIAL",905.5,907.5,905.5,907.5,2024-05-20,907.5,1716174000,0.79,0.79,0.79,0,0
"DOLAR OFICIAL",907.5,908,907.5,908,2024-05-21,908,1716260400,0.76,0.76,0.76,0,0
"DOLAR OFICIAL",908,908.5,908,908.5,2024-05-22,908.5,1716346800,0.72,0.72,0.72,0,0
"DOLAR OFICIAL",908.5,909,908.5,909,2024-05-23,909,1716433200,0.72,0.72,0.72,0,0
"DOLAR OFICIAL",909,909.5,909,909.5,2024-05-24,909.5,1716519600,0.74,0.74,0.74,0,0
"DOLAR OFICIAL",911.5,911.5,911.5,911.5,2024-05-27,911.5,1716778800,0.73,0.73,0.73,0,0
"DOLAR OFICIAL",911.5,912.5,911.5,912.5,2024-05-28,912.5,1716865200,0.74,0.74,0.74,0,0
"DOLAR OFICIAL",912.5,913,912.5,913,2024-05-29,913,1716951600,0.75,0.75,0.75,0,0
"DOLAR OFICIAL",913,913,913,913,2024-05-30,913,1717038000,0.75,0.75,0.75,0,0
"DOLAR OFICIAL",913,914,913,914,2024-05-31,914,1717124400,0.73,0.73,0.73,0,0
"DOLAR OFICIAL",914,916,914,916,2024-06-03,916,1717383600,0.7,0.71,0.7,0,0
"DOLAR OFICIAL",916,916.5,916,916.5,2024-06-04,916.5,1717470000,0.7,0.7,0.7,0,0
"DOLAR OFICIAL",916.5,916.5,916.5,916.5,2024-06-05,916.5,1717556400,0.7,0.7,0.7,0,0
"DOLAR OFICIAL",916.5,918,916.5,918,2024-06-06,918,1717642800,0.71,0.71,0.71,0,0
"DOLAR OFICIAL",918,918,918,918,2024-06-07,918,1717729200,0.7,0.7,0.7,0,0
"DOLAR OFICIAL",918,920.5,918,920.5,2024-06-10,920.5,1717988400,0.7,0.7,0.7,0,0
"DOLAR OFICIAL",920.5,921,920.5,921,2024-06-11,921,1718074800,0.7,0.71,0.7,0,0
"DOLAR OFICIAL",921,921.5,921,921.5,2024-06-12,921.5,1718161200,0.71,0.71,0.71,0,0
"DOLAR OFICIAL",921.5,921.5,921.5,921.5,2024-06-13,921.5,1718247600,0.72,0.72,0.72,0,0
"DOLAR OFICIAL",921.5,922,921.5,922,2024-06-14,922,1718334000,0.73,0.73,0.73,0,0
"DOLAR OFICIAL",922,922,922,922,2024-06-17,922,1718593200,0.73,0.73,0.73,0,0
"DOLAR OFICIAL",922,924,922,924,2024-06-18,924,1718679600,0.73,0.73,0.73,0,0
"DOLAR OFICIAL",924,924.5,820,924.5,2024-06-19,924.5,1718766000,0.72,0.72,0.63,0,0
"DOLAR OFICIAL",924.5,924.5,924.5,924.5,2024-06-20,924.5,1718852400,0.72,0.72,0.72,0,0
"DOLAR OFICIAL",924.5,924.5,820,924.5,2024-06-21,924.5,1718938800,0.72,0.72,0.63,0,0
"DOLAR OFICIAL",924.5,927,820,927,2024-06-24,927,1719198000,0.7,0.71,0.62,0,0
"DOLAR OFICIAL",927,927.5,927,927.5,2024-06-25,927.5,1719284400,0.71,0.71,0.71,0,0
"DOLAR OFICIAL",927.5,928,927.5,928,2024-06-26,928,1719370800,0.69,0.69,0.69,0,0
"DOLAR OFICIAL",928,929.5,928,929.5,2024-06-27,929.5,1719457200,0.69,0.69,0.69,0,0
"DOLAR OFICIAL",929.5,930.5,929.5,930.5,2024-06-28,930.5,1719543600,0.69,0.69,0.69,0,0
"DOLAR OFICIAL",930.5,932.5,930.5,932.5,2024-07-01,932.5,1719802800,0.66,0.66,0.66,0,0
"DOLAR OFICIAL",932.5,933,932.5,933,2024-07-02,933,1719889200,0.65,0.65,0.65,0,0
"DOLAR OFICIAL",933,933.5,933,933.5,2024-07-03,933.5,1719975600,0.67,0.67,0.67,0,0
"DOLAR OFICIAL",933.5,934,933.5,934,2024-07-04,934,1720062000,0.67,0.67,0.67,0,0
"DOLAR OFICIAL",934,934.5,934,934.5,2024-07-05,934.5,1720148400,0.67,0.67,0.67,0,0
"DOLAR OFICIAL",934.5,936.5,934.5,936.5,2024-07-08,936.5,1720407600,0.67,0.68,0.67,0,0
"DOLAR OFICIAL",936.5,936.5,936.5,936.5,2024-07-09,936.5,1720494000,0.68,0.68,0.68,0,0
"DOLAR OFICIAL",936.5,937.5,936.5,937.5,2024-07-10,937.5,1720580400,0.67,0.67,0.67,0,0
"DOLAR OFICIAL",937.5,938,937.5,938,2024-07-11,938,1720666800,0.66,0.66,0.66,0,0
"DOLAR OFICIAL",938,940,938,940,2024-07-12,940,1720753200,0.66,0.66,0.66,0,0
"DOLAR OFICIAL",940,940.5,940,940.5,2024-07-15,940.5,1721012400,0.72,0.72,0.72,0,0
"DOLAR OFICIAL",940.5,941,940.5,941,2024-07-16,941,1721098800,0.73,0.73,0.73,0,0
"DOLAR OFICIAL",941,942,941,942,2024-07-17,942,1721185200,0.72,0.72,0.72,0,0
"DOLAR OFICIAL",942,942.5,942,942.5,2024-07-18,942.5,1721271600,0.71,0.71,0.71,0,0
"DOLAR OFICIAL",942.5,944.5,942.5,944.5,2024-07-19,944.5,1721358000,0.71,0.71,0.71,0,0
"DOLAR OFICIAL",944.5,946,944.5,946,2024-07-22,946,1721617200,0.71,0.71,0.71,0,0
"DOLAR OFICIAL",946,946,946,946,2024-07-23,946,1721703600,0.71,0.71,0.71,0,0
"DOLAR OFICIAL",946,946.5,946,946.5,2024-07-24,946.5,1721790000,0.71,0.71,0.71,0,0
"DOLAR OFICIAL",946.5,947.5,946.5,947.5,2024-07-25,947.5,1721876400,0.71,0.71,0.71,0,0
"DOLAR OFICIAL",947.5,950,947.5,950,2024-07-26,950,1721962800,0.72,0.72,0.72,0,0
"DOLAR OFICIAL",950,950.5,950,950.5,2024-07-29,950.5,1722222000,0.73,0.73,0.73,0,0
"DOLAR OFICIAL",950.5,951,950.5,951,2024-07-30,951,1722308400,0.75,0.75,0.75,0,0
"DOLAR OFICIAL",951,951.5,951,951.5,2024-07-31,951.5,1722394800,0.74,0.74,0.74,0,0
"DOLAR OFICIAL",951.5,951.5,951.5,951.5,2024-08-01,951.5,1722481200,0.73,0.73,0.73,0,0
"DOLAR OFICIAL",951.5,953.5,951.5,953.5,2024-08-02,953.5,1722567600,0.72,0.72,0.72,0,0
"DOLAR OFICIAL",953.5,954,953.5,954,2024-08-05,954,1722826800,0.71,0.71,0.71,0,0
"DOLAR OFICIAL",954,954.5,954,954.5,2024-08-06,954.5,1722913200,0.71,0.71,0.71,0,0
"DOLAR OFICIAL",954.5,955.5,954.5,955.5,2024-08-07,955.5,1722999600,0.72,0.72,0.72,0,0
"DOLAR OFICIAL",955.5,955.5,955.5,955.5,2024-08-08,955.5,1723086000,0.73,0.73,0.73,0,0
"DOLAR OFICIAL",955.5,957.5,955.5,957.5,2024-08-09,957.5,1723172400,0.74,0.74,0.74,0,0
"DOLAR OFICIAL",957.5,958,957.5,958,2024-08-12,958,1723431600,0.75,0.75,0.75,0,0
"DOLAR OFICIAL",958.5,958.5,958.5,958.5,2024-08-13,958.5,1723518000,0.76,0.76,0.76,0,0
"DOLAR OFICIAL",959,959,959,959,2024-08-14,959,1723604400,0.76,0.76,0.76,0,0
"DOLAR OFICIAL",960,960,960,960,2024-08-15,960,1723690800,0.75,0.75,0.75,0,0
"DOLAR OFICIAL",962,962,962,962,2024-08-16,962,1723777200,0.74,0.74,0.74,0,0
"DOLAR OFICIAL",962,963,962,963,2024-08-19,963,1724036400,0.75,0.75,0.75,0,0
"DOLAR OFICIAL",963,963,963,963,2024-08-20,963,1724122800,0.75,0.75,0.75,0,0
"DOLAR OFICIAL",963.5,963.5,963.5,963.5,2024-08-21,963.5,1724209200,0.75,0.75,0.75,0,0
"DOLAR OFICIAL",963.5,964,963.5,964,2024-08-22,964,1724295600,0.75,0.75,0.75,0,0
"DOLAR OFICIAL",964,966,964,966,2024-08-23,966,1724382000,0.75,0.75,0.75,0,0
"DOLAR OFICIAL",966,968,966,968,2024-08-26,968,1724641200,0.75,0.75,0.75,0,0
"DOLAR OFICIAL",968,969.5,820,969.5,2024-08-27,969.5,1724727600,0.75,0.75,0.63,0,0
"DOLAR OFICIAL",969.5,969.5,969.5,969.5,2024-08-28,969.5,1724814000,0.75,0.75,0.75,0,0
"DOLAR OFICIAL",969.5,970,820,970,2024-08-29,970,1724900400,0.75,0.75,0.64,0,0
"DOLAR OFICIAL",970,972,820,972,2024-08-30,972,1724986800,0.75,0.75,0.63,0,0
"DOLAR OFICIAL",972,973,972,973,2024-09-02,973,1725246000,0.75,0.75,0.75,0,0
"DOLAR OFICIAL",973,973,820,973,2024-09-03,973,1725332400,0.75,0.75,0.63,0,0
"DOLAR OFICIAL",973,973.5,973,973.5,2024-09-04,973.5,1725418800,0.75,0.75,0.75,0,0
"DOLAR OFICIAL",973.5,974,973.5,974,2024-09-05,974,1725505200,0.77,0.77,0.77,0,0
"DOLAR OFICIAL",974,976.5,820,976.5,2024-09-06,976.5,1725591600,0.77,0.78,0.65,0,0
"DOLAR OFICIAL",976.5,977,976.5,977,2024-09-09,977,1725850800,0.78,0.78,0.78,0,0
"DOLAR OFICIAL",977,978,977,978,2024-09-10,978,1725937200,0.78,0.78,0.78,0,0
"DOLAR OFICIAL",978,978,978,978,2024-09-11,978,1726023600,0.79,0.79,0.79,0,0
"DOLAR OFICIAL",978,978.5,978,978.5,2024-09-12,978.5,1726110000,0.78,0.78,0.78,0,0
"DOLAR OFICIAL",978.5,980.5,978.5,980.5,2024-09-13,980.5,1726196400,0.78,0.78,0.78,0,0
"DOLAR OFICIAL",820,982,820,982,2024-09-16,982,1726455600,0.66,0.79,0.66,0,0
"DOLAR OFICIAL",982,982,982,982,2024-09-17,982,1726542000,0.79,0.79,0.79,0,0
"DOLAR OFICIAL",982,982,982,982,2024-09-18,982,1726628400,0.8,0.8,0.8,0,0
"DOLAR OFICIAL",983.5,983.5,983.5,983.5,2024-09-19,983.5,1726714800,0.81,0.81,0.81,0,0
"DOLAR OFICIAL",985,985,985,985,2024-09-20,985,1726801200,0.81,0.81,0.81,0,0
"DOLAR OFICIAL",985.5,985.5,985.5,985.5,2024-09-23,985.5,1727060400,0.8,0.8,0.8,0,0
"DOLAR OFICIAL",986,986,986,986,2024-09-24,986,1727146800,0.81,0.81,0.81,0,0
"DOLAR OFICIAL",987,987,987,987,2024-09-25,987,1727233200,0.8,0.8,0.8,0,0
"DOLAR OFICIAL",987,988.5,987,988.5,2024-09-26,988.5,1727319600,0.8,0.81,0.8,0,0
"DOLAR OFICIAL",988.5,989.5,988.5,989.5,2024-09-27,989.5,1727406000,0.8,0.8,0.8,0,0
"DOLAR OFICIAL",989.5,990,989.5,990,2024-09-30,990,1727665200,0.8,0.8,0.8,0,0
"DOLAR OFICIAL",990,990.5,990,990.5,2024-10-01,990.5,1727751600,0.79,0.79,0.79,0,0
"DOLAR OFICIAL",990.5,991,990.5,991,2024-10-02,991,1727838000,0.8,0.8,0.8,0,0
"DOLAR OFICIAL",992.5,992.5,992.5,992.5,2024-10-03,992.5,1727924400,0.81,0.81,0.81,0,0
"DOLAR OFICIAL",994,994,994,994,2024-10-04,994,1728010800,0.81,0.81,0.81,0,0
"DOLAR OFICIAL",994.5,994.5,994.5,994.5,2024-10-07,994.5,1728270000,0.82,0.82,0.82,0,0
"DOLAR OFICIAL",995.5,995.5,995.5,995.5,2024-10-08,995.5,1728356400,0.82,0.82,0.82,0,0
"DOLAR OFICIAL",995.5,995.5,995.5,995.5,2024-10-09,995.5,1728442800,0.84,0.84,0.84,0,0
"DOLAR OFICIAL",995.5,998.5,995.5,998.5,2024-10-10,998.5,1728529200,0.85,0.85,0.85,0,0
"DOLAR OFICIAL",998.5,998.5,998.5,998.5,2024-10-11,998.5,1728615600,0.85,0.85,0.85,0,0
"DOLAR OFICIAL",998.5,999.5,998.5,999.5,2024-10-14,999.5,1728874800,0.84,0.85,0.84,0,0
"DOLAR OFICIAL",999.5,1000,999.5,1000,2024-10-15,1000,1728961200,0.85,0.85,0.85,0,0
"DOLAR OFICIAL",1000,1000.5,1000,1000.5,2024-10-16,1000.5,1729047600,0.84,0.84,0.84,0,0
"DOLAR OFICIAL",1004,1004.5,1004,1004.5,2024-10-21,1004.5,1729479600,0.84,0.84,0.84,0,0
"DOLAR OFICIAL",1004.5,1004.5,1004.5,1004.5,2024-10-22,1004.5,1729566000,0.84,0.84,0.84,0,0
"DOLAR OFICIAL",1005,1005,1005,1005,2024-10-23,1005,1729652400,0.85,0.85,0.85,0,0
"DOLAR OFICIAL",1005.5,1005.5,1005.5,1005.5,2024-10-24,1005.5,1729738800,0.85,0.85,0.85,0,0
"DOLAR OFICIAL",1007.5,1007.5,1007.5,1007.5,2024-10-25,1007.5,1729825200,0.87,0.87,0.87,0,0
"DOLAR OFICIAL",1008,1008,1008,1008,2024-10-28,1008,1730084400,0.87,0.87,0.87,0,0
"DOLAR OFICIAL",1008.5,1008.5,1008.5,1008.5,2024-10-29,1008.5,1730170800,0.87,0.87,0.87,0,0
"DOLAR OFICIAL",1009.5,1009.5,1009.5,1009.5,2024-10-30,1009.5,1730257200,0.87,0.87,0.87,0,0
"DOLAR OFICIAL",1011.5,1011.5,1011.5,1011.5,2024-10-31,1011.5,1730343600,0.87,0.87,0.87,0,0
"DOLAR OFICIAL",1013,1013,1013,1013,2024-11-01,1013,1730430000,0.86,0.86,0.86,0,0
"DOLAR OFICIAL",1013,1013,1013,1013,2024-11-04,1013,1730689200,0.86,0.86,0.86,0,0
"DOLAR OFICIAL",1014,1014,1014,1014,2024-11-05,1014,1730775600,0.86,0.86,0.86,0,0
"DOLAR OFICIAL",1014,1014,1014,1014,2024-11-06,1014,1730862000,0.87,0.87,0.87,0,0
"DOLAR OFICIAL",1014.5,1014.5,1014.5,1014.5,2024-11-07,1014.5,1730948400,0.87,0.87,0.87,0,0
"DOLAR OFICIAL",1016.5,1016.5,1016.5,1016.5,2024-11-08,1016.5,1731034800,0.88,0.88,0.88,0,0
"DOLAR OFICIAL",1017.5,1017.5,1017.5,1017.5,2024-11-11,1017.5,1731294000,0.88,0.88,0.88,0,0
"DOLAR OFICIAL",1018,1018,1018,1018,2024-11-12,1018,1731380400,0.87,0.87,0.87,0,0
"DOLAR OFICIAL",1018.5,1018.5,1018.5,1018.5,2024-11-13,1018.5,1731466800,0.88,0.88,0.88,0,0
"DOLAR OFICIAL",1019,1019,1019,1019,2024-11-14,1019,1731553200,0.88,0.88,0.88,0,0
"DOLAR OFICIAL",1022,1022,1022,1022,2024-11-15,1022,1731639600,0.9,0.9,0.9,0,0
"DOLAR OFICIAL",1022,1022,1022,1022,2024-11-18,1022,1731898800,0.9,0.9,0.9,0,0
"DOLAR OFICIAL",1022.5,1022.5,1022.5,1022.5,2024-11-19,1022.5,1731985200,0.93,0.93,0.93,0,0
"DOLAR OFICIAL",1023,1023,1023,1023,2024-11-20,1023,1732071600,0.92,0.92,0.92,0,0
"DOLAR OFICIAL",1024.5,1024.5,1024.5,1024.5,2024-11-21,1024.5,1732158000,0.92,0.92,0.92,0,0
"DOLAR OFICIAL",1026.5,1026.5,1026.5,1026.5,2024-11-22,1026.5,1732244400,0.93,0.93,0.93,0,0
"DOLAR OFICIAL",1027,1027,1027,1027,2024-11-25,1027,1732503600,0.93,0.93,0.93,0,0
"DOLAR OFICIAL",1027.5,1027.5,1027.5,1027.5,2024-11-26,1027.5,1732590000,0.93,0.93,0.93,0,0
"DOLAR OFICIAL",1028,1028,1028,1028,2024-11-27,1028,1732676400,0.93,0.93,0.93,0,0
"DOLAR OFICIAL",1028.5,1028.5,1028.5,1028.5,2024-11-28,1028.5,1732762800,0.93,0.93,0.93,0,0
"DOLAR OFICIAL",1031,1031,1031,1031,2024-11-29,1031,1732849200,0.93,0.93,0.93,0,0
"DOLAR OFICIAL",1031.5,1031.5,1031.5,1031.5,2024-12-02,1031.5,1733108400,0.94,0.94,0.94,0,0
"DOLAR OFICIAL",1032.5,1032.5,1032.5,1032.5,2024-12-03,1032.5,1733194800,0.93,0.93,0.93,0,0
"DOLAR OFICIAL",1032.5,1032.5,1032.5,1032.5,2024-12-04,1032.5,1733281200,0.94,0.94,0.94,0,0
"DOLAR OFICIAL",1032.5,1033,1032.5,1033,2024-12-05,1033,1733367600,0.95,0.95,0.95,0,0
"DOLAR OFICIAL",1033,1035,1033,1035,2024-12-06,1035,1733454000,0.96,0.96,0.96,0,0
"DOLAR OFICIAL",1036,1036,1036,1036,2024-12-09,1036,1733713200,0.97,0.97,0.97,0,0
"DOLAR OFICIAL",1036.5,1036.5,1036.5,1036.5,2024-12-10,1036.5,1733799600,0.96,0.96,0.96,0,0
"DOLAR OFICIAL",1037,1037,1037,1037,2024-12-11,1037,1733886000,0.97,0.97,0.97,0,0
"DOLAR OFICIAL",1038.5,1038.5,1038.5,1038.5,2024-12-12,1038.5,1733972400,0.97,0.97,0.97,0,0
"DOLAR OFICIAL",1038.5,1040,1038.5,1040,2024-12-13,1040,1734058800,0.95,0.95,0.95,0,0
"DOLAR OFICIAL",1040,1042,1040,1042,2024-12-16,1042,1734318000,0.93,0.93,0.93,0,0
"DOLAR OFICIAL",1042,1042.5,1042,1042.5,2024-12-17,1042.5,1734404400,0.9,0.91,0.9,0,0
"DOLAR OFICIAL",1042.5,1042.5,1042.5,1042.5,2024-12-18,1042.5,1734490800,0.9,0.9,0.9,0,0
"DOLAR OFICIAL",1042.5,1042.5,1042.5,1042.5,2024-12-19,1042.5,1734577200,0.9,0.9,0.9,0,0
"DOLAR OFICIAL",1042.5,1044.5,1042.5,1044.5,2024-12-20,1044.5,1734663600,0.89,0.89,0.89,0,0
"DOLAR OFICIAL",1044.5,1048,1044.5,1048,2024-12-23,1048,1734922800,0.9,0.9,0.9,0,0
"DOLAR OFICIAL",1048,1048,1048,1048,2024-12-24,1048,1735009200,0.89,0.89,0.89,0,0
"DOLAR OFICIAL",1048,1048,1048,1048,2024-12-25,1048,1735095600,0.89,0.89,0.89,0,0
"DOLAR OFICIAL",1048,1049,1048,1049,2024-12-26,1049,1735182000,0.88,0.88,0.88,0,0
"DOLAR OFICIAL",1049,1051,1049,1051,2024-12-27,1051,1735268400,0.89,0.89,0.89,0,0
"DOLAR OFICIAL",1051,1052.5,1051,1052.5,2024-12-30,1052.5,1735527600,0.89,0.89,0.89,0,0
"DOLAR OFICIAL",1056,1056,1055.5,1056,2025-01-08,1056,1736305200,0.89,0.89,0.89,0,0
"DOLAR OFICIAL",1056,1057,1056,1057,2025-01-09,1057,1736391600,0.89,0.89,0.89,0,0
"DOLAR OFICIAL",1057,1059,1057,1059,2025-01-10,1059,1736478000,0.89,0.89,0.89,0,0
"DOLAR OFICIAL",1059,1059.5,1059,1059.5,2025-01-13,1059.5,1736737200,0.89,0.89,0.89,0,0
"DOLAR OFICIAL",1059.5,1060.5,1059.5,1060.5,2025-01-14,1060.5,1736823600,0.89,0.89,0.89,0,0
"DOLAR OFICIAL",1060.5,1061.5,1060.5,1061.5,2025-01-15,1061.5,1736910000,0.89,0.89,0.89,0,0
"DOLAR OFICIAL",1061.5,1062,1061.5,1062,2025-01-16,1062,1736996400,0.9,0.9,0.9,0,0
"DOLAR OFICIAL",1062,1063.5,1062,1063.5,2025-01-17,1063.5,1737082800,0.89,0.9,0.89,0,0
"DOLAR OFICIAL",1063.5,1066,1063.5,1066,2025-01-20,1066,1737342000,0.89,0.89,0.89,0,0
"DOLAR OFICIAL",1066,1066.5,1066,1066.5,2025-01-21,1066.5,1737428400,0.9,0.9,0.9,0,0
"DOLAR OFICIAL",1066.5,1067.5,1066.5,1067.5,2025-01-22,1067.5,1737514800,0.9,0.9,0.9,0,0
"DOLAR OFICIAL",1067.5,1068,1067.5,1068,2025-01-23,1068,1737601200,0.9,0.9,0.9,0,0
"DOLAR OFICIAL",1068,1069,1068,1069,2025-01-24,1069,1737687600,0.92,0.92,0.92,0,0
"DOLAR OFICIAL",1069,1069,1069,1069,2025-01-27,1069,1737946800,0.91,0.91,0.91,0,0
"DOLAR OFICIAL",1069,1070.5,1069,1070.5,2025-01-28,1070.5,1738033200,0.91,0.91,0.91,0,0
"DOLAR OFICIAL",1071.5,1071.5,1071.5,1071.5,2025-01-29,1071.5,1738119600,0.91,0.91,0.91,0,0
"DOLAR OFICIAL",1071.5,1072,1071.5,1072,2025-01-30,1072,1738206000,0.91,0.91,0.91,0,0
"DOLAR OFICIAL",1072,1073.5,1072,1073.5,2025-01-31,1073.5,1738292400,0.9,0.91,0.9,0,0
"DOLAR OFICIAL",1074.25,1074.25,1074.25,1074.25,2025-02-03,1074.25,1738551600,0.9,0.9,0.9,0,0
"DOLAR OFICIAL",1074.25,1074.5,1074.25,1074.5,2025-02-04,1074.5,1738638000,0.9,0.9,0.9,0,0
"DOLAR OFICIAL",1074.5,1074.5,1074.5,1074.5,2025-02-05,1074.5,1738724400,0.9,0.9,0.9,0,0
"DOLAR OFICIAL",1074.5,1074.5,1074.5,1074.5,2025-02-07,1074.5,1738897200,0.89,0.89,0.89,0,0
"DOLAR OFICIAL",1074.5,1074.5,1074.5,1074.5,2025-02-10,1074.5,1739156400,0.91,0.91,0.91,0,0
"DOLAR OFICIAL",1074.5,1076,1074.5,1076,2025-02-11,1076,1739242800,0.91,0.91,0.91,0,0
"DOLAR OFICIAL",1076,1076.25,1076,1076.25,2025-02-12,1076.25,1739329200,0.91,0.91,0.91,0,0
"DOLAR OFICIAL",1076.25,1077.25,1076.25,1077.25,2025-02-13,1077.25,1739415600,0.91,0.91,0.91,0,0
"DOLAR OFICIAL",1077.25,1078,1077.25,1078,2025-02-14,1078,1739502000,0.9,0.9,0.9,0,0
"DOLAR OFICIAL",1078,1078.75,1078,1078.75,2025-02-17,1078.75,1739761200,0.89,0.89,0.89,0,0
"DOLAR OFICIAL",1078.75,1079,1078.75,1079,2025-02-18,1079,1739847600,0.89,0.89,0.89,0,0
"DOLAR OFICIAL",1079,1079,1079,1079,2025-02-19,1079,1739934000,0.89,0.89,0.89,0,0
"DOLAR OFICIAL",1079,1079.25,1079,1079.25,2025-02-20,1079.25,1740020400,0.89,0.89,0.89,0,0
"DOLAR OFICIAL",1079.25,1080.25,1079.25,1080.25,2025-02-21,1080.25,1740106800,0.89,0.89,0.89,0,0
"DOLAR OFICIAL",1080.25,1080.5,1080.25,1080.5,2025-02-24,1080.5,1740366000,0.89,0.89,0.89,0,0
"DOLAR OFICIAL",1080.5,1081,1080.5,1081,2025-02-25,1081,1740452400,0.89,0.89,0.89,0,0
"DOLAR OFICIAL",1081,1081.25,1081,1081.25,2025-02-26,1081.25,1740538800,0.89,0.89,0.89,0,0
"DOLAR OFICIAL",1081.25,1081.75,1081.25,1081.75,2025-02-27,1081.75,1740625200,0.88,0.88,0.88,0,0
"DOLAR OFICIAL",1081.75,1084.25,1081.75,1084.25,2025-02-28,1084.25,1740711600,0.89,0.89,0.89,0,0
"DOLAR OFICIAL",1084.25,1084.25,1084.25,1084.25,2025-03-03,1084.25,1740970800,0.89,0.89,0.89,0,0
"DOLAR OFICIAL",1084.25,1084.25,1084.25,1084.25,2025-03-04,1084.25,1741057200,0.89,0.89,0.89,0,0
"DOLAR OFICIAL",1084.25,1084.5,1084.25,1084.5,2025-03-05,1084.5,1741143600,0.87,0.87,0.87,0,0
"DOLAR OFICIAL",1084.5,1084.5,1084.5,1084.5,2025-03-06,1084.5,1741230000,0.88,0.88,0.88,0,0
"DOLAR OFICIAL",1084.5,1086,1084.5,1086,2025-03-07,1086,1741316400,0.89,0.89,0.89,0,0
"DOLAR OFICIAL",1086,1086.25,1086,1086.25,2025-03-10,1086.25,1741575600,0.88,0.88,0.88,0,0
"DOLAR OFICIAL",1086.25,1086.25,1086.25,1086.25,2025-03-11,1086.25,1741662000,0.89,0.89,0.89,0,0
"DOLAR OFICIAL",1086.25,1086.25,1086.25,1086.25,2025-03-12,1086.25,1741748400,0.88,0.88,0.88,0,0
"DOLAR OFICIAL",1086.25,1086.5,1086.25,1086.5,2025-03-13,1086.5,1741834800,0.88,0.88,0.88,0,0
"DOLAR OFICIAL",1086.5,1088,1086.5,1088,2025-03-14,1088,1741921200,0.88,0.88,0.88,0,0
"DOLAR OFICIAL",1088,1088.25,1088,1088.25,2025-03-17,1088.25,1742180400,0.87,0.87,0.87,0,0
"DOLAR OFICIAL",1088.25,1088.5,1088.25,1088.5,2025-03-18,1088.5,1742266800,0.84,0.84,0.84,0,0
"DOLAR OFICIAL",1088.5,1089.25,1088.5,1089.25,2025-03-19,1089.25,1742353200,0.84,0.84,0.84,0,0
"DOLAR OFICIAL",1089.25,1089.5,1089.25,1089.5,2025-03-20,1089.5,1742439600,0.85,0.85,0.85,0,0
"DOLAR OFICIAL",1091.5,1091.5,1091.5,1091.5,2025-03-26,1091.5,1742958000,0.84,0.84,0.84,0,0
"DOLAR OFICIAL",1091.5,1091.75,1091.5,1091.75,2025-03-27,1091.75,1743044400,0.84,0.84,0.84,0,0
"DOLAR OFICIAL",1091.75,1093,1091.75,1093,2025-03-28,1093,1743130800,0.83,0.83,0.83,0,0
"DOLAR OFICIAL",1093,1093.5,1093,1093.5,2025-03-31,1093.5,1743390000,0.83,0.83,0.83,0,0
"DOLAR OFICIAL",1093.5,1094.25,1093.5,1094.25,2025-04-01,1094.25,1743476400,0.84,0.84,0.84,0,0
"DOLAR OFICIAL",1094.25,1094.25,1094.25,1094.25,2025-04-02,1094.25,1743562800,0.84,0.84,0.84,0,0
"DOLAR OFICIAL",1094.25,1094.5,1094.25,1094.5,2025-04-03,1094.5,1743649200,0.83,0.83,0.83,0,0
"DOLAR OFICIAL",1094.5,1095.5,1094.5,1095.5,2025-04-04,1095.5,1743735600,0.82,0.82,0.82,0,0
"DOLAR OFICIAL",1095.5,1095.75,1095.5,1095.75,2025-04-07,1095.75,1743994800,0.81,0.81,0.81,0,0
"DOLAR OFICIAL",1095.75,1096,1095.75,1096,2025-04-08,1096,1744081200,0.8,0.8,0.8,0,0
"DOLAR OFICIAL",1096,1096.5,1096,1096.5,2025-04-09,1096.5,1744167600,0.82,0.82,0.82,0,0
"DOLAR OFICIAL",1096.5,1096.75,1096.5,1096.75,2025-04-10,1096.75,1744254000,0.8,0.8,0.8,0,0
"DOLAR OFICIAL",1096.75,1097.5,1096.75,1097.5,2025-04-11,1097.5,1744340400,0.82,0.82,0.82,0,0
"DOLAR OFICIAL",1190,1230,1190,1230,2025-04-14,1230,1744599600,0.95,0.98,0.95,0,0
"DOLAR OFICIAL",1230,1230,1230,1230,2025-04-15,1230,1744686000,0.99,0.99,0.99,0,0
"DOLAR OFICIAL",1230,1230,1160,1160,2025-04-16,1160,1744772400,1.04,1.04,0.99,0,0
"DOLAR OFICIAL",1160,1160,1160,1160,2025-04-17,1160,1744858800,0.99,0.99,0.99,0,0
"DOLAR OFICIAL",1160,1160,1160,1160,2025-04-18,1160,1744945200,0.99,0.99,0.99,0,0
"DOLAR OFICIAL",1160,1160,1100,1110,2025-04-21,1110,1745204400,1.02,1.02,0.97,0,0
"DOLAR OFICIAL",1110,1120,1110,1120,2025-04-22,1120,1745290800,0.96,0.97,0.96,0,0
"DOLAR OFICIAL",1120,1170,1120,1170,2025-04-23,1170,1745377200,0.95,0.99,0.95,0,0
"DOLAR OFICIAL",1170,1195,1170,1190,2025-04-24,1190,1745463600,0.98,1,0.98,0,0
"DOLAR OFICIAL",1190,1190,1190,1190,2025-04-25,1190,1745550000,0.99,0.99,0.99,0,0
"DOLAR OFICIAL",1190,1190,1170,1190,2025-04-28,1190,1745809200,1,1,0.98,0,0
"DOLAR OFICIAL",1190,1190,1180,1180,2025-04-29,1180,1745895600,1,1,0.99,0,0
"DOLAR OFICIAL",1180,1190,1180,1190,2025-04-30,1190,1745982000,0.99,1,0.99,0,0
"DOLAR OFICIAL",1190,1190,1190,1190,2025-05-01,1190,1746068400,1,1,1,0,0
"DOLAR OFICIAL",1190,1190,1190,1190,2025-05-02,1190,1746154800,0.93,0.93,0.93,0,0
"DOLAR OFICIAL",1190,1210,1190,1210,2025-05-05,1210,1746414000,0.98,1,0.98,0,0
"DOLAR OFICIAL",1210,1220,1190,1215,2025-05-06,1215,1746500400,1,1.01,0.98,0,0
"DOLAR OFICIAL",1215,1215,1160,1160,2025-05-07,1160,1746586800,1.04,1.04,1,0,0
"DOLAR OFICIAL",1160,1160,1130,1130,2025-05-08,1130,1746673200,1,1,0.98,0,0
"DOLAR OFICIAL",1130,1150,1130,1150,2025-05-09,1150,1746759600,0.97,0.99,0.97,0,0
"DOLAR OFICIAL",1150,1150,1150,1150,2025-05-12,1150,1747018800,0.99,0.99,0.99,0,0
"DOLAR OFICIAL",1150,1150,1150,1150,2025-05-13,1150,1747105200,0.99,0.99,0.99,0,0
"DOLAR OFICIAL",1150,1150,1150,1150,2025-05-14,1150,1747191600,0.99,0.99,0.99,0,0
"DOLAR OFICIAL",1150,1150,1150,1150,2025-05-15,1150,1747278000,0.99,0.99,0.99,0,0
"DOLAR OFICIAL",1150,1160,1150,1160,2025-05-16,1160,1747364400,0.98,0.98,0.98,0,0
"DOLAR OFICIAL",1160,1160,1155,1155,2025-05-19,1155,1747623600,1,1,0.99,0,0
"DOLAR OFICIAL",1155,1160,1155,1160,2025-05-20,1160,1747710000,0.99,0.99,0.99,0,0
"DOLAR OFICIAL",1160,1160,1160,1160,2025-05-21,1160,1747796400,1,1,1,0,0
"DOLAR OFICIAL",1160,1165,1155,1155,2025-05-22,1155,1747882800,1,1,0.99,0,0
"DOLAR OFICIAL",1155,1155,1150,1150,2025-05-23,1150,1747969200,0.99,0.99,0.99,0,0
"DOLAR OFICIAL",1150,1160,1150,1160,2025-05-26,1160,1748228400,1,1.01,1,0,0
"DOLAR OFICIAL",1160,1170,1160,1170,2025-05-27,1170,1748314800,0.99,1,0.99,0,0
"DOLAR OFICIAL",1170,1175,1170,1175,2025-05-28,1175,1748401200,1,1,1,0,0
"DOLAR OFICIAL",1175,1195,1175,1195,2025-05-29,1195,1748487600,0.98,1,0.98,0,0
"DOLAR OFICIAL",1195,1215,1195,1200,2025-05-30,1200,1748574000,0.99,1.01,0.99,0,0
"DOLAR OFICIAL",1200,1200,1200,1200,2025-06-02,1200,1748833200,1,1,1,0,0
"DOLAR OFICIAL",1200,1200,1200,1200,2025-06-03,1200,1748919600,1,1,1,0,0
"DOLAR OFICIAL",1200,1200,1200,1200,2025-06-04,1200,1749006000,1,1,1,0,0
"DOLAR OFICIAL",1200,1205,1200,1205,2025-06-05,1205,1749092400,1.01,1.01,1.01,0,0
"DOLAR OFICIAL",1205,1205,1200,1200,2025-06-06,1200,1749178800,1.01,1.01,1,0,0
"DOLAR OFICIAL",1200,1200,1200,1200,2025-06-09,1200,1749438000,1,1,1,0,0
"DOLAR OFICIAL",1200,1200,1200,1200,2025-06-10,1200,1749524400,1.01,1.01,1.01,0,0
"DOLAR OFICIAL",1200,1200,1200,1200,2025-06-11,1200,1749610800,1.01,1.01,1.01,0,0
"DOLAR OFICIAL",1200,1200,1200,1200,2025-06-12,1200,1749697200,1.01,1.01,1.01,0,0
"DOLAR OFICIAL",1200,1200,1200,1200,2025-06-13,1200,1749783600,1,1,1,0,0
"DOLAR OFICIAL",1200,1200,1200,1200,2025-06-16,1200,1750042800,1,1,1,0,0
"DOLAR OFICIAL",1200,1200,1185,1185,2025-06-17,1185,1750129200,1,1,0.98,0,0
"DOLAR OFICIAL",1185,1185,1160,1160,2025-06-18,1160,1750215600,1.01,1.01,0.99,0,0
"DOLAR OFICIAL",1160,1180,1160,1180,2025-06-19,1180,1750302000,1,1.02,1,0,0
"DOLAR OFICIAL",1180,1180,1180,1180,2025-06-20,1180,1750388400,1.02,1.02,1.02,0,0
"DOLAR OFICIAL",1180,1185,1180,1185,2025-06-23,1185,1750647600,1,1,1,0,0
"DOLAR OFICIAL",1185,1195,1185,1195,2025-06-24,1195,1750734000,1,1.01,1,0,0
"DOLAR OFICIAL",1195,1205,1195,1205,2025-06-25,1205,1750820400,1,1,1,0,0
"DOLAR OFICIAL",1205,1210,1205,1205,2025-06-26,1205,1750906800,1,1.01,1,0,0
"DOLAR OFICIAL",1205,1205,1205,1205,2025-06-27,1205,1750993200,1,1,1,0,0
"DOLAR OFICIAL",1215,1215,1215,1215,2025-06-30,1215,1751252400,1,1,1,0,0
"DOLAR OFICIAL",1215,1235,1215,1235,2025-07-01,1235,1751338800,0.99,1,0.99,0,0
"DOLAR OFICIAL",1235,1255,1235,1245,2025-07-02,1245,1751425200,1,1.02,1,0,0
"DOLAR OFICIAL",1245,1245,1245,1245,2025-07-03,1245,1751511600,1,1,1,0,0
"DOLAR OFICIAL",1245,1260,1245,1260,2025-07-04,1260,1751598000,1,1.01,1,0,0
"DOLAR OFICIAL",1260,1285,1260,1280,2025-07-07,1280,1751857200,0.98,1,0.98,0,0
"DOLAR OFICIAL",1280,1280,1275,1275,2025-07-08,1275,1751943600,1.01,1.01,1.01,0,0
"DOLAR OFICIAL",1275,1275,1275,1275,2025-07-09,1275,1752030000,1,1,1,0,0
"DOLAR OFICIAL",1275,1280,1275,1275,2025-07-10,1275,1752116400,1,1,1,0,0
"DOLAR OFICIAL",1275,1275,1275,1275,2025-07-11,1275,1752202800,1,1,1,0,0
"DOLAR OFICIAL",1275,1295,1275,1295,2025-07-14,1295,1752462000,0.98,1,0.98,0,0
"DOLAR OFICIAL",1295,1300,1280,1280,2025-07-15,1280,1752548400,1.01,1.02,1,0,0
"DOLAR OFICIAL",1280,1280,1270,1275,2025-07-16,1275,1752634800,1,1,1,0,0
"DOLAR OFICIAL",1275,1290,1275,1290,2025-07-17,1290,1752721200,0.99,1,0.99,0,0
"DOLAR OFICIAL",1290,1300,1290,1300,2025-07-18,1300,1752807600,0.99,1,0.99,0,0
"DOLAR OFICIAL",1300,1305,1300,1300,2025-07-21,1300,1753066800,1.01,1.01,1.01,0,0
"DOLAR OFICIAL",1300,1300,1275,1275,2025-07-22,1275,1753153200,1.03,1.03,1.01,0,0
"DOLAR OFICIAL",1275,1275,1275,1275,2025-07-23,1275,1753239600,1.01,1.01,1.01,0,0
"DOLAR OFICIAL",1275,1285,1275,1285,2025-07-24,1285,1753326000,1,1.01,1,0,0
"DOLAR OFICIAL",1285,1295,1285,1295,2025-07-25,1295,1753412400,0.99,1,0.99,0,0
"DOLAR OFICIAL",1295,1305,1295,1305,2025-07-28,1305,1753671600,1,1,1,0,0
"DOLAR OFICIAL",1305,1310,1300,1300,2025-07-29,1300,1753758000,1.01,1.02,1.01,0,0
"DOLAR OFICIAL",1300,1325,1300,1325,2025-07-30,1325,1753844400,0.98,1,0.98,0,0
"DOLAR OFICIAL",1325,1380,1325,1380,2025-07-31,1380,1753930800,0.98,1.02,0.98,0,0
"DOLAR OFICIAL",1380,1380,1375,1375,2025-08-01,1375,1754017200,1.01,1.01,1.01,0,0
"DOLAR OFICIAL",1375,1375,1370,1370,2025-08-04,1370,1754276400,1.01,1.01,1.01,0,0
"DOLAR OFICIAL",1370,1370,1350,1350,2025-08-05,1350,1754362800,1.02,1.02,1,0,0
"DOLAR OFICIAL",1350,1350,1345,1345,2025-08-06,1345,1754449200,1.01,1.01,1.01,0,0
"DOLAR OFICIAL",1345,1345,1340,1340,2025-08-07,1340,1754535600,1.01,1.01,1,0,0
"DOLAR OFICIAL",1340,1340,1335,1335,2025-08-08,1335,1754622000,1,1,1,0,0
"DOLAR OFICIAL",1335,1340,1335,1335,2025-08-11,1335,1754881200,1,1.01,1,0,0
"DOLAR OFICIAL",1335,1335,1330,1330,2025-08-12,1330,1754967600,1.01,1.01,1,0,0
"DOLAR OFICIAL",1330,1335,1325,1325,2025-08-13,1325,1755054000,1.01,1.01,1,0,0
"DOLAR OFICIAL",1310,1310,1310,1310,2025-08-14,1310,1755140400,1,1,1,0,0
"DOLAR OFICIAL",1310,1310,1310,1310,2025-08-15,1310,1755226800,1.01,1.01,1.01,0,0
"DOLAR OFICIAL",1310,1320,1310,1315,2025-08-18,1315,1755486000,1,1.01,1,0,0
"DOLAR OFICIAL",1315,1315,1310,1310,2025-08-19,1310,1755572400,1.01,1.01,1,0,0
"DOLAR OFICIAL",1310,1315,1310,1315,2025-08-20,1315,1755658800,1,1,1,0,0
"DOLAR OFICIAL",1315,1315,1315,1315,2025-08-21,1315,1755745200,0.99,0.99,0.99,0,0
"DOLAR OFICIAL",1315,1335,1315,1335,2025-08-22,1335,1755831600,0.99,1,0.99,0,0
"DOLAR OFICIAL",1335,1370,1335,1370,2025-08-25,1370,1756090800,0.98,1.01,0.98,0,0
"DOLAR OFICIAL",1370,1370,1360,1370,2025-08-26,1370,1756177200,1.01,1.01,1,0,0
"DOLAR OFICIAL",1370,1375,1360,1360,2025-08-27,1360,1756263600,1.01,1.01,1,0,0
"DOLAR OFICIAL",1360,1365,1345,1345,2025-08-28,1345,1756350000,1.01,1.01,1,0,0
"DOLAR OFICIAL",1345,1360,1335,1360,2025-08-29,1360,1756436400,0.99,1,0.99,0,0
"DOLAR OFICIAL",1360,1390,1360,1385,2025-09-01,1385,1756695600,0.98,1,0.98,0,0
"DOLAR OFICIAL",1385,1385,1375,1375,2025-09-02,1375,1756782000,1.01,1.01,1,0,0
"DOLAR OFICIAL",1375,1375,1375,1375,2025-09-03,1375,1756868400,1,1,1,0,0
"DOLAR OFICIAL",1375,1375,1375,1375,2025-09-04,1375,1756954800,1,1,1,0,0
"DOLAR OFICIAL",1375,1380,1375,1380,2025-09-05,1380,1757041200,0.99,0.99,0.99,0,0
"DOLAR OFICIAL",1380,1460,1380,1425,2025-09-08,1425,1757300400,0.96,1.01,0.96,0,0
"DOLAR OFICIAL",1425,1435,1425,1425,2025-09-09,1425,1757386800,0.99,1,0.99,0,0
"DOLAR OFICIAL",1425,1435,1425,1435,2025-09-10,1435,1757473200,0.99,1,0.99,0,0
"DOLAR OFICIAL",1435,1445,1435,1445,2025-09-11,1445,1757559600,0.99,1,0.99,0,0
"DOLAR OFICIAL",1445,1465,1445,1465,2025-09-12,1465,1757646000,0.98,0.99,0.98,0,0
"DOLAR OFICIAL",1465,1480,1465,1475,2025-09-15,1475,1757905200,0.98,0.99,0.98,0,0
"DOLAR OFICIAL",1475,1480,1475,1480,2025-09-16,1480,1757991600,0.99,1,0.99,0,0
"DOLAR OFICIAL",1480,1485,1480,1485,2025-09-17,1485,1758078000,0.99,0.99,0.99,0,0
"DOLAR OFICIAL",1485,1495,1485,1495,2025-09-18,1495,1758164400,0.95,0.96,0.95,0,0
"DOLAR OFICIAL",1495,1515,1415,1515,2025-09-19,1515,1758250800,0.95,0.97,0.9,0,0
"DOLAR OFICIAL",1515,1515,1430,1430,2025-09-22,1430,1758510000,1.05,1.05,0.99,0,0
"DOLAR OFICIAL",1430,1430,1375,1385,2025-09-23,1385,1758596400,1.01,1.01,0.97,0,0
"DOLAR OFICIAL",1385,1385,1350,1360,2025-09-24,1360,1758682800,1,1,0.97,0,0
"DOLAR OFICIAL",1360,1360,1345,1355,2025-09-25,1355,1758769200,0.97,0.97,0.96,0,0
"DOLAR OFICIAL",1355,1355,1340,1350,2025-09-26,1350,1758855600,0.92,0.92,0.91,0,0
"DOLAR OFICIAL",1350,1380,1350,1380,2025-09-29,1380,1759114800,0.9,0.92,0.9,0,0
"DOLAR OFICIAL",1380,1415,1380,1400,2025-09-30,1400,1759201200,0.9,0.92,0.9,0,0
"DOLAR OFICIAL",1400,1450,1400,1450,2025-10-01,1450,1759287600,0.89,0.92,0.89,0,0
"DOLAR OFICIAL",1450,1450,1450,1450,2025-10-02,1450,1759374000,0.94,0.94,0.94,0,0
"DOLAR OFICIAL",1450,1450,1450,1450,2025-10-03,1450,1759460400,0.95,0.95,0.95,0,0
"DOLAR OFICIAL",1450,1455,1450,1455,2025-10-06,1455,1759719600,0.96,0.96,0.96,0,0
"DOLAR OFICIAL",1455,1455,1455,1455,2025-10-07,1455,1759806000,0.93,0.93,0.93,0,0
"DOLAR OFICIAL",1455,1455,1455,1455,2025-10-08,1455,1759892400,0.94,0.94,0.94,0,0
"DOLAR OFICIAL",1455,1490,1450,1450,2025-10-09,1450,1759978800,1,1.03,1,0,0
"DOLAR OFICIAL",1450,1450,1450,1450,2025-10-10,1450,1760065200,1.01,1.01,1.01,0,0
"DOLAR OFICIAL",1450,1450,1370,1375,2025-10-13,1375,1760324400,1.01,1.01,0.95,0,0
"DOLAR OFICIAL",1375,1400,1375,1385,2025-10-14,1385,1760410800,0.93,0.95,0.93,0,0
"DOLAR OFICIAL",1385,1415,1385,1405,2025-10-15,1405,1760497200,0.95,0.97,0.95,0,0
"DOLAR OFICIAL",1405,1440,1405,1425,2025-10-16,1425,1760583600,0.94,0.97,0.94,0,0
"DOLAR OFICIAL",1425,1485,1425,1475,2025-10-17,1475,1760670000,0.92,0.96,0.92,0,0
"DOLAR OFICIAL",1475,1495,1475,1495,2025-10-20,1495,1760929200,0.94,0.95,0.94,0,0
"DOLAR OFICIAL",1495,1515,1495,1515,2025-10-21,1515,1761015600,0.93,0.94,0.93,0,0
"DOLAR OFICIAL",1515,1515,1515,1515,2025-10-22,1515,1761102000,0.94,0.94,0.94,0,0
"DOLAR OFICIAL",1515,1515,1505,1505,2025-10-23,1505,1761188400,0.98,0.98,0.97,0,0
"DOLAR OFICIAL",1505,1515,1505,1515,2025-10-24,1515,1761274800,0.96,0.97,0.96,0,0
"DOLAR OFICIAL",1515,1515,1370,1460,2025-10-27,1460,1761534000,1.04,1.04,0.94,0,0
"DOLAR OFICIAL",1460,1505,1460,1495,2025-10-28,1495,1761620400,0.98,1.01,0.98,0,0
"DOLAR OFICIAL",1495,1495,1460,1460,2025-10-29,1460,1761706800,1.01,1.01,0.98,0,0
"DOLAR OFICIAL",1460,1470,1460,1465,2025-10-30,1465,1761793200,0.98,0.99,0.98,0,0
"DOLAR OFICIAL",1465,1475,1465,1475,2025-10-31,1475,1761879600,0.97,0.98,0.97,0,0
"DOLAR OFICIAL",1475,1500,1475,1500,2025-11-03,1500,1762138800,0.97,0.99,0.97,0,0
"DOLAR OFICIAL",1500,1500,1485,1485,2025-11-04,1485,1762225200,0.99,0.99,0.98,0,0
"DOLAR OFICIAL",1485,1485,1465,1475,2025-11-05,1475,1762311600,0.99,0.99,0.98,0,0
"DOLAR OFICIAL",1475,1475,1475,1475,2025-11-06,1475,1762398000,0.99,0.99,0.99,0,0
"DOLAR OFICIAL",1475,1475,1445,1445,2025-11-07,1445,1762484400,1,1,0.98,0,0
"DOLAR OFICIAL",1445,1445,1445,1445,2025-11-10,1445,1762743600,0.98,0.98,0.98,0,0
"DOLAR OFICIAL",1445,1445,1445,1445,2025-11-11,1445,1762830000,0.98,0.98,0.98,0,0
"DOLAR OFICIAL",1445,1445,1425,1435,2025-11-12,1435,1762916400,0.98,0.98,0.96,0,0
"DOLAR OFICIAL",1435,1445,1430,1430,2025-11-13,1430,1763002800,0.97,0.97,0.96,0,0
"DOLAR OFICIAL",1430,1430,1425,1425,2025-11-14,1425,1763089200,0.96,0.96,0.96,0,0
"DOLAR OFICIAL",1425,1430,1415,1415,2025-11-17,1415,1763348400,0.95,0.96,0.95,0,0
"DOLAR OFICIAL",1415,1425,1415,1425,2025-11-18,1425,1763434800,0.96,0.97,0.96,0,0
"DOLAR OFICIAL",1425,1430,1425,1430,2025-11-19,1430,1763521200,0.97,0.97,0.97,0,0
"DOLAR OFICIAL",1430,1450,1430,1450,2025-11-20,1450,1763607600,0.96,0.97,0.96,0,0
"DOLAR OFICIAL",1450,1450,1450,1450,2025-11-21,1450,1763694000,0.97,0.97,0.97,0,0
"DOLAR OFICIAL",1450,1450,1450,1450,2025-11-24,1450,1763953200,0.96,0.96,0.96,0,0
"DOLAR OFICIAL",1450,1470,1450,1470,2025-11-25,1470,1764039600,0.95,0.97,0.95,0,0
"DOLAR OFICIAL",1470,1480,1470,1475,2025-11-26,1475,1764126000,0.96,0.97,0.96,0,0
"DOLAR OFICIAL",1475,1475,1475,1475,2025-11-27,1475,1764212400,0.97,0.97,0.97,0,0
"DOLAR OFICIAL",1475,1475,1475,1475,2025-11-28,1475,1764298800,0.97,0.97,0.97,0,0
"DOLAR OFICIAL",1475,1475,1475,1475,2025-12-01,1475,1764558000,0.99,0.99,0.99,0,0
"DOLAR OFICIAL",1475,1480,1475,1480,2025-12-02,1480,1764644400,0.97,0.97,0.97,0,0
"DOLAR OFICIAL",1480,1480,1480,1480,2025-12-03,1480,1764730800,0.98,0.98,0.98,0,0
"DOLAR OFICIAL",1480,1480,1470,1470,2025-12-04,1470,1764817200,0.98,0.98,0.97,0,0
"DOLAR OFICIAL",1470,1470,1460,1460,2025-12-05,1460,1764903600,0.97,0.97,0.97,0,0
"DOLAR OFICIAL",1460,1460,1460,1460,2025-12-08,1460,1765162800,0.97,0.97,0.97,0,0
"DOLAR OFICIAL",1460,1465,1460,1465,2025-12-09,1465,1765249200,0.97,0.97,0.97,0,0
"DOLAR OFICIAL",1465,1465,1460,1460,2025-12-10,1460,1765335600,0.98,0.98,0.98,0,0
"DOLAR OFICIAL",1460,1460,1460,1460,2025-12-11,1460,1765422000,0.97,0.97,0.97,0,0
"DOLAR OFICIAL",1460,1465,1460,1465,2025-12-12,1465,1765508400,0.97,0.97,0.97,0,0
"DOLAR OFICIAL",1465,1465,1465,1465,2025-12-15,1465,1765767600,0.96,0.96,0.96,0,0
"DOLAR OFICIAL",1465,1480,1465,1480,2025-12-16,1480,1765854000,0.95,0.96,0.95,0,0
"DOLAR OFICIAL",1480,1480,1475,1475,2025-12-17,1475,1765940400,0.95,0.95,0.95,0,0
"DOLAR OFICIAL",1475,1480,1475,1475,2025-12-18,1475,1766026800,0.95,0.95,0.95,0,0
"DOLAR OFICIAL",1475,1475,1475,1475,2025-12-19,1475,1766113200,0.95,0.95,0.95,0,0
"DOLAR OFICIAL",1475,1480,1475,1475,2025-12-22,1475,1766372400,0.96,0.96,0.96,0,0
"DOLAR OFICIAL",1475,1475,1475,1475,2025-12-23,1475,1766458800,0.96,0.96,0.96,0,0
"DOLAR OFICIAL",1475,1475,1475,1475,2025-12-24,1475,1766545200,0.97,0.97,0.97,0,0
"DOLAR OFICIAL",1475,1475,1475,1475,2025-12-25,1475,1766631600,0.97,0.97,0.97,0,0
"DOLAR OFICIAL",1475,1475,1475,1475,2025-12-26,1475,1766718000,0.96,0.96,0.96,0,0
"DOLAR OFICIAL",1475,1480,1475,1475,2025-12-29,1475,1766977200,0.97,0.97,0.97,0,0
"DOLAR OFICIAL",1475,1485,1475,1480,2025-12-30,1480,1767063600,0.97,0.98,0.97,0,0
"DOLAR OFICIAL",1480,1480,1480,1480,2025-12-31,1480,1767150000,0.97,0.97,0.97,0,0
"DOLAR OFICIAL",1480,1480,1480,1480,2026-01-01,1480,1767236400,0.97,0.97,0.97,0,0
"DOLAR OFICIAL",1480,1495,1480,1495,2026-01-02,1495,1767322800,0.96,0.97,0.96,0,0
"DOLAR OFICIAL",1495,1495,1495,1495,2026-01-05,1495,1767582000,0.97,0.97,0.97,0,0
"DOLAR OFICIAL",1495,1495,1490,1490,2026-01-06,1490,1767668400,0.97,0.97,0.97,0,0
"DOLAR OFICIAL",1490,1490,1490,1490,2026-01-07,1490,1767754800,0.97,0.97,0.97,0,0
"DOLAR OFICIAL",1485,1485,1485,1485,2026-01-08,1485,1767841200,0.97,0.97,0.97,0,0
"DOLAR OFICIAL",1485,1490,1485,1490,2026-01-09,1490,1767927600,0.97,0.97,0.97,0,0
"DOLAR OFICIAL",1490,1490,1490,1490,2026-01-12,1490,1768186800,0.97,0.97,0.97,0,0
"DOLAR OFICIAL",1490,1490,1485,1485,2026-01-13,1485,1768273200,0.98,0.98,0.98,0,0
"DOLAR OFICIAL",1485,1485,1480,1480,2026-01-14,1480,1768359600,0.97,0.97,0.97,0,0
"DOLAR OFICIAL",1480,1480,1470,1470,2026-01-15,1470,1768446000,0.98,0.98,0.97,0,0
"DOLAR OFICIAL",1470,1470,1455,1455,2026-01-16,1455,1768532400,0.97,0.97,0.96,0,0
"DOLAR OFICIAL",1455,1460,1455,1460,2026-01-19,1460,1768791600,0.96,0.97,0.96,0,0
"DOLAR OFICIAL",1460,1460,1460,1460,2026-01-20,1460,1768878000,0.96,0.96,0.96,0,0
"DOLAR OFICIAL",1460,1460,1455,1455,2026-01-21,1455,1768964400,0.97,0.97,0.97,0,0
"DOLAR OFICIAL",1455,1455,1450,1450,2026-01-22,1450,1769050800,0.97,0.97,0.96,0,0
"DOLAR OFICIAL",1450,1455,1450,1455,2026-01-23,1455,1769137200,0.96,0.97,0.96,0,0
"DOLAR OFICIAL",1455,1465,1455,1460,2026-01-26,1460,1769396400,0.96,0.97,0.96,0,0
"DOLAR OFICIAL",1460,1465,1460,1465,2026-01-27,1465,1769482800,0.97,0.97,0.97,0,0
"DOLAR OFICIAL",1465,1465,1465,1465,2026-01-28,1465,1769569200,0.98,0.98,0.98,0,0
"DOLAR OFICIAL",1465,1470,1465,1465,2026-01-29,1465,1769655600,0.97,0.97,0.97,0,0
"DOLAR OFICIAL",1465,1465,1465,1465,2026-01-30,1465,1769742000,0.98,0.98,0.98,0,0
"DOLAR OFICIAL",1465,1470,1465,1470,2026-02-02,1470,1770001200,0.98,0.98,0.98,0,0
"DOLAR OFICIAL",1470,1470,1465,1465,2026-02-03,1465,1770087600,0.98,0.98,0.98,0,0
"DOLAR OFICIAL",1465,1465,1465,1465,2026-02-04,1465,1770174000,0.98,0.98,0.98,0,0
"DOLAR OFICIAL",1465,1465,1460,1460,2026-02-05,1460,1770260400,0.97,0.97,0.97,0,0
"DOLAR OFICIAL",1460,1460,1450,1450,2026-02-06,1450,1770346800,0.98,0.98,0.97,0,0
"DOLAR OFICIAL",1450,1450,1440,1440,2026-02-09,1440,1770606000,0.98,0.98,0.97,0,0
"DOLAR OFICIAL",1440,1440,1425,1425,2026-02-10,1425,1770692400,0.97,0.97,0.96,0,0
"DOLAR OFICIAL",1425,1425,1420,1420,2026-02-11,1420,1770778800,0.97,0.97,0.96,0,0
"DOLAR OFICIAL",1420,1420,1400,1415,2026-02-12,1415,1770865200,0.96,0.96,0.95,0,0
"DOLAR OFICIAL",1415,1420,1415,1420,2026-02-13,1420,1770951600,0.96,0.96,0.96,0,0
"DOLAR OFICIAL",1420,1420,1420,1420,2026-02-16,1420,1771210800,0.96,0.96,0.96,0,0
"DOLAR OFICIAL",1420,1420,1420,1420,2026-02-17,1420,1771297200,0.97,0.97,0.97,0,0
"DOLAR OFICIAL",1420,1425,1420,1420,2026-02-18,1420,1771383600,0.98,0.98,0.98,0,0
"DOLAR OFICIAL",1420,1420,1410,1410,2026-02-19,1410,1771470000,0.98,0.98,0.97,0,0
"DOLAR OFICIAL",1410,1410,1395,1395,2026-02-20,1395,1771556400,0.98,0.98,0.97,0,0
"DOLAR OFICIAL",1395,1395,1385,1390,2026-02-23,1390,1771815600,0.97,0.97,0.96,0,0
"DOLAR OFICIAL",1390,1400,1390,1400,2026-02-24,1400,1771902000,0.96,0.97,0.96,0,0
"DOLAR OFICIAL",1400,1415,1400,1415,2026-02-25,1415,1771988400,0.96,0.97,0.96,0,0
"DOLAR OFICIAL",1415,1435,1415,1425,2026-02-26,1425,1772074800,0.96,0.97,0.96,0,0
"DOLAR OFICIAL",1425,1435,1420,1420,2026-02-27,1420,1772161200,0.98,0.98,0.97,0,0
"DOLAR OFICIAL",1420,1435,1415,1415,2026-03-02,1415,1772420400,0.97,0.98,0.96,0,0
"DOLAR OFICIAL",1415,1435,1415,1435,2026-03-03,1435,1772506800,0.95,0.97,0.95,0,0
"DOLAR OFICIAL",1435,1435,1420,1420,2026-03-04,1420,1772593200,0.98,0.98,0.97,0,0
"DOLAR OFICIAL",1420,1430,1420,1425,2026-03-05,1425,1772679600,0.97,0.97,0.97,0,0
"DOLAR OFICIAL",1425,1435,1425,1435,2026-03-06,1435,1772766000,0.96,0.97,0.96,0,0
"DOLAR OFICIAL",1435,1440,1435,1435,2026-03-09,1435,1773025200,0.97,0.98,0.97,0,0
"DOLAR OFICIAL",1435,1435,1420,1420,2026-03-10,1420,1773111600,0.98,0.98,0.97,0,0
"DOLAR OFICIAL",1420,1420,1415,1415,2026-03-11,1415,1773198000,0.98,0.98,0.97,0,0
"DOLAR OFICIAL",1415,1420,1415,1415,2026-03-12,1415,1773284400,0.97,0.97,0.97,0,0
"DOLAR OFICIAL",1415,1420,1410,1420,2026-03-13,1420,1773370800,0.96,0.97,0.96,0,0
"DOLAR OFICIAL",1420,1420,1415,1415,2026-03-16,1415,1773630000,0.96,0.96,0.96,0,0
"DOLAR OFICIAL",1415,1420,1415,1415,2026-03-17,1415,1773716400,0.96,0.97,0.96,0,0
"DOLAR OFICIAL",1415,1420,1415,1415,2026-03-18,1415,1773802800,0.96,0.97,0.96,0,0
"DOLAR OFICIAL",1415,1420,1415,1415,2026-03-19,1415,1773889200,0.96,0.97,0.96,0,0
"DOLAR OFICIAL",1415,1415,1410,1410,2026-03-20,1410,1773975600,0.96,0.96,0.96,0,0
"DOLAR OFICIAL",1410,1410,1410,1410,2026-03-23,1410,1774234800,0.96,0.96,0.96,0,0
"DOLAR OFICIAL",1410,1410,1410,1410,2026-03-24,1410,1774321200,0.96,0.96,0.96,0,0
"DOLAR OFICIAL",1410,1410,1400,1400,2026-03-25,1400,1774407600,0.97,0.97,0.96,0,0
"DOLAR OFICIAL",1400,1400,1390,1390,2026-03-26,1390,1774494000,0.97,0.97,0.96,0,0
"DOLAR OFICIAL",1390,1405,1390,1405,2026-03-27,1405,1774580400,0.94,0.95,0.94,0,0
"DOLAR OFICIAL",1405,1420,1405,1420,2026-03-30,1420,1774839600,0.95,0.96,0.95,0,0
"DOLAR OFICIAL",1420,1420,1405,1405,2026-03-31,1405,1774926000,0.96,0.96,0.95,0,0
"DOLAR OFICIAL",1405,1415,1405,1415,2026-04-01,1415,1775012400,0.94,0.95,0.94,0,0
"DOLAR OFICIAL",1415,1415,1415,1415,2026-04-02,1415,1775098800,0.96,0.96,0.96,0,0
"DOLAR OFICIAL",1415,1415,1415,1415,2026-04-03,1415,1775185200,0.96,0.96,0.96,0,0
"DOLAR OFICIAL",1415,1415,1415,1415,2026-04-06,1415,1775444400,0.96,0.96,0.96,0,0
"DOLAR OFICIAL",1415,1415,1415,1415,2026-04-07,1415,1775530800,0.95,0.95,0.95,0,0
"DOLAR OFICIAL",1415,1415,1405,1410,2026-04-08,1410,1775617200,0.96,0.96,0.95,0,0
"DOLAR OFICIAL",1410,1410,1405,1405,2026-04-09,1405,1775703600,0.95,0.95,0.95,0,0
"DOLAR OFICIAL",1405,1405,1395,1395,2026-04-10,1395,1775790000,0.95,0.95,0.95,0,0
"DOLAR OFICIAL",1395,1395,1385,1385,2026-04-13,1385,1776049200,0.95,0.95,0.94,0,0
"DOLAR OFICIAL",1385,1385,1375,1385,2026-04-14,1385,1776135600,0.94,0.94,0.93,0,0
"DOLAR OFICIAL",1385,1385,1380,1380,2026-04-15,1380,1776222000,0.95,0.95,0.95,0,0
"DOLAR OFICIAL",1380,1385,1380,1380,2026-04-16,1380,1776308400,0.95,0.95,0.95,0,0
"DOLAR OFICIAL",1380,1390,1375,1390,2026-04-17,1390,1776394800,0.94,0.95,0.94,0,0
"DOLAR OFICIAL",1390,1400,1390,1400,2026-04-20,1400,1776654000,0.95,0.96,0.95,0,0
"DOLAR OFICIAL",1400,1400,1400,1400,2026-04-21,1400,1776740400,0.95,0.95,0.95,0,0
"DOLAR OFICIAL",1400,1400,1400,1400,2026-04-22,1400,1776826800,0.95,0.95,0.95,0,0
"DOLAR OFICIAL",1400,1415,1400,1415,2026-04-23,1415,1776913200,0.94,0.95,0.94,0,0
"DOLAR OFICIAL",1415,1420,1415,1420,2026-04-24,1420,1776999600,0.94,0.95,0.94,0,0
"DOLAR OFICIAL",1420,1440,1420,1440,2026-04-27,1440,1777258800,0.93,0.95,0.93,0,0
"DOLAR OFICIAL",1440,1445,1430,1430,2026-04-28,1430,1777345200,0.96,0.96,0.95,0,0
"DOLAR OFICIAL",1430,1430,1415,1415,2026-04-29,1415,1777431600,0.96,0.96,0.95,0,0
"DOLAR OFICIAL",1415,1415,1405,1405,2026-04-30,1405,1777518000,0.94,0.94,0.94,0,0
"DOLAR OFICIAL",1405,1410,1405,1410,2026-05-01,1410,1777604400,0.93,0.94,0.93,0,0
"DOLAR OFICIAL",1410,1425,1410,1425,2026-05-04,1425,1777863600,0.94,0.95,0.94,0,0
"DOLAR OFICIAL",1425,1425,1415,1415,2026-05-05,1415,1777950000,0.96,0.96,0.96,0,0
"DOLAR OFICIAL",1415,1415,1410,1410,2026-05-06,1410,1778036400,0.96,0.96,0.95,0,0
"DOLAR OFICIAL",1410,1420,1410,1420,2026-05-07,1420,1778122800,0.95,0.96,0.95,0,0
"DOLAR OFICIAL",1420,1420,1415,1420,2026-05-08,1420,1778209200,0.96,0.96,0.95,0,0
"DOLAR OFICIAL",1420,1420,1415,1415,2026-05-11,1415,1778468400,0.96,0.96,0.96,0,0
"DOLAR OFICIAL",1415,1415,1405,1405,2026-05-12,1405,1778554800,0.96,0.96,0.95,0,0
"DOLAR OFICIAL",1405,1415,1405,1415,2026-05-13,1415,1778641200,0.95,0.95,0.95,0,0
"DOLAR OFICIAL",1415,1420,1415,1415,2026-05-14,1415,1778727600,0.96,0.96,0.96,0,0
"DOLAR OFICIAL",1415,1420,1415,1420,2026-05-15,1420,1778814000,0.95,0.95,0.95,0,0
"DOLAR OFICIAL",1420,1420,1420,1420,2026-05-18,1420,1779073200,0.96,0.96,0.96,0,0
"DOLAR OFICIAL",1420,1420,1420,1420,2026-05-19,1420,1779159600,0.95,0.95,0.95,0,0
"DOLAR OFICIAL",1420,1420,1420,1420,2026-05-20,1420,1779246000,0.95,0.95,0.95,0,0
"DOLAR OFICIAL",1420,1420,1410,1410,2026-05-21,1410,1779332400,0.96,0.96,0.95,0,0
"DOLAR OFICIAL",1410,1425,1410,1425,2026-05-22,1425,1779418800,0.95,0.96,0.95,0,0
"DOLAR OFICIAL",1425,1425,1425,1425,2026-05-25,1425,1779678000,0.96,0.96,0.96,0,0
"DOLAR OFICIAL",1425,1430,1425,1430,2026-05-26,1430,1779764400,0.96,0.96,0.96,0,0
"DOLAR OFICIAL",1430,1430,1430,1430,2026-05-27,1430,1779850800,0.97,0.97,0.97,0,0
"DOLAR OFICIAL",1430,1435,1430,1430,2026-05-28,1430,1779937200,0.96,0.97,0.96,0,0
"DOLAR OFICIAL",1430,1430,1430,1430,2026-05-29,1430,1780023600,0.96,0.96,0.96,0,0
"DOLAR OFICIAL",1430,1445,1430,1445,2026-06-01,1445,1780282800,0.96,0.97,0.96,0,0
"DOLAR OFICIAL",1445,1450,1445,1450,2026-06-02,1450,1780369200,0.96,0.96,0.96,0,0
"DOLAR OFICIAL",1450,1460,1450,1460,2026-06-03,1460,1780455600,0.96,0.96,0.96,0,0
"DOLAR OFICIAL",1460,1465,1455,1455,2026-06-04,1455,1780542000,0.96,0.97,0.96,0,0
"DOLAR OFICIAL",1455,1460,1455,1460,2026-06-05,1460,1780628400,0.96,0.97,0.96,0,0
"DOLAR OFICIAL",1460,1465,1460,1465,2026-06-08,1465,1780887600,0.96,0.96,0.96,0,0
"DOLAR OFICIAL",1465,1465,1460,1460,2026-06-09,1460,1780974000,0.97,0.97,0.96,0,0
"DOLAR OFICIAL",1460,1460,1455,1455,2026-06-10,1455,1781060400,0.97,0.97,0.96,0,0
"DOLAR OFICIAL",1455,1455,1450,1450,2026-06-11,1450,1781146800,0.97,0.97,0.97,0,0
"DOLAR OFICIAL",1450,1455,1450,1450,2026-06-12,1450,1781233200,0.97,0.97,0.97,0,0
"DOLAR OFICIAL",1450,1450,1450,1450,2026-06-15,1450,1781492400,0.97,0.97,0.97,0,0
"DOLAR OFICIAL",1450,1455,1450,1455,2026-06-16,1455,1781578800,0.97,0.97,0.97,0,0
"DOLAR OFICIAL",1455,1460,1455,1460,2026-06-17,1460,1781665200,0.97,0.97,0.97,0,0
"DOLAR OFICIAL",1460,1470,1460,1470,2026-06-18,1470,1781751600,0.97,0.97,0.97,0,0
"DOLAR OFICIAL",1470,1480,1470,1480,2026-06-19,1480,1781838000,0.99,0.99,0.99,0,0
"DOLAR OFICIAL",1480,1480,1475,1480,2026-06-22,1480,1782097200,0.97,0.97,0.96,0,0
"DOLAR OFICIAL",1480,1490,1480,1490,2026-06-23,1490,1782183600,0.95,0.96,0.95,0,0
"DOLAR OFICIAL",1490,1495,1490,1495,2026-06-24,1495,1782270000,0.94,0.95,0.94,0,0
"DOLAR OFICIAL",1495,1495,1495,1495,2026-06-25,1495,1782356400,0.97,0.97,0.97,0,0
"DOLAR OFICIAL",1495,1495,1495,1495,2026-06-26,1495,1782442800,0.97,0.97,0.97,0,0
"DOLAR OFICIAL",1495,1495,1495,1495,2026-06-29,1495,1782702000,0.96,0.96,0.96,0,0
"DOLAR OFICIAL",1495,1500,1495,1500,2026-06-30,1500,1782788400,0.96,0.96,0.96,0,0
"DOLAR OFICIAL",1500,1510,1500,1510,2026-07-01,1510,1782874800,0.96,0.96,0.96,0,0
"DOLAR OFICIAL",1510,1510,1510,1510,2026-07-02,1510,1782961200,0.96,0.96,0.96,0,0
"DOLAR OFICIAL",1510,1510,1510,1510,2026-07-03,1510,1783047600,0.95,0.95,0.95,0,0
"DOLAR OFICIAL",1510,1510,1510,1510,2026-07-06,1510,1783306800,0.96,0.96,0.96,0,0
"DOLAR OFICIAL",1510,1515,1510,1515,2026-07-07,1515,1783393200,0.96,0.96,0.96,0,0
"DOLAR OFICIAL",1515,1515,1510,1510,2026-07-08,1510,1783479600,0.96,0.96,0.96,0,0
"DOLAR OFICIAL",1510,1510,1510,1510,2026-07-09,1510,1783566000,0.94,0.94,0.94,0,0
"DOLAR OFICIAL",1510,1510,1510,1510,2026-07-10,1510,1783652400,0.97,0.97,0.97,0,0
"DOLAR OFICIAL",1510,1510,1505,1505,2026-07-13,1505,1783911600,0.96,0.96,0.96,0,0
"DOLAR OFICIAL",1505,1505,1495,1495,2026-07-14,1495,1783998000,0.97,0.97,0.96,0,0
"DOLAR OFICIAL",1495,1495,1495,1495,2026-07-15,1495,1784084400,0.96,0.96,0.96,0,0
"DOLAR OFICIAL",1495,1495,1495,1495,2026-07-16,1495,1784170800,0.95,0.95,0.95,0,0
"DOLAR OFICIAL",1495,1500,1495,1500,2026-07-17,1500,1784257200,0.95,0.95,0.95,0,0
"DOLAR OFICIAL",1500,1500,1500,1500,2026-07-20,1500,1784516400,0.95,0.95,0.95,0,0
"DOLAR OFICIAL",1500,1500,1500,1500,2026-07-21,1500,1784602800,0.96,0.96,0.96,0,0
"DOLAR OFICIAL",1500,1505,1500,1505,2026-07-22,1505,1784689200,0.96,0.96,0.96,0,0
"DOLAR OFICIAL",1505,1515,1505,1510,2026-07-23,1510,1784775600,0.95,0.96,0.95,0,0
"DOLAR OFICIAL",1510,1520,1510,1520,2026-07-24,1520,1784862000,0.94,0.95,0.94,0,0
"DOLAR OFICIAL",1520,1520,1520,1520,2026-07-27,1520,1785121200,0.95,0.95,0.95,0,0
"DOLAR OFICIAL",1520,1520,1520,1520,2026-07-28,1520,1785207600,0.95,0.95,0.95,0,0
"DOLAR OFICIAL",1520,1520,1515,1515,2026-07-29,1515,1785294000,0.96,0.96,0.96,0,0
"DOLAR OFICIAL",1515,1515,1515,1515,2026-07-30,1515,1785380400,0.97,0.97,0.97,0,0
"DOLAR OFICIAL",1515,1515,1510,1510,2026-07-31,1510,1785466800,0.96,0.96,0.96,0,0
"DOLAR OFICIAL",1510,1515,1510,1515,2026-08-03,1515,1785726000,0.96,0.96,0.96,0,0
"DOLAR OFICIAL",1515,1515,1515,1515,2026-08-04,1515,1785812400,0.96,0.96,0.96,0,0
"DOLAR OFICIAL",1515,1520,1515,1520,2026-08-05,1520,1785898800,0.96,0.96,0.96,0,0
"DOLAR OFICIAL",1520,1520,1520,1520,2026-08-06,1520,1785985200,0.97,0.97,0.97,0,0
"DOLAR OFICIAL",1520,1520,1520,1520,2026-08-07,1520,1786071600,0.96,0.96,0.96,0,0
"DOLAR OFICIAL",1520,1520,1520,1520,2026-08-10,1520,1786330800,0.96,0.96,0.96,0,0
"DOLAR OFICIAL",1520,1520,1515,1515,2026-08-11,1515,1786417200,0.94,0.94,0.94,0,0
"DOLAR OFICIAL",1515,1515,1515,1515,2026-08-12,1515,1786503600,0.96,0.96,0.96,0,0
"DOLAR OFICIAL",1515,1515,1515,1515,2026-08-13,1515,1786590000,0.96,0.96,0.96,0,0
"DOLAR OFICIAL",1515,1515,1510,1510,2026-08-14,1510,1786676400,0.96,0.96,0.96,0,0
"DOLAR OFICIAL",1510,1510,1510,1510,2026-08-17,1510,1786935600,0.96,0.96,0.96,0,0
"DOLAR OFICIAL",1510,1515,1510,1515,2026-08-18,1515,1787022000,0.96,0.96,0.96,0,0
"DOLAR OFICIAL",1515,1515,1515,1515,2026-08-19,1515,1787108400,0.96,0.96,0.96,0,0
"DOLAR OFICIAL",1515,1515,1515,1515,2026-08-20,1515,1787194800,0.96,0.96,0.96,0,0
"DOLAR OFICIAL",1515,1515,1515,1515,2026-08-21,1515,1787281200,0.95,0.95,0.95,0,0
"DOLAR OFICIAL",1515,1530,1515,1530,2026-08-24,1530,1787540400,0.95,0.96,0.95,0,0
"DOLAR OFICIAL",1530,1530,1530,1530,2026-08-25,1530,1787626800,0.96,0.96,0.96,0,0
"DOLAR OFICIAL",1530,1535,1530,1535,2026-08-26,1535,1787713200,0.96,0.96,0.96,0,0
"DOLAR OFICIAL",1535,1535,1535,1535,2026-08-27,1535,1787799600,0.96,0.96,0.96,0,0
"DOLAR OFICIAL",1535,1535,1535,1535,2026-08-28,1535,1787886000,0.95,0.95,0.95,0,0
"DOLAR OFICIAL",1535,1535,1530,1530,2026-08-31,1530,1788145200,0.96,0.96,0.96,0,0
"DOLAR OFICIAL",1530,1535,1530,1535,2026-09-01,1535,1788231600,0.96,0.96,0.96,0,0
"DOLAR OFICIAL",1535,1535,1535,1535,2026-09-02,1535,1788318000,0.97,0.97,0.97,0,0
"DOLAR OFICIAL",1535,1535,1530,1530,2026-09-03,1530,1788404400,0.97,0.97,0.96,0,0
"DOLAR OFICIAL",1530,1530,1530,1530,2026-09-04,1530,1788490800,0.97,0.97,0.97,0,0
"DOLAR OFICIAL",1530,1530,1530,1530,2026-09-07,1530,1788750000,0.98,0.98,0.98,0,0
"DOLAR OFICIAL",1530,1530,1530,1530,2026-09-08,1530,1788836400,0.96,0.96,0.96,0,0
"DOLAR OFICIAL",1530,1535,1530,1535,2026-09-09,1535,1788922800,0.96,0.96,0.96,0,0
"DOLAR OFICIAL",1535,1535,1535,1535,2026-09-10,1535,1789009200,0.96,0.96,0.96,0,0
"DOLAR OFICIAL",1535,1535,1530,1530,2026-09-11,1530,1789095600,0.96,0.96,0.96,0,0
"DOLAR OFICIAL",1530,1530,1530,1530,2026-09-14,1530,1789354800,0.96,0.96,0.96,0,0
"DOLAR OFICIAL",1530,1530,1530,1530,2026-09-15,1530,1789441200,0.96,0.96,0.96,0,0
"DOLAR OFICIAL",1530,1535,1530,1535,2026-09-16,1535,1789527600,0.96,0.96,0.96,0,0
"DOLAR OFICIAL",1535,1535,1535,1535,2026-09-17,1535,1789614000,0.96,0.96,0.96,0,0
"DOLAR OFICIAL",1535,1535,1535,1535,2026-09-18,1535,1789700400,0.97,0.97,0.97,0,0
