especie,apertura,maximo,minimo,ultimo,fecha,cierre,timestamp,usd_apertura,usd_maximo,usd_minimo,usd_cierre,volumen
"DOLAR MEP",0,0,0,176.45,2021-09-20,176.45,1632106800,0,0,0,0,0
"DOLAR MEP",0,0,0,176.84,2021-09-21,176.84,1632193200,0,0,0,0,0
"DOLAR MEP",0,0,0,177.41,2021-09-22,177.41,1632279600,0,0,0,0,0
"DOLAR MEP",0,0,0,179.92,2021-09-23,179.92,1632366000,0,0,0,0,0
"DOLAR MEP",0,0,0,179.92,2021-09-24,179.92,1632452400,0,0,0,0,0
"DOLAR MEP",0,0,0,179.94,2021-09-27,179.94,1632711600,0,0,0,0,0
"DOLAR MEP",0,0,0,180.05,2021-09-28,180.05,1632798000,0,0,0,0,0
"DOLAR MEP",0,0,0,179.45,2021-09-29,179.45,1632884400,0,0,0,0,0
"DOLAR MEP",0,0,0,176.63,2021-09-30,176.63,1632970800,0,0,0,0,0
"DOLAR MEP",0,0,0,178.34,2021-10-01,178.34,1633057200,0,0,0,0,0
"DOLAR MEP",0,0,0,177.65,2021-10-04,177.65,1633316400,0,0,0,0,0
"DOLAR MEP",0,0,0,177.16,2021-10-05,177.16,1633402800,0,0,0,0,0
"DOLAR MEP",0,0,0,181.28,2021-10-06,181.28,1633489200,0,0,0,0,0
"DOLAR MEP",0,0,0,182.66,2021-10-07,182.66,1633575600,0,0,0,0,0
"DOLAR MEP",0,0,0,181.62,2021-10-12,181.62,1634007600,0,0,0,0,0
"DOLAR MEP",0,0,0,184.12,2021-10-13,184.12,1634094000,0,0,0,0,0
"DOLAR MEP",0,0,0,185.65,2021-10-14,185.65,1634180400,0,0,0,0,0
"DOLAR MEP",0,0,0,187.28,2021-10-15,187.28,1634266800,0,0,0,0,0
"DOLAR MEP",0,0,0,187.57,2021-10-18,187.57,1634526000,0,0,0,0,0
"DOLAR MEP",0,0,0,189.48,2021-10-19,189.48,1634612400,0,0,0,0,0
"DOLAR MEP",0,0,0,187.81,2021-10-20,187.81,1634698800,0,0,0,0,0
"DOLAR MEP",0,0,0,188.58,2021-10-21,188.58,1634785200,0,0,0,0,0
"DOLAR MEP",0,0,0,188.86,2021-10-22,188.86,1634871600,0,0,0,0,0
"DOLAR MEP",0,0,0,190.21,2021-10-25,190.21,1635130800,0,0,0,0,0
"DOLAR MEP",0,0,0,191.64,2021-10-26,191.64,1635217200,0,0,0,0,0
"DOLAR MEP",0,0,0,193.73,2021-10-27,193.73,1635303600,0,0,0,0,0
"DOLAR MEP",0,0,0,193.7,2021-10-28,193.7,1635390000,0,0,0,0,0
"DOLAR MEP",0,0,0,198.47,2021-10-29,198.47,1635476400,0,0,0,0,0
"DOLAR MEP",0,0,0,204.59,2021-11-01,204.59,1635735600,0,0,0,0,0
"DOLAR MEP",0,0,0,206.18,2021-11-02,206.18,1635822000,0,0,0,0,0
"DOLAR MEP",206.18,207.08,203.17,204.51,2021-11-03,204.51,1635908400,0.96,0.96,0.94,0,0
"DOLAR MEP",204.51,206.93,201.64,201.64,2021-11-04,201.64,1635994800,0.94,0.96,0.93,0,0
"DOLAR MEP",201.64,207.31,201.64,205.23,2021-11-05,205.23,1636081200,0.92,0.95,0.92,0,0
"DOLAR MEP",205.23,207.08,202.27,202.6,2021-11-08,202.6,1636340400,0.95,0.96,0.93,0,0
"DOLAR MEP",202.6,205.42,198.88,200.27,2021-11-09,200.27,1636426800,0.95,0.97,0.94,0,0
"DOLAR MEP",200.27,201.69,197.27,198.91,2021-11-10,198.91,1636513200,0.94,0.94,0.92,0,0
"DOLAR MEP",198.91,203.4,198.87,198.93,2021-11-11,198.93,1636599600,0.93,0.95,0.93,0,0
"DOLAR MEP",198.93,203.92,198.39,198.5,2021-11-12,198.5,1636686000,0.92,0.94,0.91,0,0
"DOLAR MEP",198.5,201.96,195.99,197.6,2021-11-15,197.6,1636945200,0.95,0.97,0.94,0,0
"DOLAR MEP",197.6,200.52,194.49,199.57,2021-11-16,199.57,1637031600,0.93,0.95,0.92,0,0
"DOLAR MEP",199.57,202.76,198.65,201.43,2021-11-17,201.43,1637118000,0.94,0.95,0.93,0,0
"DOLAR MEP",201.43,203.92,200.22,203.79,2021-11-18,203.79,1637204400,0.94,0.96,0.94,0,0
"DOLAR MEP",203.79,206.39,201.11,205.58,2021-11-19,205.58,1637290800,0.94,0.96,0.93,0,0
"DOLAR MEP",205.58,207.96,202.89,205.72,2021-11-23,205.72,1637636400,0.95,0.96,0.94,0,0
"DOLAR MEP",205.72,206.84,203.74,204.95,2021-11-24,204.95,1637722800,0.95,0.96,0.94,0,0
"DOLAR MEP",207.58,207.58,201.72,202.07,2021-11-25,202.07,1637809200,0.97,0.97,0.94,0,0
"DOLAR MEP",202.07,203.9,197.35,201.17,2021-11-26,201.17,1637895600,0.95,0.96,0.93,0,0
"DOLAR MEP",201.17,201.17,195.57,198.73,2021-11-29,198.73,1638154800,0.95,0.95,0.93,0,0
"DOLAR MEP",198.73,202.86,197.15,201.92,2021-11-30,201.92,1638241200,0.92,0.94,0.91,0,0
"DOLAR MEP",201.92,205.95,199.83,203.48,2021-12-01,203.48,1638327600,0.92,0.93,0.91,0,0
"DOLAR MEP",203.48,205.22,203.13,204.21,2021-12-02,204.21,1638414000,0.93,0.93,0.92,0,0
"DOLAR MEP",204.21,206.37,201.67,204.55,2021-12-03,204.55,1638500400,0.94,0.95,0.92,0,0
"DOLAR MEP",204.55,208.11,201.39,203.46,2021-12-06,203.46,1638759600,0.93,0.95,0.92,0,0
"DOLAR MEP",203.46,205.79,199.01,200.6,2021-12-07,200.6,1638846000,0.94,0.95,0.92,0,0
"DOLAR MEP",200.6,202.03,195.73,196.79,2021-12-09,196.79,1639018800,0.95,0.96,0.93,0,0
"DOLAR MEP",196.79,198.8,193.72,196.99,2021-12-10,196.99,1639105200,0.94,0.95,0.93,0,0
"DOLAR MEP",196.99,198.83,189.8,195.41,2021-12-13,195.41,1639364400,0.97,0.97,0.93,0,0
"DOLAR MEP",195.41,196.06,192.48,193.35,2021-12-14,193.35,1639450800,0.96,0.96,0.94,0,0
"DOLAR MEP",193.35,195.38,189.47,191.66,2021-12-15,191.66,1639537200,0.97,0.98,0.95,0,0
"DOLAR MEP",191.66,195.21,189.87,194.53,2021-12-16,194.53,1639623600,0.95,0.97,0.94,0,0
"DOLAR MEP",194.53,199.05,194.53,197.79,2021-12-17,197.79,1639710000,0.94,0.96,0.94,0,0
"DOLAR MEP",197.79,201.69,197.79,199.94,2021-12-20,199.94,1639969200,0.96,0.98,0.96,0,0
"DOLAR MEP",199.94,203.09,199.83,201.01,2021-12-21,201.01,1640055600,0.96,0.97,0.96,0,0
"DOLAR MEP",194.05,194.24,192.88,193.2,2021-12-27,193.2,1640574000,0.98,0.98,0.97,0,0
"DOLAR MEP",193.2,196.4,189.68,193.26,2021-12-28,193.26,1640660400,0.98,0.99,0.96,0,0
"DOLAR MEP",193.26,197.26,193.01,194.4,2021-12-29,194.4,1640746800,0.96,0.98,0.96,0,0
"DOLAR MEP",196.97,197.19,193.74,197.19,2021-12-30,197.19,1640833200,0.97,0.97,0.96,0,0
"DOLAR MEP",197.19,199.49,195.28,197.52,2022-01-03,197.52,1641178800,0.97,0.98,0.96,0,0
"DOLAR MEP",197.52,200.56,196.11,196.39,2022-01-04,196.39,1641265200,0.96,0.98,0.95,0,0
"DOLAR MEP",196.39,200.42,196.34,199.15,2022-01-05,199.15,1641351600,0.94,0.96,0.94,0,0
"DOLAR MEP",199.15,204.29,199.15,203.05,2022-01-06,203.05,1641438000,0.94,0.97,0.94,0,0
"DOLAR MEP",203.05,206.06,201.75,203.05,2022-01-07,203.05,1641524400,0.96,0.97,0.95,0,0
"DOLAR MEP",203.05,207.14,202.76,205.33,2022-01-10,205.33,1641783600,0.95,0.97,0.95,0,0
"DOLAR MEP",205.33,207.41,201.33,202.07,2022-01-11,202.07,1641870000,0.98,0.99,0.96,0,0
"DOLAR MEP",202.07,204.05,201.04,202.09,2022-01-12,202.09,1641956400,0.97,0.98,0.96,0,0
"DOLAR MEP",202.09,205.03,198.92,201.34,2022-01-13,201.34,1642042800,0.97,0.98,0.95,0,0
"DOLAR MEP",201.34,203.37,198.78,201.13,2022-01-14,201.13,1642129200,0.97,0.98,0.96,0,0
"DOLAR MEP",201.13,205.49,198.79,203.83,2022-01-17,203.83,1642388400,0.96,0.98,0.95,0,0
"DOLAR MEP",203.83,207.96,202.4,203.35,2022-01-18,203.35,1642474800,0.97,0.99,0.96,0,0
"DOLAR MEP",203.35,206.71,202.44,206.43,2022-01-19,206.43,1642561200,0.95,0.96,0.94,0,0
"DOLAR MEP",206.43,212.09,206.06,212.09,2022-01-20,212.09,1642647600,0.93,0.95,0.93,0,0
"DOLAR MEP",212.09,216.9,212.09,214.25,2022-01-21,214.25,1642734000,0.94,0.96,0.94,0,0
"DOLAR MEP",214.25,220.33,214.25,216.75,2022-01-24,216.75,1642993200,0.96,0.99,0.96,0,0
"DOLAR MEP",216.75,219.82,214.82,218.12,2022-01-25,218.12,1643079600,0.95,0.96,0.94,0,0
"DOLAR MEP",218.12,221.25,217.26,219.33,2022-01-26,219.33,1643166000,0.94,0.96,0.94,0,0
"DOLAR MEP",219.33,224.15,219.33,222.05,2022-01-27,222.05,1643252400,0.94,0.96,0.94,0,0
"DOLAR MEP",222.05,222.05,211.43,217.17,2022-01-28,217.17,1643338800,0.99,0.99,0.95,0,0
"DOLAR MEP",217.17,217.58,212.66,213.48,2022-01-31,213.48,1643598000,0.97,0.98,0.95,0,0
"DOLAR MEP",213.48,217.12,212.57,214.63,2022-02-01,214.63,1643684400,0.96,0.98,0.96,0,0
"DOLAR MEP",214.63,217.11,210.36,210.88,2022-02-02,210.88,1643770800,0.98,0.99,0.96,0,0
"DOLAR MEP",210.88,213.8,209.62,211.71,2022-02-03,211.71,1643857200,0.96,0.97,0.95,0,0
"DOLAR MEP",211.71,215.18,211.14,212.23,2022-02-04,212.23,1643943600,0.96,0.98,0.96,0,0
"DOLAR MEP",212.23,216.57,209.97,210.22,2022-02-07,210.22,1644202800,0.97,0.99,0.96,0,0
"DOLAR MEP",210.22,212.32,207.63,207.9,2022-02-08,207.9,1644289200,0.98,0.99,0.97,0,0
"DOLAR MEP",207.9,209.21,204.97,204.97,2022-02-09,204.97,1644375600,0.97,0.98,0.96,0,0
"DOLAR MEP",204.97,207.56,204.97,207.15,2022-02-10,207.15,1644462000,0.95,0.96,0.95,0,0
"DOLAR MEP",207.15,212.35,205.95,207.59,2022-02-11,207.59,1644548400,0.96,0.98,0.95,0,0
"DOLAR MEP",207.59,210.65,205.98,207.41,2022-02-14,207.41,1644807600,0.97,0.99,0.96,0,0
"DOLAR MEP",207.41,208.83,205.23,205.49,2022-02-15,205.49,1644894000,0.98,0.98,0.97,0,0
"DOLAR MEP",205.49,206.37,203.58,203.93,2022-02-16,203.93,1644980400,0.98,0.98,0.97,0,0
"DOLAR MEP",203.93,206.55,202.97,203.03,2022-02-17,203.03,1645066800,0.97,0.98,0.96,0,0
"DOLAR MEP",203.03,203.72,198.34,199.72,2022-02-18,199.72,1645153200,0.98,0.98,0.96,0,0
"DOLAR MEP",199.72,202.62,196.91,201.12,2022-02-21,201.12,1645412400,0.97,0.98,0.96,0,0
"DOLAR MEP",201.12,203.14,195.63,196.05,2022-02-22,196.05,1645498800,1,1.01,0.97,0,0
"DOLAR MEP",196.05,197.45,195.86,196.81,2022-02-23,196.81,1645585200,0.96,0.97,0.96,0,0
"DOLAR MEP",196.81,201.36,196.6,197.19,2022-02-24,197.19,1645671600,0.98,1.01,0.98,0,0
"DOLAR MEP",197.19,200.83,193.94,195.31,2022-02-25,195.31,1645758000,0.99,1.01,0.97,0,0
"DOLAR MEP",195.31,198.97,192.92,196.84,2022-03-02,196.84,1646190000,0.96,0.98,0.95,0,0
"DOLAR MEP",196.84,199.78,195.25,196.82,2022-03-03,196.82,1646276400,0.98,0.99,0.97,0,0
"DOLAR MEP",196.82,199.68,195.96,197.6,2022-03-04,197.6,1646362800,0.98,0.99,0.97,0,0
"DOLAR MEP",196.63,197.32,194.09,197.28,2022-03-07,197.28,1646622000,0.99,0.99,0.98,0,0
"DOLAR MEP",197.28,197.28,186.67,187.41,2022-03-11,187.41,1646967600,1.03,1.03,0.98,0,0
"DOLAR MEP",187.41,190.52,185.14,185.6,2022-03-14,185.6,1647226800,1,1.02,0.99,0,0
"DOLAR MEP",185.6,189.67,185.59,188.06,2022-03-15,188.06,1647313200,0.98,1,0.98,0,0
"DOLAR MEP",188.06,193.99,187.82,193.93,2022-03-16,193.93,1647399600,0.96,1,0.96,0,0
"DOLAR MEP",193.93,198.3,193.79,195.33,2022-03-17,195.33,1647486000,0.99,1.01,0.99,0,0
"DOLAR MEP",195.33,199.03,192.8,195.17,2022-03-18,195.17,1647572400,0.99,1.01,0.98,0,0
"DOLAR MEP",195.17,199.46,195.17,197.9,2022-03-21,197.9,1647831600,0.99,1.01,0.99,0,0
"DOLAR MEP",197.9,200.19,197.26,199.82,2022-03-22,199.82,1647918000,0.99,1,0.98,0,0
"DOLAR MEP",199.82,201.46,199.22,200.72,2022-03-23,200.72,1648004400,0.99,1,0.99,0,0
"DOLAR MEP",200.72,203.06,199.09,200.31,2022-03-25,200.31,1648177200,1.01,1.02,1,0,0
"DOLAR MEP",200.31,201.99,195.42,196.27,2022-03-28,196.27,1648436400,1.02,1.03,1,0,0
"DOLAR MEP",196.27,196.27,191.65,191.99,2022-03-29,191.99,1648522800,1.02,1.02,1,0,0
"DOLAR MEP",191.99,193.55,191.67,192.52,2022-03-30,192.52,1648609200,1,1.01,1,0,0
"DOLAR MEP",192.73,192.93,189.74,190.56,2022-03-31,190.56,1648695600,1.01,1.01,0.99,0,0
"DOLAR MEP",190.56,192.33,188.96,189.75,2022-04-01,189.75,1648782000,1,1.01,0.99,0,0
"DOLAR MEP",189.75,191.9,189.4,190.88,2022-04-04,190.88,1649041200,1,1.01,1,0,0
"DOLAR MEP",190.88,192.06,189.83,190.17,2022-04-05,190.17,1649127600,1.01,1.01,1,0,0
"DOLAR MEP",190.17,191.77,187.2,189.92,2022-04-06,189.92,1649214000,1,1.01,0.99,0,0
"DOLAR MEP",189.92,192.32,189.92,192.32,2022-04-07,192.32,1649300400,0.99,1,0.99,0,0
"DOLAR MEP",192.32,193.95,189.7,191.15,2022-04-08,191.15,1649386800,1.01,1.02,1,0,0
"DOLAR MEP",191.15,192.07,189.61,191.31,2022-04-11,191.31,1649646000,1,1,0.99,0,0
"DOLAR MEP",191.31,194.13,190.59,191.67,2022-04-12,191.67,1649732400,1,1.02,1,0,0
"DOLAR MEP",191.67,192.31,189.58,191.33,2022-04-13,191.33,1649818800,1,1.01,0.99,0,0
"DOLAR MEP",191.33,192.81,188.33,189.3,2022-04-18,189.3,1650250800,1.01,1.02,1,0,0
"DOLAR MEP",189.3,191.69,189.21,191.69,2022-04-19,191.69,1650337200,0.99,1,0.99,0,0
"DOLAR MEP",191.69,195.24,191.4,195.24,2022-04-20,195.24,1650423600,0.98,1,0.98,0,0
"DOLAR MEP",195.24,204.25,195.24,203.97,2022-04-21,203.97,1650510000,0.96,1,0.96,0,0
"DOLAR MEP",203.97,209.36,202.79,208.27,2022-04-22,208.27,1650596400,0.97,1,0.97,0,0
"DOLAR MEP",208.27,210.17,206.32,207.96,2022-04-25,207.96,1650855600,0.99,1,0.98,0,0
"DOLAR MEP",207.96,212.38,207.6,212.07,2022-04-26,212.07,1650942000,0.97,0.99,0.97,0,0
"DOLAR MEP",212.07,214.67,206.48,208.33,2022-04-27,208.33,1651028400,1.01,1.02,0.98,0,0
"DOLAR MEP",208.33,209.66,203.27,203.99,2022-04-28,203.99,1651114800,1.01,1.02,0.99,0,0
"DOLAR MEP",203.99,207.33,201.31,205.99,2022-04-29,205.99,1651201200,0.98,1,0.97,0,0
"DOLAR MEP",205.99,210.34,205.98,209.38,2022-05-02,209.38,1651460400,0.98,1,0.98,0,0
"DOLAR MEP",209.38,209.38,205.38,207.49,2022-05-03,207.49,1651546800,1.01,1.01,0.99,0,0
"DOLAR MEP",207.49,208.96,203.57,203.57,2022-05-04,203.57,1651633200,1.01,1.02,0.99,0,0
"DOLAR MEP",203.57,207.95,203.57,205.39,2022-05-05,205.39,1651719600,0.99,1.01,0.99,0,0
"DOLAR MEP",205.39,209.67,205.39,208.49,2022-05-06,208.49,1651806000,0.98,1,0.98,0,0
"DOLAR MEP",208.49,209.31,205.66,206.52,2022-05-09,206.52,1652065200,1,1.01,0.99,0,0
"DOLAR MEP",206.52,207.82,205.21,207.79,2022-05-10,207.79,1652151600,0.99,0.99,0.98,0,0
"DOLAR MEP",207.79,208.44,205.46,207.08,2022-05-11,207.08,1652238000,1,1,0.99,0,0
"DOLAR MEP",207.08,208.6,205.57,207.1,2022-05-12,207.1,1652324400,0.99,0.99,0.98,0,0
"DOLAR MEP",207.1,211.56,206.26,210.92,2022-05-13,210.92,1652410800,0.97,0.99,0.97,0,0
"DOLAR MEP",210.92,212.58,209.02,210.79,2022-05-16,210.79,1652670000,0.99,1,0.98,0,0
"DOLAR MEP",210.79,211.94,207.53,209.31,2022-05-17,209.31,1652756400,1,1.01,0.98,0,0
"DOLAR MEP",209.31,211.91,207.07,207.88,2022-05-19,207.88,1652929200,1,1.01,0.99,0,0
"DOLAR MEP",207.88,210,207.5,209.56,2022-05-20,209.56,1653015600,0.98,0.99,0.98,0,0
"DOLAR MEP",209.56,210.67,207.41,210.61,2022-05-23,210.61,1653274800,0.99,1,0.98,0,0
"DOLAR MEP",210.61,212.54,209.85,211.75,2022-05-24,211.75,1653361200,0.99,1,0.99,0,0
"DOLAR MEP",211.75,213.24,210.4,211.41,2022-05-26,211.41,1653534000,0.99,0.99,0.98,0,0
"DOLAR MEP",211.41,212.76,209.73,210.35,2022-05-27,210.35,1653620400,1,1,0.99,0,0
"DOLAR MEP",210.35,211.71,207.46,210.95,2022-05-30,210.95,1653879600,0.99,0.99,0.97,0,0
"DOLAR MEP",210.95,211.03,206.99,207.35,2022-05-31,207.35,1653966000,1,1,0.98,0,0
"DOLAR MEP",207.35,209.93,207.17,208.56,2022-06-01,208.56,1654052400,0.98,1,0.98,0,0
"DOLAR MEP",208.56,208.67,206.48,206.87,2022-06-02,206.87,1654138800,1,1,0.99,0,0
"DOLAR MEP",206.87,209.5,206.57,207.75,2022-06-03,207.75,1654225200,0.99,1,0.99,0,0
"DOLAR MEP",207.75,209.88,207.1,208.84,2022-06-06,208.84,1654484400,0.99,1,0.98,0,0
"DOLAR MEP",208.84,211.46,207.47,208.68,2022-06-07,208.68,1654570800,1,1.01,0.99,0,0
"DOLAR MEP",208.68,210.99,206.88,209.15,2022-06-08,209.15,1654657200,0.99,1,0.98,0,0
"DOLAR MEP",209.15,218.03,207.9,217.32,2022-06-09,217.32,1654743600,0.95,0.99,0.94,0,0
"DOLAR MEP",217.32,223.32,216.93,223.2,2022-06-10,223.2,1654830000,0.95,0.98,0.95,0,0
"DOLAR MEP",223.2,231.73,223.2,227.37,2022-06-13,227.37,1655089200,0.93,0.96,0.93,0,0
"DOLAR MEP",227.37,233.3,227.37,231.96,2022-06-14,231.96,1655175600,0.94,0.97,0.94,0,0
"DOLAR MEP",231.96,233.71,229.38,229.83,2022-06-15,229.83,1655262000,0.97,0.98,0.96,0,0
"DOLAR MEP",229.83,235.27,229.83,235.09,2022-06-16,235.09,1655348400,0.95,0.98,0.95,0,0
"DOLAR MEP",235.09,235.09,228.61,233.42,2022-06-21,233.42,1655780400,0.97,0.97,0.95,0,0
"DOLAR MEP",233.42,233.61,227.94,227.94,2022-06-22,227.94,1655866800,0.98,0.98,0.96,0,0
"DOLAR MEP",227.94,233.16,227.94,232.23,2022-06-23,232.23,1655953200,0.96,0.98,0.96,0,0
"DOLAR MEP",232.23,233.83,228.13,230.87,2022-06-24,230.87,1656039600,0.98,0.99,0.96,0,0
"DOLAR MEP",230.87,244.1,229.27,241.71,2022-06-27,241.71,1656298800,0.94,1,0.94,0,0
"DOLAR MEP",241.71,248.78,239.75,243.07,2022-06-28,243.07,1656385200,0.97,1,0.96,0,0
"DOLAR MEP",243.07,247.79,242.4,245.67,2022-06-29,245.67,1656471600,0.97,0.99,0.97,0,0
"DOLAR MEP",245.67,251.69,241.49,249.59,2022-06-30,249.59,1656558000,0.97,0.99,0.95,0,0
"DOLAR MEP",249.59,251.19,247.05,247.9,2022-07-01,247.9,1656644400,0.99,1,0.98,0,0
"DOLAR MEP",247.9,277.19,247.9,272.39,2022-07-04,272.39,1656903600,0.88,0.99,0.88,0,0
"DOLAR MEP",272.39,283.72,253.91,265.28,2022-07-05,265.28,1656990000,0.98,1.02,0.92,0,0
"DOLAR MEP",265.28,270.66,260.14,270.17,2022-07-06,270.17,1657076400,0.95,0.97,0.93,0,0
"DOLAR MEP",270.17,285.38,266.88,284.32,2022-07-07,284.32,1657162800,0.91,0.96,0.9,0,0
"DOLAR MEP",284.32,289.52,278.15,289.29,2022-07-08,289.29,1657249200,0.94,0.96,0.92,0,0
"DOLAR MEP",289.29,289.29,279.96,285.69,2022-07-11,285.69,1657508400,0.97,0.97,0.94,0,0
"DOLAR MEP",285.69,287.65,278.44,279.4,2022-07-12,279.4,1657594800,0.98,0.99,0.95,0,0
"DOLAR MEP",279.4,280.79,276.37,280.06,2022-07-13,280.06,1657681200,0.96,0.96,0.95,0,0
"DOLAR MEP",280.06,287,280.06,284.28,2022-07-14,284.28,1657767600,0.94,0.97,0.94,0,0
"DOLAR MEP",284.28,292.89,284.28,292.5,2022-07-15,292.5,1657854000,0.95,0.97,0.95,0,0
"DOLAR MEP",292.5,295.55,287.41,295.24,2022-07-18,295.24,1658113200,0.96,0.97,0.94,0,0
"DOLAR MEP",295.24,299.51,292.02,297.84,2022-07-19,297.84,1658199600,0.96,0.97,0.95,0,0
"DOLAR MEP",297.84,305.61,297.84,303.44,2022-07-20,303.44,1658286000,0.96,0.98,0.96,0,0
"DOLAR MEP",303.44,329.33,298.03,326.09,2022-07-21,326.09,1658372400,0.91,0.99,0.89,0,0
"DOLAR MEP",326.09,326.09,311.25,315.5,2022-07-22,315.5,1658458800,1,1,0.96,0,0
"DOLAR MEP",315.5,321.99,309.62,319.72,2022-07-25,319.72,1658718000,0.96,0.98,0.94,0,0
"DOLAR MEP",319.72,326.88,316.78,324.88,2022-07-26,324.88,1658804400,0.96,0.98,0.95,0,0
"DOLAR MEP",324.88,328.3,320.41,323.77,2022-07-27,323.77,1658890800,0.98,0.99,0.96,0,0
"DOLAR MEP",323.77,328.89,296.72,298.16,2022-07-28,298.16,1658977200,1.03,1.05,0.94,0,0
"DOLAR MEP",298.16,305.19,269.41,276.71,2022-07-29,276.71,1659063600,1.03,1.06,0.93,0,0
"DOLAR MEP",276.71,282.2,264.8,272.48,2022-08-01,272.48,1659322800,0.98,1,0.94,0,0
"DOLAR MEP",272.48,283.66,272.48,276.66,2022-08-02,276.66,1659409200,0.95,0.98,0.95,0,0
"DOLAR MEP",276.66,285.92,276.64,281.02,2022-08-03,281.02,1659495600,0.96,0.99,0.96,0,0
"DOLAR MEP",281.02,286.25,277.15,284.47,2022-08-04,284.47,1659582000,0.96,0.98,0.94,0,0
"DOLAR MEP",284.47,288.66,278.32,278.78,2022-08-05,278.78,1659668400,1,1.01,0.97,0,0
"DOLAR MEP",278.78,283.08,272.28,278.94,2022-08-08,278.94,1659927600,0.98,0.99,0.96,0,0
"DOLAR MEP",278.94,285.63,277.99,279.2,2022-08-09,279.2,1660014000,0.97,0.99,0.97,0,0
"DOLAR MEP",279.2,286.5,278.76,284.59,2022-08-10,284.59,1660100400,0.97,1,0.97,0,0
"DOLAR MEP",284.59,285.26,277.66,279.36,2022-08-11,279.36,1660186800,1,1,0.97,0,0
"DOLAR MEP",279.36,283.84,278.04,279.12,2022-08-12,279.12,1660273200,0.98,0.99,0.97,0,0
"DOLAR MEP",279.12,279.63,272.42,275.78,2022-08-16,275.78,1660618800,0.99,0.99,0.97,0,0
"DOLAR MEP",275.78,282.06,274.18,281.37,2022-08-17,281.37,1660705200,0.96,0.98,0.96,0,0
"DOLAR MEP",281.37,288.13,281.37,288.13,2022-08-18,288.13,1660791600,0.96,0.98,0.96,0,0
"DOLAR MEP",288.13,295.13,288.13,292.03,2022-08-19,292.03,1660878000,0.96,0.98,0.96,0,0
"DOLAR MEP",292.03,296.5,286.17,287.88,2022-08-22,287.88,1661137200,0.98,0.99,0.96,0,0
"DOLAR MEP",287.88,292.98,287.66,288.15,2022-08-23,288.15,1661223600,0.96,0.98,0.96,0,0
"DOLAR MEP",288.15,291.32,284.72,286.6,2022-08-24,286.6,1661310000,0.96,0.97,0.95,0,0
"DOLAR MEP",286.6,290.84,285.66,286.6,2022-08-25,286.6,1661396400,0.97,0.98,0.97,0,0
"DOLAR MEP",286.6,290.8,282.57,282.57,2022-08-26,282.57,1661482800,0.99,1.01,0.98,0,0
"DOLAR MEP",282.57,286.45,279.97,281.78,2022-08-29,281.78,1661742000,0.98,0.99,0.97,0,0
"DOLAR MEP",281.78,286.32,280.92,283.83,2022-08-30,283.83,1661828400,0.95,0.97,0.95,0,0
"DOLAR MEP",283.83,288.73,282.16,283.08,2022-08-31,283.08,1661914800,0.96,0.98,0.95,0,0
"DOLAR MEP",283.08,285.6,278.29,278.73,2022-09-01,278.73,1662001200,0.98,0.99,0.96,0,0
"DOLAR MEP",278.73,278.73,278.73,278.73,2022-09-02,278.73,1662087600,0.95,0.95,0.95,0,0
"DOLAR MEP",278.73,279.35,269.87,271.19,2022-09-05,271.19,1662346800,0.98,0.98,0.95,0,0
"DOLAR MEP",271.19,276.79,270.34,270.34,2022-09-06,270.34,1662433200,0.95,0.97,0.95,0,0
"DOLAR MEP",270.34,273.88,270.02,271.03,2022-09-07,271.03,1662519600,0.96,0.97,0.96,0,0
"DOLAR MEP",271.03,274.16,271.02,273.02,2022-09-08,273.02,1662606000,0.96,0.97,0.96,0,0
"DOLAR MEP",273.02,276.54,269.56,269.56,2022-09-09,269.56,1662692400,0.97,0.98,0.96,0,0
"DOLAR MEP",269.56,272.09,269.31,269.39,2022-09-12,269.39,1662951600,0.96,0.97,0.96,0,0
"DOLAR MEP",269.39,274.25,269.39,269.9,2022-09-13,269.9,1663038000,0.96,0.98,0.96,0,0
"DOLAR MEP",269.9,275.49,269.9,275.45,2022-09-14,275.45,1663124400,0.95,0.97,0.95,0,0
"DOLAR MEP",275.45,289.66,275.45,289.66,2022-09-15,289.66,1663210800,0.93,0.98,0.93,0,0
"DOLAR MEP",289.66,295.68,289.66,294.19,2022-09-16,294.19,1663297200,0.96,0.98,0.96,0,0
"DOLAR MEP",294.19,297.11,290.4,297.11,2022-09-19,297.11,1663556400,0.97,0.98,0.96,0,0
"DOLAR MEP",297.11,299.58,289.69,295.1,2022-09-20,295.1,1663642800,0.98,0.99,0.96,0,0
"DOLAR MEP",295.1,299.53,293.92,297.91,2022-09-21,297.91,1663729200,0.96,0.97,0.96,0,0
"DOLAR MEP",297.91,304.33,297.91,302.19,2022-09-22,302.19,1663815600,0.95,0.97,0.95,0,0
"DOLAR MEP",302.19,310.02,300.38,301.82,2022-09-23,301.82,1663902000,0.97,1,0.96,0,0
"DOLAR MEP",301.82,304.93,295.08,298.25,2022-09-26,298.25,1664161200,0.97,0.98,0.95,0,0
"DOLAR MEP",298.25,300.13,291.9,296.78,2022-09-27,296.78,1664247600,0.97,0.97,0.95,0,0
"DOLAR MEP",296.78,301.43,292.01,297.99,2022-09-28,297.99,1664334000,0.97,0.98,0.95,0,0
"DOLAR MEP",297.99,304.39,292.37,295.83,2022-09-29,295.83,1664420400,0.97,0.99,0.96,0,0
"DOLAR MEP",295.83,302.48,293.33,302.48,2022-09-30,302.48,1664506800,0.95,0.97,0.94,0,0
"DOLAR MEP",302.48,302.88,290.77,297.97,2022-10-03,297.97,1664766000,0.98,0.98,0.94,0,0
"DOLAR MEP",297.97,300.21,295.84,299.77,2022-10-04,299.77,1664852400,0.96,0.97,0.96,0,0
"DOLAR MEP",299.77,301.02,295.2,297.5,2022-10-05,297.5,1664938800,0.96,0.97,0.95,0,0
"DOLAR MEP",297.5,299.3,290.16,293.25,2022-10-06,293.25,1665025200,0.97,0.97,0.94,0,0
"DOLAR MEP",293.25,297.82,285.88,288.15,2022-10-11,288.15,1665457200,0.96,0.97,0.94,0,0
"DOLAR MEP",288.15,297.89,288.15,294.91,2022-10-12,294.91,1665543600,0.94,0.97,0.94,0,0
"DOLAR MEP",294.91,300.26,294.65,299.42,2022-10-13,299.42,1665630000,0.94,0.96,0.94,0,0
"DOLAR MEP",299.42,303.1,295.27,299.04,2022-10-14,299.04,1665716400,0.96,0.97,0.94,0,0
"DOLAR MEP",299.04,305.09,293.36,296.22,2022-10-17,296.22,1665975600,0.97,0.99,0.95,0,0
"DOLAR MEP",296.22,297.81,291.6,293.33,2022-10-18,293.33,1666062000,0.97,0.98,0.96,0,0
"DOLAR MEP",293.33,293.81,289.3,292.41,2022-10-19,292.41,1666148400,0.97,0.97,0.95,0,0
"DOLAR MEP",292.41,294.98,289.68,290.87,2022-10-20,290.87,1666234800,0.96,0.97,0.95,0,0
"DOLAR MEP",290.87,299.23,286.38,290.63,2022-10-21,290.63,1666321200,0.96,0.99,0.94,0,0
"DOLAR MEP",290.63,297.99,285.26,292.26,2022-10-24,292.26,1666580400,0.96,0.98,0.94,0,0
"DOLAR MEP",292.26,300.13,289.86,293.63,2022-10-25,293.63,1666666800,0.96,0.98,0.95,0,0
"DOLAR MEP",293.63,295.98,289.82,292.28,2022-10-26,292.28,1666753200,0.96,0.97,0.95,0,0
"DOLAR MEP",292.28,298.39,289.31,294.65,2022-10-27,294.65,1666839600,0.95,0.97,0.94,0,0
"DOLAR MEP",294.65,301.94,290.77,295.07,2022-10-28,295.07,1666926000,0.96,0.99,0.95,0,0
"DOLAR MEP",295.07,303.99,291.3,293.56,2022-10-31,293.56,1667185200,0.96,0.99,0.95,0,0
"DOLAR MEP",293.56,297.35,289.63,292.84,2022-11-01,292.84,1667271600,0.97,0.98,0.95,0,0
"DOLAR MEP",292.84,294.67,288.61,291.17,2022-11-02,291.17,1667358000,0.97,0.97,0.95,0,0
"DOLAR MEP",291.17,296.12,289.98,292.92,2022-11-03,292.92,1667444400,0.95,0.97,0.95,0,0
"DOLAR MEP",292.92,295.35,289.55,290.97,2022-11-04,290.97,1667530800,0.96,0.97,0.95,0,0
"DOLAR MEP",290.97,293.7,289.32,289.32,2022-11-07,289.32,1667790000,0.96,0.97,0.95,0,0
"DOLAR MEP",289.32,294.23,287.92,291.47,2022-11-08,291.47,1667876400,0.95,0.96,0.94,0,0
"DOLAR MEP",291.47,296.68,291,293.81,2022-11-09,293.81,1667962800,0.95,0.97,0.95,0,0
"DOLAR MEP",293.81,300.13,292.04,296.78,2022-11-10,296.78,1668049200,0.95,0.97,0.94,0,0
"DOLAR MEP",296.78,302.27,296.72,296.95,2022-11-11,296.95,1668135600,0.96,0.97,0.96,0,0
"DOLAR MEP",296.95,301,296.65,299.79,2022-11-14,299.79,1668394800,0.96,0.97,0.95,0,0
"DOLAR MEP",299.79,308,293.07,302.06,2022-11-15,302.06,1668481200,0.94,0.97,0.92,0,0
"DOLAR MEP",302.06,313.01,302.06,308.98,2022-11-16,308.98,1668567600,0.93,0.96,0.93,0,0
"DOLAR MEP",308.98,320.39,304.49,313.87,2022-11-17,313.87,1668654000,0.92,0.96,0.91,0,0
"DOLAR MEP",313.87,323.86,310.86,313.58,2022-11-18,313.58,1668740400,0.94,0.97,0.94,0,0
"DOLAR MEP",313.58,319.38,310.97,312.8,2022-11-22,312.8,1669086000,0.95,0.97,0.94,0,0
"DOLAR MEP",312.8,320.17,311.24,311.81,2022-11-23,311.81,1669172400,0.96,0.98,0.96,0,0
"DOLAR MEP",312.73,319.3,312.73,319.3,2022-11-24,319.3,1669258800,0.97,0.99,0.97,0,0
"DOLAR MEP",319.3,321.05,312.91,316.07,2022-11-25,316.07,1669345200,0.99,0.99,0.97,0,0
"DOLAR MEP",316.07,318.19,310.75,314.02,2022-11-28,314.02,1669604400,0.98,0.99,0.96,0,0
"DOLAR MEP",314.02,318.99,309.08,313.45,2022-11-29,313.45,1669690800,0.97,0.99,0.96,0,0
"DOLAR MEP",313.45,319.27,310.37,312.51,2022-11-30,312.51,1669777200,0.97,0.99,0.96,0,0
"DOLAR MEP",312.51,319.35,312.51,318.57,2022-12-01,318.57,1669863600,0.97,0.99,0.97,0,0
"DOLAR MEP",318.57,322.7,315.01,318.67,2022-12-02,318.67,1669950000,0.97,0.99,0.96,0,0
"DOLAR MEP",318.67,323.55,316.03,319.11,2022-12-05,319.11,1670209200,0.96,0.98,0.96,0,0
"DOLAR MEP",319.11,330.04,319.11,328.88,2022-12-06,328.88,1670295600,0.94,0.97,0.94,0,0
"DOLAR MEP",328.88,334.21,327.02,328.98,2022-12-07,328.98,1670382000,0.97,0.99,0.97,0,0
"DOLAR MEP",328.98,340.67,320.2,322.35,2022-12-12,322.35,1670814000,0.99,1.02,0.96,0,0
"DOLAR MEP",322.35,325.64,320.09,323.36,2022-12-13,323.36,1670900400,0.97,0.98,0.96,0,0
"DOLAR MEP",323.36,325.18,320.86,322.7,2022-12-14,322.7,1670986800,0.98,0.99,0.97,0,0
"DOLAR MEP",322.7,326.97,319.08,320.1,2022-12-15,320.1,1671073200,0.97,0.98,0.96,0,0
"DOLAR MEP",320.1,325.3,319.63,320.1,2022-12-16,320.1,1671159600,0.96,0.98,0.96,0,0
"DOLAR MEP",320.1,326.35,320.03,320.89,2022-12-19,320.89,1671418800,0.96,0.98,0.96,0,0
"DOLAR MEP",320.89,329.73,320.74,325.01,2022-12-20,325.01,1671505200,0.97,0.99,0.97,0,0
"DOLAR MEP",325.01,327.65,322.18,322.87,2022-12-21,322.87,1671591600,0.98,0.98,0.97,0,0
"DOLAR MEP",322.87,329.95,322.87,324.25,2022-12-22,324.25,1671678000,0.97,0.99,0.97,0,0
"DOLAR MEP",324.25,333.37,324.25,325.71,2022-12-23,325.71,1671764400,0.97,1,0.97,0,0
"DOLAR MEP",325.71,333,324.79,327.62,2022-12-26,327.62,1672023600,0.97,0.99,0.97,0,0
"DOLAR MEP",327.62,336.73,327.62,335.39,2022-12-27,335.39,1672110000,0.97,1,0.97,0,0
"DOLAR MEP",335.39,345.61,331.63,331.63,2022-12-28,331.63,1672196400,0.97,1,0.96,0,0
"DOLAR MEP",331.63,341.89,331.63,334.36,2022-12-29,334.36,1672282800,0.97,1,0.97,0,0
"DOLAR MEP",334.36,334.77,321.48,327.94,2022-12-30,327.94,1672369200,0.97,0.97,0.93,0,0
"DOLAR MEP",327.94,335.96,327.94,329.21,2023-01-02,329.21,1672628400,0.95,0.97,0.95,0,0
"DOLAR MEP",329.21,335.09,328.34,330.7,2023-01-03,330.7,1672714800,0.96,0.97,0.95,0,0
"DOLAR MEP",330.7,335.88,328.26,334.93,2023-01-04,334.93,1672801200,0.97,0.99,0.97,0,0
"DOLAR MEP",334.93,346.89,326.84,332.67,2023-01-05,332.67,1672887600,0.98,1.01,0.96,0,0
"DOLAR MEP",332.67,336.19,329.54,329.91,2023-01-06,329.91,1672974000,0.98,0.99,0.97,0,0
"DOLAR MEP",329.91,334.62,326.14,327.17,2023-01-09,327.17,1673233200,0.99,1,0.98,0,0
"DOLAR MEP",327.17,329.62,324.1,325.87,2023-01-10,325.87,1673319600,0.99,0.99,0.98,0,0
"DOLAR MEP",325.87,330.13,321.54,327.7,2023-01-11,327.7,1673406000,0.97,0.98,0.95,0,0
"DOLAR MEP",327.7,342.38,327.7,342.38,2023-01-12,342.38,1673492400,0.95,1,0.95,0,0
"DOLAR MEP",342.38,347.25,339.57,340.23,2023-01-13,340.23,1673578800,0.98,0.99,0.97,0,0
"DOLAR MEP",340.23,352.42,340.23,344.03,2023-01-16,344.03,1673838000,0.95,0.99,0.95,0,0
"DOLAR MEP",344.03,354.66,341.89,341.89,2023-01-17,341.89,1673924400,0.95,0.98,0.94,0,0
"DOLAR MEP",341.89,343.55,335.96,340.3,2023-01-18,340.3,1674010800,0.97,0.98,0.95,0,0
"DOLAR MEP",340.3,342.8,332.38,332.83,2023-01-19,332.83,1674097200,0.96,0.96,0.94,0,0
"DOLAR MEP",332.83,352.52,332.83,352.52,2023-01-20,352.52,1674183600,0.92,0.98,0.92,0,0
"DOLAR MEP",352.52,359.25,350.36,352.21,2023-01-23,352.21,1674442800,0.97,0.99,0.96,0,0
"DOLAR MEP",352.21,357.5,352.21,353.85,2023-01-24,353.85,1674529200,0.98,0.99,0.98,0,0
"DOLAR MEP",353.85,357.54,351.71,351.98,2023-01-25,351.98,1674615600,0.97,0.98,0.96,0,0
"DOLAR MEP",351.98,356.85,351.98,352.22,2023-01-26,352.22,1674702000,0.95,0.97,0.95,0,0
"DOLAR MEP",352.22,358.44,352.22,352.78,2023-01-27,352.78,1674788400,0.95,0.97,0.95,0,0
"DOLAR MEP",352.78,360.32,352.78,353.93,2023-01-30,353.93,1675047600,0.95,0.98,0.95,0,0
"DOLAR MEP",353.93,358.59,353.93,354.81,2023-01-31,354.81,1675134000,0.96,0.98,0.96,0,0
"DOLAR MEP",354.81,359.34,353.56,353.7,2023-02-01,353.7,1675220400,0.97,0.98,0.96,0,0
"DOLAR MEP",353.7,357.3,353.29,354.75,2023-02-02,354.75,1675306800,0.96,0.97,0.96,0,0
"DOLAR MEP",354.75,362.52,350.68,357.36,2023-02-03,357.36,1675393200,0.98,1,0.97,0,0
"DOLAR MEP",357.36,358.56,353.54,353.94,2023-02-06,353.94,1675652400,0.98,0.98,0.97,0,0
"DOLAR MEP",353.94,370.82,345.66,353.2,2023-02-07,353.2,1675738800,0.97,1.01,0.94,0,0
"DOLAR MEP",353.2,357.97,352.37,354.95,2023-02-08,354.95,1675825200,0.96,0.98,0.96,0,0
"DOLAR MEP",354.95,358.34,354.36,354.36,2023-02-09,354.36,1675911600,0.96,0.96,0.95,0,0
"DOLAR MEP",354.36,360.04,353.86,354.15,2023-02-10,354.15,1675998000,0.95,0.97,0.95,0,0
"DOLAR MEP",354.15,358.23,353.39,355.27,2023-02-13,355.27,1676257200,0.95,0.97,0.95,0,0
"DOLAR MEP",355.27,358.91,354.29,355.28,2023-02-14,355.28,1676343600,0.96,0.97,0.96,0,0
"DOLAR MEP",355.28,357.71,354.15,356.23,2023-02-15,356.23,1676430000,0.96,0.97,0.96,0,0
"DOLAR MEP",356.23,360.79,355.7,357.61,2023-02-16,357.61,1676516400,0.96,0.98,0.96,0,0
"DOLAR MEP",357.61,360.61,355.35,355.59,2023-02-17,355.59,1676602800,0.97,0.98,0.96,0,0
"DOLAR MEP",355.59,360.03,354.19,356.45,2023-02-22,356.45,1677034800,0.97,0.98,0.96,0,0
"DOLAR MEP",356.45,359.17,356.21,357.26,2023-02-23,357.26,1677121200,0.97,0.98,0.97,0,0
"DOLAR MEP",357.26,359.74,354.35,356.78,2023-02-24,356.78,1677207600,0.97,0.98,0.97,0,0
"DOLAR MEP",356.78,359.49,354.08,356.07,2023-02-27,356.07,1677466800,0.98,0.99,0.97,0,0
"DOLAR MEP",356.07,359.21,355.14,357.47,2023-02-28,357.47,1677553200,0.97,0.98,0.97,0,0
"DOLAR MEP",357.47,360.69,354.18,359.78,2023-03-01,359.78,1677639600,0.97,0.98,0.96,0,0
"DOLAR MEP",359.78,367.16,359.78,364.81,2023-03-02,364.81,1677726000,0.97,0.99,0.97,0,0
"DOLAR MEP",364.81,367.4,362.1,366.5,2023-03-03,366.5,1677812400,0.98,0.99,0.97,0,0
"DOLAR MEP",366.5,369.57,361.76,362.42,2023-03-06,362.42,1678071600,0.98,0.99,0.97,0,0
"DOLAR MEP",364.63,367.37,364.41,366.97,2023-03-07,366.97,1678158000,0.97,0.98,0.97,0,0
"DOLAR MEP",366.97,373.15,364.14,372.86,2023-03-08,372.86,1678244400,0.97,0.98,0.96,0,0
"DOLAR MEP",372.86,377.37,372.86,375.43,2023-03-09,375.43,1678330800,0.96,0.97,0.96,0,0
"DOLAR MEP",375.43,382.87,375.43,380.64,2023-03-10,380.64,1678417200,0.95,0.97,0.95,0,0
"DOLAR MEP",380.64,387.26,372.85,379.51,2023-03-13,379.51,1678676400,0.96,0.98,0.94,0,0
"DOLAR MEP",379.51,385.4,375.92,377.76,2023-03-14,377.76,1678762800,0.97,0.98,0.96,0,0
"DOLAR MEP",377.76,391.07,377.76,383.31,2023-03-15,383.31,1678849200,0.95,0.98,0.95,0,0
"DOLAR MEP",383.31,391.71,380.2,388.76,2023-03-16,388.76,1678935600,0.96,0.98,0.95,0,0
"DOLAR MEP",388.76,394.37,380.36,388.84,2023-03-17,388.84,1679022000,0.96,0.98,0.94,0,0
"DOLAR MEP",388.84,393.09,385.92,387.63,2023-03-20,387.63,1679281200,0.97,0.98,0.96,0,0
"DOLAR MEP",387.63,389.74,383.62,385.98,2023-03-21,385.98,1679367600,0.97,0.98,0.96,0,0
"DOLAR MEP",385.98,391.27,376.9,387.1,2023-03-22,387.1,1679454000,0.97,0.99,0.95,0,0
"DOLAR MEP",387.1,390.18,374.64,375.72,2023-03-23,375.72,1679540400,0.99,1,0.96,0,0
"DOLAR MEP",379.02,380.65,375.28,376.4,2023-03-27,376.4,1679886000,0.97,0.97,0.96,0,0
"DOLAR MEP",376.4,383.56,375.63,383.55,2023-03-28,383.55,1679972400,0.96,0.98,0.96,0,0
"DOLAR MEP",383.55,386.81,380.99,386.81,2023-03-29,386.81,1680058800,0.97,0.98,0.96,0,0
"DOLAR MEP",386.81,393.11,386.49,391.82,2023-03-30,391.82,1680145200,0.96,0.98,0.96,0,0
"DOLAR MEP",391.82,400,391.82,397.37,2023-03-31,397.37,1680231600,0.96,0.98,0.96,0,0
"DOLAR MEP",397.37,402.33,394.72,396.94,2023-04-03,396.94,1680490800,0.98,0.99,0.97,0,0
"DOLAR MEP",396.94,403.79,396.94,402.41,2023-04-04,402.41,1680577200,0.97,0.99,0.97,0,0
"DOLAR MEP",400.71,406.21,396.17,396.6,2023-04-05,396.6,1680663600,0.98,1,0.97,0,0
"DOLAR MEP",390.85,392.05,389.79,390.71,2023-04-10,390.71,1681095600,0.97,0.97,0.97,0,0
"DOLAR MEP",390.71,395.06,386.2,387,2023-04-11,387,1681182000,0.98,0.99,0.97,0,0
"DOLAR MEP",387,392.89,385.86,386.34,2023-04-12,386.34,1681268400,0.97,0.99,0.97,0,0
"DOLAR MEP",386.34,393.56,386.34,388.14,2023-04-13,388.14,1681354800,0.96,0.98,0.96,0,0
"DOLAR MEP",388.14,398.62,387.24,398.62,2023-04-14,398.62,1681441200,0.96,0.98,0.96,0,0
"DOLAR MEP",398.62,400.04,393.67,395.45,2023-04-17,395.45,1681700400,0.97,0.98,0.96,0,0
"DOLAR MEP",395.45,412.69,395.06,408.86,2023-04-18,408.86,1681786800,0.93,0.97,0.93,0,0
"DOLAR MEP",408.86,428.69,408.86,409.77,2023-04-19,409.77,1681873200,0.95,1,0.95,0,0
"DOLAR MEP",409.77,423.01,407.86,421.9,2023-04-20,421.9,1681959600,0.94,0.97,0.94,0,0
"DOLAR MEP",421.9,445.18,419.23,437.75,2023-04-21,437.75,1682046000,0.93,0.98,0.92,0,0
"DOLAR MEP",437.75,450.53,429.31,449.02,2023-04-24,449.02,1682305200,0.95,0.97,0.93,0,0
"DOLAR MEP",449.02,471.69,446.99,447.5,2023-04-25,447.5,1682391600,0.96,1.01,0.96,0,0
"DOLAR MEP",447.5,458.29,442.51,446.43,2023-04-26,446.43,1682478000,0.95,0.98,0.94,0,0
"DOLAR MEP",446.43,454.9,438.96,442.23,2023-04-27,442.23,1682564400,0.98,0.99,0.96,0,0
"DOLAR MEP",442.23,451.59,431.98,436.05,2023-04-28,436.05,1682650800,0.98,1,0.95,0,0
"DOLAR MEP",436.05,445.91,413.12,428.84,2023-05-02,428.84,1682996400,0.95,0.97,0.9,0,0
"DOLAR MEP",428.84,439.29,427.12,429.46,2023-05-03,429.46,1683082800,0.96,0.98,0.95,0,0
"DOLAR MEP",429.46,445.12,429.38,430.19,2023-05-04,430.19,1683169200,0.96,0.99,0.96,0,0
"DOLAR MEP",430.19,438.81,430.19,432.35,2023-05-05,432.35,1683255600,0.94,0.96,0.94,0,0
"DOLAR MEP",432.35,448.42,430.28,430.43,2023-05-08,430.43,1683514800,0.94,0.98,0.94,0,0
"DOLAR MEP",430.43,440,430.3,430.51,2023-05-09,430.51,1683601200,0.95,0.97,0.95,0,0
"DOLAR MEP",430.51,438.93,430.51,432.43,2023-05-10,432.43,1683687600,0.95,0.97,0.95,0,0
"DOLAR MEP",432.43,438.03,432.43,435.43,2023-05-11,435.43,1683774000,0.95,0.96,0.95,0,0
"DOLAR MEP",435.43,442.74,433.82,434.31,2023-05-12,434.31,1683860400,0.93,0.94,0.92,0,0
"DOLAR MEP",434.31,443.64,434.08,437.66,2023-05-15,437.66,1684119600,0.92,0.94,0.92,0,0
"DOLAR MEP",437.66,446.22,437.66,441.93,2023-05-16,441.93,1684206000,0.91,0.93,0.91,0,0
"DOLAR MEP",441.93,454.99,441.93,444.08,2023-05-17,444.08,1684292400,0.91,0.94,0.91,0,0
"DOLAR MEP",444.08,480.74,444.08,473.5,2023-05-18,473.5,1684378800,0.9,0.97,0.9,0,0
"DOLAR MEP",473.5,484.15,464.57,465.42,2023-05-19,465.42,1684465200,0.96,0.98,0.94,0,0
"DOLAR MEP",465.42,473.03,462.77,464.27,2023-05-22,464.27,1684724400,0.94,0.96,0.94,0,0
"DOLAR MEP",464.27,478.02,464.27,466.09,2023-05-23,466.09,1684810800,0.94,0.97,0.94,0,0
"DOLAR MEP",466.09,478.58,453.94,459.55,2023-05-24,459.55,1684897200,0.95,0.97,0.92,0,0
"DOLAR MEP",459.55,481.65,459.51,459.51,2023-05-29,459.51,1685329200,0.92,0.97,0.92,0,0
"DOLAR MEP",459.51,468.16,459.51,462.32,2023-05-30,462.32,1685415600,0.94,0.96,0.94,0,0
"DOLAR MEP",462.32,474.58,459.26,466.98,2023-05-31,466.98,1685502000,0.94,0.96,0.93,0,0
"DOLAR MEP",466.98,479.6,466.98,467.03,2023-06-01,467.03,1685588400,0.94,0.97,0.94,0,0
"DOLAR MEP",467.03,477.75,467.03,469.09,2023-06-02,469.09,1685674800,0.94,0.96,0.94,0,0
"DOLAR MEP",469.09,478.78,469.09,472.29,2023-06-05,472.29,1685934000,0.95,0.97,0.95,0,0
"DOLAR MEP",472.29,484.94,471.8,471.8,2023-06-06,471.8,1686020400,0.95,0.98,0.95,0,0
"DOLAR MEP",471.8,483.75,471.31,472.76,2023-06-07,472.76,1686106800,0.96,0.98,0.95,0,0
"DOLAR MEP",472.76,484.45,472.76,473.92,2023-06-08,473.92,1686193200,0.95,0.97,0.95,0,0
"DOLAR MEP",473.92,480.42,473.5,473.5,2023-06-09,473.5,1686279600,0.95,0.96,0.95,0,0
"DOLAR MEP",473.5,479.81,473.47,474.49,2023-06-12,474.49,1686538800,0.94,0.96,0.94,0,0
"DOLAR MEP",474.49,483.47,471.88,473.19,2023-06-13,473.19,1686625200,0.95,0.97,0.94,0,0
"DOLAR MEP",473.19,480.27,471.42,474.65,2023-06-14,474.65,1686711600,0.94,0.96,0.94,0,0
"DOLAR MEP",474.65,487.33,474.15,474.59,2023-06-15,474.59,1686798000,0.94,0.96,0.94,0,0
"DOLAR MEP",474.59,488.21,474.59,476.56,2023-06-16,476.56,1686884400,0.94,0.96,0.94,0,0
"DOLAR MEP",476.56,482.2,475.07,478.53,2023-06-21,478.53,1687316400,0.94,0.95,0.94,0,0
"DOLAR MEP",482.48,487.93,480.2,480.58,2023-06-22,480.58,1687402800,0.94,0.95,0.94,0,0
"DOLAR MEP",480.58,488.06,480.06,481,2023-06-23,481,1687489200,0.92,0.94,0.92,0,0
"DOLAR MEP",481,487.28,477.56,478.81,2023-06-26,478.81,1687748400,0.94,0.95,0.94,0,0
"DOLAR MEP",478.81,483.6,476.11,479.77,2023-06-27,479.77,1687834800,0.94,0.95,0.93,0,0
"DOLAR MEP",479.77,486.26,478.83,481.79,2023-06-28,481.79,1687921200,0.95,0.97,0.95,0,0
"DOLAR MEP",481.79,490.23,479.38,482.65,2023-06-29,482.65,1688007600,0.95,0.97,0.95,0,0
"DOLAR MEP",482.65,486.72,481.96,482.52,2023-06-30,482.52,1688094000,0.94,0.95,0.94,0,0
"DOLAR MEP",482.52,489.26,480.97,483.48,2023-07-03,483.48,1688353200,0.95,0.96,0.95,0,0
"DOLAR MEP",483.48,489.1,481.57,483.41,2023-07-04,483.41,1688439600,0.94,0.95,0.94,0,0
"DOLAR MEP",483.41,488.56,481.28,483.4,2023-07-05,483.4,1688526000,0.95,0.96,0.94,0,0
"DOLAR MEP",483.4,491.91,473.29,482.16,2023-07-06,482.16,1688612400,0.94,0.95,0.92,0,0
"DOLAR MEP",482.16,492.09,481.2,484.47,2023-07-07,484.47,1688698800,0.93,0.95,0.93,0,0
"DOLAR MEP",484.47,492.99,483.38,484.21,2023-07-10,484.21,1688958000,0.94,0.96,0.94,0,0
"DOLAR MEP",484.21,491.54,484.06,484.06,2023-07-11,484.06,1689044400,0.94,0.96,0.94,0,0
"DOLAR MEP",484.06,491.32,484.06,484.85,2023-07-12,484.85,1689130800,0.94,0.95,0.94,0,0
"DOLAR MEP",484.85,495.77,484.85,487.74,2023-07-13,487.74,1689217200,0.92,0.94,0.92,0,0
"DOLAR MEP",487.74,497.49,485.04,485.31,2023-07-14,485.31,1689303600,0.9,0.92,0.9,0,0
"DOLAR MEP",485.31,500.28,485.31,487.68,2023-07-17,487.68,1689562800,0.91,0.94,0.91,0,0
"DOLAR MEP",487.68,497.22,487.52,487.52,2023-07-18,487.52,1689649200,0.92,0.94,0.92,0,0
"DOLAR MEP",487.52,499.06,487.52,490.24,2023-07-19,490.24,1689735600,0.92,0.94,0.92,0,0
"DOLAR MEP",490.24,500.74,490.24,493.71,2023-07-20,493.71,1689822000,0.92,0.94,0.92,0,0
"DOLAR MEP",493.71,506.31,491.64,494.69,2023-07-21,494.69,1689908400,0.92,0.95,0.92,0,0
"DOLAR MEP",494.69,501.82,494.69,495.75,2023-07-24,495.75,1690167600,0.92,0.94,0.92,0,0
"DOLAR MEP",495.75,510.18,495.67,495.67,2023-07-25,495.67,1690254000,0.92,0.94,0.92,0,0
"DOLAR MEP",495.67,511.33,495.67,502.97,2023-07-26,502.97,1690340400,0.91,0.94,0.91,0,0
"DOLAR MEP",502.97,518.87,502.97,505.75,2023-07-27,505.75,1690426800,0.92,0.95,0.92,0,0
"DOLAR MEP",505.75,528.8,505.75,509.94,2023-07-28,509.94,1690513200,0.92,0.97,0.92,0,0
"DOLAR MEP",509.94,520.69,509.94,509.99,2023-07-31,509.99,1690772400,0.93,0.94,0.93,0,0
"DOLAR MEP",509.99,522.26,505.99,509.45,2023-08-01,509.45,1690858800,0.91,0.93,0.9,0,0
"DOLAR MEP",509.45,522.29,509.45,512.54,2023-08-02,512.54,1690945200,0.9,0.92,0.9,0,0
"DOLAR MEP",512.54,532.61,512.54,513.99,2023-08-03,513.99,1691031600,0.89,0.92,0.89,0,0
"DOLAR MEP",513.99,530.83,513.99,514.71,2023-08-04,514.71,1691118000,0.88,0.91,0.88,0,0
"DOLAR MEP",514.71,530.03,514.71,516.7,2023-08-07,516.7,1691377200,0.86,0.89,0.86,0,0
"DOLAR MEP",516.7,546.96,516.7,521.92,2023-08-08,521.92,1691463600,0.87,0.92,0.87,0,0
"DOLAR MEP",521.92,561.64,521.92,527.92,2023-08-09,527.92,1691550000,0.88,0.95,0.88,0,0
"DOLAR MEP",527.92,559.38,527.92,529.82,2023-08-10,529.82,1691636400,0.88,0.93,0.88,0,0
"DOLAR MEP",529.82,548.92,529.82,539.89,2023-08-11,539.89,1691722800,0.88,0.91,0.88,0,0
"DOLAR MEP",539.89,643.43,539.89,621.14,2023-08-14,621.14,1691982000,0.82,0.98,0.82,0,0
"DOLAR MEP",621.14,697.31,621.14,667.17,2023-08-15,667.17,1692068400,0.88,0.99,0.88,0,0
"DOLAR MEP",667.17,699.01,651.23,651.42,2023-08-16,651.42,1692154800,0.92,0.97,0.9,0,0
"DOLAR MEP",651.42,689.63,651.42,659.49,2023-08-17,659.49,1692241200,0.88,0.93,0.88,0,0
"DOLAR MEP",659.49,684.51,656.18,657.48,2023-08-18,657.48,1692327600,0.88,0.92,0.88,0,0
"DOLAR MEP",657.48,681.58,657.48,658.88,2023-08-22,658.88,1692673200,0.88,0.91,0.88,0,0
"DOLAR MEP",658.88,690.54,658.88,661.32,2023-08-23,661.32,1692759600,0.88,0.92,0.88,0,0
"DOLAR MEP",661.32,684.02,661.32,665.4,2023-08-24,665.4,1692846000,0.87,0.9,0.87,0,0
"DOLAR MEP",665.4,682.68,664.76,664.97,2023-08-25,664.97,1692932400,0.86,0.89,0.86,0,0
"DOLAR MEP",664.97,692.57,664.97,667.95,2023-08-28,667.95,1693191600,0.84,0.88,0.84,0,0
"DOLAR MEP",667.95,690.27,667.95,671.02,2023-08-29,671.02,1693278000,0.83,0.86,0.83,0,0
"DOLAR MEP",671.02,706.74,670.18,670.99,2023-08-30,670.99,1693364400,0.84,0.88,0.84,0,0
"DOLAR MEP",670.99,700.45,669.89,670.83,2023-08-31,670.83,1693450800,0.86,0.9,0.86,0,0
"DOLAR MEP",670.83,690.99,668.75,670.37,2023-09-01,670.37,1693537200,0.87,0.9,0.87,0,0
"DOLAR MEP",670.37,695.95,670.37,672.62,2023-09-04,672.62,1693796400,0.87,0.9,0.87,0,0
"DOLAR MEP",672.62,692.95,669.66,672.34,2023-09-05,672.34,1693882800,0.88,0.91,0.88,0,0
"DOLAR MEP",672.34,694.44,672.34,673.47,2023-09-06,673.47,1693969200,0.88,0.91,0.88,0,0
"DOLAR MEP",673.47,699.81,673.47,674.84,2023-09-07,674.84,1694055600,0.91,0.95,0.91,0,0
"DOLAR MEP",674.84,688.7,669.62,673.36,2023-09-08,673.36,1694142000,0.91,0.93,0.9,0,0
"DOLAR MEP",673.36,690.26,672.58,675.54,2023-09-11,675.54,1694401200,0.91,0.94,0.91,0,0
"DOLAR MEP",675.54,692.14,675.54,676.46,2023-09-12,676.46,1694487600,0.91,0.94,0.91,0,0
"DOLAR MEP",676.46,692.83,676.32,676.32,2023-09-13,676.32,1694574000,0.91,0.93,0.91,0,0
"DOLAR MEP",676.32,699.24,676.32,677.79,2023-09-14,677.79,1694660400,0.91,0.94,0.91,0,0
"DOLAR MEP",677.79,688.69,677.79,678.68,2023-09-15,678.68,1694746800,0.92,0.93,0.92,0,0
"DOLAR MEP",678.68,688.59,671.48,679.36,2023-09-18,679.36,1695006000,0.92,0.94,0.91,0,0
"DOLAR MEP",679.36,691.59,678.71,680.08,2023-09-19,680.08,1695092400,0.92,0.94,0.92,0,0
"DOLAR MEP",680.08,697.41,679.95,679.95,2023-09-20,679.95,1695178800,0.92,0.94,0.92,0,0
"DOLAR MEP",679.95,696.49,671.06,680.85,2023-09-21,680.85,1695265200,0.91,0.93,0.9,0,0
"DOLAR MEP",680.85,698.8,680.85,682.08,2023-09-22,682.08,1695351600,0.9,0.93,0.9,0,0
"DOLAR MEP",682.08,697.08,679.18,683.01,2023-09-25,683.01,1695610800,0.9,0.92,0.89,0,0
"DOLAR MEP",683.01,704.48,683.01,685.58,2023-09-26,685.58,1695697200,0.88,0.91,0.88,0,0
"DOLAR MEP",685.58,702.14,685.58,689.85,2023-09-27,689.85,1695783600,0.87,0.89,0.87,0,0
"DOLAR MEP",689.85,714.26,689.85,694.89,2023-09-28,694.89,1695870000,0.84,0.87,0.84,0,0
"DOLAR MEP",694.89,721.34,694.89,701.01,2023-09-29,701.01,1695956400,0.84,0.88,0.84,0,0
"DOLAR MEP",701.01,716.85,699.36,709.83,2023-10-02,709.83,1696215600,0.84,0.86,0.84,0,0
"DOLAR MEP",709.83,745.41,709.83,720.62,2023-10-03,720.62,1696302000,0.85,0.89,0.85,0,0
"DOLAR MEP",739.94,752,738.69,747.68,2023-10-04,747.68,1696388400,0.82,0.83,0.82,0,0
"DOLAR MEP",747.68,844.54,747.68,784.83,2023-10-05,784.83,1696474800,0.84,0.94,0.84,0,0
"DOLAR MEP",784.83,840.1,745.6,812.75,2023-10-06,812.75,1696561200,0.88,0.94,0.84,0,0
"DOLAR MEP",812.75,871.21,786.47,840.01,2023-10-09,840.01,1696820400,0.92,0.99,0.89,0,0
"DOLAR MEP",840.01,882.47,828.95,844.81,2023-10-10,844.81,1696906800,0.88,0.93,0.87,0,0
"DOLAR MEP",844.81,915.7,829.32,854.74,2023-10-11,854.74,1696993200,0.89,0.97,0.88,0,0
"DOLAR MEP",854.74,911.11,854.74,870.46,2023-10-12,870.46,1697079600,0.88,0.94,0.88,0,0
"DOLAR MEP",870.46,928.45,870.46,884.82,2023-10-17,884.82,1697511600,0.9,0.96,0.9,0,0
"DOLAR MEP",884.82,925.29,882.4,884.74,2023-10-18,884.74,1697598000,0.93,0.97,0.93,0,0
"DOLAR MEP",884.74,939.47,884.74,888.6,2023-10-19,888.6,1697684400,0.92,0.98,0.92,0,0
"DOLAR MEP",888.6,940.16,888.6,898.91,2023-10-20,898.91,1697770800,0.8,0.85,0.8,0,0
"DOLAR MEP",898.91,966.67,875.17,899.33,2023-10-23,899.33,1698030000,0.96,1.03,0.94,0,0
"DOLAR MEP",899.33,944.73,820.97,843.82,2023-10-24,843.82,1698116400,1.01,1.06,0.92,0,0
"DOLAR MEP",843.82,887.04,808.72,872.31,2023-10-25,872.31,1698202800,0.95,1,0.91,0,0
"DOLAR MEP",872.31,896.63,848.75,855.48,2023-10-26,855.48,1698289200,1,1.03,0.97,0,0
"DOLAR MEP",855.48,889.76,795.22,818.69,2023-10-27,818.69,1698375600,1,1.04,0.93,0,0
"DOLAR MEP",818.69,884.1,784.26,859.75,2023-10-30,859.75,1698634800,0.96,1.04,0.92,0,0
"DOLAR MEP",859.75,881.03,805.96,852.85,2023-10-31,852.85,1698721200,0.99,1.02,0.93,0,0
"DOLAR MEP",852.85,874.38,806.6,840.28,2023-11-01,840.28,1698807600,0.97,0.99,0.91,0,0
"DOLAR MEP",840.28,886.08,818.16,863.64,2023-11-02,863.64,1698894000,0.95,1,0.93,0,0
"DOLAR MEP",863.64,884.77,826.82,844.01,2023-11-03,844.01,1698980400,0.99,1.02,0.95,0,0
"DOLAR MEP",844.01,874.54,828.38,848.8,2023-11-07,848.8,1699326000,0.98,1.02,0.97,0,0
"DOLAR MEP",848.8,869.12,835.48,840.97,2023-11-08,840.97,1699412400,1.03,1.06,1.01,0,0
"DOLAR MEP",840.97,869.19,840.97,863.3,2023-11-09,863.3,1699498800,0.96,1,0.96,0,0
"DOLAR MEP",863.3,916.97,863.3,881.71,2023-11-10,881.71,1699585200,0.98,1.05,0.98,0,0
"DOLAR MEP",881.71,911.15,870.63,870.63,2023-11-13,870.63,1699844400,1,1.04,0.99,0,0
"DOLAR MEP",870.63,903.06,867.84,868.42,2023-11-14,868.42,1699930800,0.99,1.03,0.99,0,0
"DOLAR MEP",868.42,897.37,859.26,882.35,2023-11-15,882.35,1700017200,0.99,1.03,0.98,0,0
"DOLAR MEP",882.35,890,857.14,857.14,2023-11-16,857.14,1700103600,1.01,1.02,0.99,0,0
"DOLAR MEP",857.14,898.36,838.78,872.61,2023-11-17,872.61,1700190000,0.98,1.03,0.96,0,0
"DOLAR MEP",872.61,970.43,869.7,930.44,2023-11-21,930.44,1700535600,0.99,1.1,0.99,0,0
"DOLAR MEP",930.44,999.97,930.44,984.19,2023-11-22,984.19,1700622000,0.98,1.06,0.98,0,0
"DOLAR MEP",984.19,1006.39,984.19,1006.39,2023-11-23,1006.39,1700708400,1.02,1.05,1.02,0,0
"DOLAR MEP",1006.39,1006.39,972.75,972.75,2023-11-24,972.75,1700794800,1.09,1.09,1.05,0,0
"DOLAR MEP",972.75,999.01,857.91,889.15,2023-11-27,889.15,1701054000,1.13,1.16,1,0,0
"DOLAR MEP",889.15,916.95,841.56,867.12,2023-11-28,867.12,1701140400,1.05,1.08,0.99,0,0
"DOLAR MEP",867.12,873.17,811.38,838.16,2023-11-29,838.16,1701226800,1.06,1.07,0.99,0,0
"DOLAR MEP",838.16,866.89,804.8,858.82,2023-11-30,858.82,1701313200,1,1.04,0.96,0,0
"DOLAR MEP",858.82,927.32,858.82,907.69,2023-12-01,907.69,1701399600,0.95,1.03,0.95,0,0
"DOLAR MEP",907.69,965.97,882.96,913.05,2023-12-04,913.05,1701658800,1.02,1.08,0.99,0,0
"DOLAR MEP",913.05,947.68,886.25,934.71,2023-12-05,934.71,1701745200,1,1.04,0.97,0,0
"DOLAR MEP",934.71,955.24,898.28,936.93,2023-12-06,936.93,1701831600,1,1.02,0.96,0,0
"DOLAR MEP",936.93,992.48,903.15,986.37,2023-12-07,986.37,1701918000,0.94,1,0.91,0,0
"DOLAR MEP",986.37,999.75,986.37,993.53,2023-12-11,993.53,1702263600,0.99,1,0.99,0,0
"DOLAR MEP",993.53,1011.46,993.53,1011.46,2023-12-12,1011.46,1702350000,0.96,0.98,0.96,0,0
"DOLAR MEP",1011.46,1037.29,1000,1037.29,2023-12-13,1037.29,1702436400,1,1.03,0.99,0,0
"DOLAR MEP",1037.29,1037.29,1000,1003.94,2023-12-14,1003.94,1702522800,1.02,1.02,0.99,0,0
"DOLAR MEP",1003.94,1003.94,993.73,993.73,2023-12-15,993.73,1702609200,1.01,1.01,1,0,0
"DOLAR MEP",993.73,999.73,963.22,963.22,2023-12-18,963.22,1702868400,1.05,1.06,1.02,0,0
"DOLAR MEP",963.22,992.63,935.78,964.69,2023-12-19,964.69,1702954800,1.02,1.05,0.99,0,0
"DOLAR MEP",964.69,988.42,940.32,946.47,2023-12-20,946.47,1703041200,1.02,1.04,0.99,0,0
"DOLAR MEP",946.47,987.61,940.38,971.88,2023-12-21,971.88,1703127600,1,1.05,1,0,0
"DOLAR MEP",971.88,983.5,940.73,954.23,2023-12-22,954.23,1703214000,1.03,1.04,1,0,0
"DOLAR MEP",954.23,978.26,928.28,939.7,2023-12-26,939.7,1703559600,1.06,1.08,1.03,0,0
"DOLAR MEP",939.7,950.62,921.23,932.59,2023-12-27,932.59,1703646000,1.08,1.09,1.06,0,0
"DOLAR MEP",932.59,971.47,923.28,950.24,2023-12-28,950.24,1703732400,0.99,1.03,0.98,0,0
"DOLAR MEP",950.24,997.46,950.24,995,2023-12-29,995,1703818800,0.98,1.02,0.98,0,0
"DOLAR MEP",995,999.99,991.3,991.3,2024-01-02,991.3,1704164400,1,1,0.99,0,0
"DOLAR MEP",991.3,1033.56,991.3,1033.56,2024-01-03,1033.56,1704250800,0.95,0.99,0.95,0,0
"DOLAR MEP",1033.56,1077.75,1011.46,1050.43,2024-01-04,1050.43,1704337200,0.95,0.99,0.93,0,0
"DOLAR MEP",1050.43,1119.31,1050.43,1104.93,2024-01-05,1104.93,1704423600,0.92,0.98,0.92,0,0
"DOLAR MEP",1104.93,1158.15,1103.7,1141.62,2024-01-08,1141.62,1704682800,0.92,0.96,0.92,0,0
"DOLAR MEP",1141.62,1187.56,1121.02,1160.38,2024-01-09,1160.38,1704769200,0.96,1,0.94,0,0
"DOLAR MEP",1160.38,1175.71,1132.14,1142.45,2024-01-10,1142.45,1704855600,0.98,0.99,0.96,0,0
"DOLAR MEP",1142.45,1173.87,1117.94,1119.17,2024-01-11,1119.17,1704942000,1,1.02,0.97,0,0
"DOLAR MEP",1119.17,1138.97,1084.35,1096.39,2024-01-12,1096.39,1705028400,0.98,1,0.95,0,0
"DOLAR MEP",1096.39,1136.2,1084.03,1125.3,2024-01-15,1125.3,1705287600,0.94,0.98,0.93,0,0
"DOLAR MEP",1125.3,1165.63,1119.58,1163.48,2024-01-16,1163.48,1705374000,0.93,0.96,0.92,0,0
"DOLAR MEP",1205.33,1233.41,1205.33,1221.49,2024-01-17,1221.49,1705460400,0.95,0.97,0.95,0,0
"DOLAR MEP",1221.49,1263.77,1214.5,1227.54,2024-01-18,1227.54,1705546800,0.95,0.99,0.95,0,0
"DOLAR MEP",1227.54,1271.11,1218.94,1251.67,2024-01-19,1251.67,1705633200,0.94,0.97,0.93,0,0
"DOLAR MEP",1251.67,1271.33,1231.47,1241.41,2024-01-22,1241.41,1705892400,0.95,0.97,0.94,0,0
"DOLAR MEP",1241.41,1276.79,1220.99,1233.22,2024-01-23,1233.22,1705978800,0.97,0.99,0.95,0,0
"DOLAR MEP",1233.22,1259.69,1212.98,1232.72,2024-01-24,1232.72,1706065200,0.95,0.97,0.93,0,0
"DOLAR MEP",1232.72,1266.4,1221.84,1229.32,2024-01-25,1229.32,1706151600,0.96,0.99,0.95,0,0
"DOLAR MEP",1229.32,1240.47,1175.7,1188.48,2024-01-26,1188.48,1706238000,1,1.01,0.96,0,0
"DOLAR MEP",1188.48,1227.13,1186.78,1219.88,2024-01-29,1219.88,1706497200,0.94,0.97,0.94,0,0
"DOLAR MEP",1219.88,1233.77,1185.82,1208.21,2024-01-30,1208.21,1706583600,0.96,0.97,0.93,0,0
"DOLAR MEP",1208.21,1226.35,1166.15,1175.67,2024-01-31,1175.67,1706670000,0.97,0.98,0.93,0,0
"DOLAR MEP",1175.67,1246.48,1175.67,1235.43,2024-02-01,1235.43,1706756400,0.92,0.97,0.92,0,0
"DOLAR MEP",1235.43,1267.14,1229.4,1237.43,2024-02-02,1237.43,1706842800,0.96,0.98,0.95,0,0
"DOLAR MEP",1237.43,1277.16,1206.24,1209.52,2024-02-05,1209.52,1707102000,0.96,0.99,0.93,0,0
"DOLAR MEP",1209.52,1239.86,1182.14,1194.74,2024-02-06,1194.74,1707188400,0.97,0.99,0.95,0,0
"DOLAR MEP",1194.74,1225.23,1191.89,1199.41,2024-02-07,1199.41,1707274800,0.95,0.97,0.94,0,0
"DOLAR MEP",1199.41,1233.86,1182.9,1183.55,2024-02-08,1183.55,1707361200,0.96,0.99,0.95,0,0
"DOLAR MEP",1183.55,1209.83,1141.23,1173.36,2024-02-09,1173.36,1707447600,0.96,0.98,0.93,0,0
"DOLAR MEP",1173.36,1180.81,1099.72,1124.14,2024-02-14,1124.14,1707879600,1,1,0.94,0,0
"DOLAR MEP",1124.14,1141.91,1084.57,1086.86,2024-02-15,1086.86,1707966000,0.97,0.99,0.94,0,0
"DOLAR MEP",1086.86,1109.25,1042.54,1064.71,2024-02-16,1064.71,1708052400,0.98,1,0.94,0,0
"DOLAR MEP",1064.71,1112.21,1059.03,1108.61,2024-02-19,1108.61,1708311600,0.93,0.97,0.93,0,0
"DOLAR MEP",1108.61,1123.31,1074.3,1080.31,2024-02-20,1080.31,1708398000,0.98,0.99,0.95,0,0
"DOLAR MEP",1080.31,1095.98,1063.77,1072.51,2024-02-21,1072.51,1708484400,0.97,0.98,0.95,0,0
"DOLAR MEP",1072.51,1104.26,1040.93,1054.78,2024-02-22,1054.78,1708570800,0.98,1.01,0.95,0,0
"DOLAR MEP",1054.78,1077.98,1040,1076.6,2024-02-23,1076.6,1708657200,0.95,0.97,0.93,0,0
"DOLAR MEP",1076.6,1093.8,1040.33,1051.04,2024-02-26,1051.04,1708916400,0.98,1,0.95,0,0
"DOLAR MEP",1051.04,1060.28,1043.47,1044.95,2024-02-27,1044.95,1709002800,0.97,0.98,0.96,0,0
"DOLAR MEP",1044.95,1067.49,1020.2,1031.25,2024-02-28,1031.25,1709089200,0.97,1,0.95,0,0
"DOLAR MEP",1031.25,1046.08,1026.16,1032.24,2024-02-29,1032.24,1709175600,0.96,0.98,0.96,0,0
"DOLAR MEP",1032.24,1066.39,1032.24,1053.46,2024-03-01,1053.46,1709262000,0.95,0.98,0.95,0,0
"DOLAR MEP",1053.46,1053.46,1025.17,1029.54,2024-03-04,1029.54,1709521200,0.99,0.99,0.96,0,0
"DOLAR MEP",1029.54,1032.82,1009.16,1016.08,2024-03-05,1016.08,1709607600,0.99,0.99,0.97,0,0
"DOLAR MEP",1016.08,1016.08,981.21,981.21,2024-03-06,981.21,1709694000,0.99,0.99,0.96,0,0
"DOLAR MEP",981.21,999.66,981.21,996.63,2024-03-07,996.63,1709780400,0.95,0.97,0.95,0,0
"DOLAR MEP",996.63,1000.47,996.63,1000.47,2024-03-08,1000.47,1709866800,0.95,0.95,0.95,0,0
"DOLAR MEP",1000.47,1000.47,980.98,980.98,2024-03-11,980.98,1710126000,0.98,0.98,0.96,0,0
"DOLAR MEP",980.98,1036.19,980.98,1036.19,2024-03-12,1036.19,1710212400,0.92,0.97,0.92,0,0
"DOLAR MEP",1036.19,1055.42,1008.57,1012.01,2024-03-13,1012.01,1710298800,0.98,1,0.96,0,0
"DOLAR MEP",1012.01,1028.97,1010.78,1015.67,2024-03-14,1015.67,1710385200,0.95,0.97,0.95,0,0
"DOLAR MEP",1015.67,1028.9,1009.75,1027.63,2024-03-15,1027.63,1710471600,0.95,0.96,0.95,0,0
"DOLAR MEP",1027.63,1037.66,1017.96,1023.89,2024-03-18,1023.89,1710730800,0.95,0.96,0.94,0,0
"DOLAR MEP",1023.89,1034.41,1020.69,1032.36,2024-03-19,1032.36,1710817200,0.94,0.95,0.94,0,0
"DOLAR MEP",1032.36,1043.41,1029.58,1042.43,2024-03-20,1042.43,1710903600,0.94,0.95,0.94,0,0
"DOLAR MEP",1042.43,1055.3,1032.29,1036.25,2024-03-21,1036.25,1710990000,0.95,0.96,0.94,0,0
"DOLAR MEP",1036.25,1040.51,1025.73,1036.16,2024-03-22,1036.16,1711076400,0.95,0.95,0.94,0,0
"DOLAR MEP",1036.16,1038.82,1012.94,1012.94,2024-03-25,1012.94,1711335600,0.96,0.96,0.94,0,0
"DOLAR MEP",1012.94,1035.13,1012.94,1027.09,2024-03-26,1027.09,1711422000,0.92,0.94,0.92,0,0
"DOLAR MEP",1027.09,1036.58,1012.35,1016.09,2024-03-27,1016.09,1711508400,0.95,0.95,0.93,0,0
"DOLAR MEP",1016.09,1016.09,991.25,991.25,2024-04-03,991.25,1712113200,0.95,0.95,0.93,0,0
"DOLAR MEP",991.25,999.82,991.25,996.25,2024-04-04,996.25,1712199600,0.94,0.95,0.94,0,0
"DOLAR MEP",996.25,1000.88,996.25,1000.88,2024-04-05,1000.88,1712286000,0.95,0.95,0.95,0,0
"DOLAR MEP",1000.88,1000.88,985.86,985.86,2024-04-08,985.86,1712545200,0.97,0.97,0.95,0,0
"DOLAR MEP",985.86,1000.69,985.86,1000.69,2024-04-09,1000.69,1712631600,0.94,0.96,0.94,0,0
"DOLAR MEP",1000.69,1000.69,999.64,999.64,2024-04-10,999.64,1712718000,0.96,0.96,0.96,0,0
"DOLAR MEP",999.64,999.82,994.86,994.86,2024-04-11,994.86,1712804400,0.95,0.95,0.95,0,0
"DOLAR MEP",994.86,1005.46,994.86,1005.46,2024-04-12,1005.46,1712890800,0.95,0.96,0.95,0,0
"DOLAR MEP",1005.46,1021.55,1000,1021.55,2024-04-15,1021.55,1713150000,0.94,0.95,0.93,0,0
"DOLAR MEP",1021.55,1039.96,1020.67,1031.63,2024-04-16,1031.63,1713236400,0.95,0.97,0.95,0,0
"DOLAR MEP",1031.63,1040.37,1016.71,1021.16,2024-04-17,1021.16,1713322800,0.97,0.98,0.96,0,0
"DOLAR MEP",1021.16,1032.61,1011.14,1021.92,2024-04-18,1021.92,1713409200,0.96,0.97,0.95,0,0
"DOLAR MEP",1021.92,1026.82,1018.63,1026.65,2024-04-19,1026.65,1713495600,0.96,0.96,0.95,0,0
"DOLAR MEP",1026.65,1028.38,1009.71,1014.98,2024-04-22,1014.98,1713754800,0.97,0.97,0.95,0,0
"DOLAR MEP",1014.98,1023.15,1006.71,1006.71,2024-04-23,1006.71,1713841200,0.96,0.97,0.96,0,0
"DOLAR MEP",1006.71,1016.4,1005.59,1015.54,2024-04-24,1015.54,1713927600,0.96,0.96,0.95,0,0
"DOLAR MEP",1015.54,1035.7,1011.85,1034.06,2024-04-25,1034.06,1714014000,0.94,0.96,0.94,0,0
"DOLAR MEP",1034.06,1049.24,1033.01,1034.04,2024-04-26,1034.04,1714100400,0.95,0.97,0.95,0,0
"DOLAR MEP",1034.04,1044.78,1033.58,1037.77,2024-04-29,1037.77,1714359600,0.95,0.96,0.95,0,0
"DOLAR MEP",1037.77,1049.06,1036.95,1040.89,2024-04-30,1040.89,1714446000,0.95,0.96,0.95,0,0
"DOLAR MEP",1060.81,1066.28,1060.81,1064.56,2024-05-02,1064.56,1714618800,0.95,0.95,0.95,0,0
"DOLAR MEP",1064.56,1080.69,1062.71,1072.64,2024-05-03,1072.64,1714705200,0.95,0.96,0.95,0,0
"DOLAR MEP",1072.64,1077.21,1056.85,1064.47,2024-05-06,1064.47,1714964400,0.97,0.97,0.95,0,0
"DOLAR MEP",1066.11,1067.52,1048.49,1048.49,2024-05-07,1048.49,1715050800,0.97,0.98,0.96,0,0
"DOLAR MEP",1048.49,1054.38,1037.35,1038.77,2024-05-08,1038.77,1715137200,0.97,0.98,0.96,0,0
"DOLAR MEP",1038.77,1046.38,1038.77,1046.02,2024-05-09,1046.02,1715223600,0.96,0.97,0.96,0,0
"DOLAR MEP",1046.02,1048.96,1034.17,1035.73,2024-05-10,1035.73,1715310000,0.97,0.97,0.96,0,0
"DOLAR MEP",1035.73,1051.44,1030.46,1034.89,2024-05-13,1034.89,1715569200,0.96,0.98,0.96,0,0
"DOLAR MEP",1034.89,1046.52,1034.89,1041.65,2024-05-14,1041.65,1715655600,0.95,0.96,0.95,0,0
"DOLAR MEP",1041.65,1060.17,1041.65,1050.33,2024-05-15,1050.33,1715742000,0.95,0.97,0.95,0,0
"DOLAR MEP",1050.33,1063.05,1050.33,1062.25,2024-05-16,1062.25,1715828400,0.96,0.97,0.96,0,0
"DOLAR MEP",1062.25,1074.37,1062.25,1071.12,2024-05-17,1071.12,1715914800,0.96,0.97,0.96,0,0
"DOLAR MEP",1071.12,1106.22,1070.67,1106.22,2024-05-20,1106.22,1716174000,0.94,0.97,0.94,0,0
"DOLAR MEP",1106.22,1174.04,1106.22,1170.28,2024-05-21,1170.28,1716260400,0.92,0.98,0.92,0,0
"DOLAR MEP",1170.28,1236.38,1170.28,1230.6,2024-05-22,1230.6,1716346800,0.93,0.98,0.93,0,0
"DOLAR MEP",1230.6,1265.14,1207.29,1234.4,2024-05-23,1234.4,1716433200,0.98,1.01,0.96,0,0
"DOLAR MEP",1234.4,1247.1,1199.71,1205.73,2024-05-24,1205.73,1716519600,1,1.01,0.97,0,0
"DOLAR MEP",1209.19,1228.18,1198.03,1228.18,2024-05-27,1228.18,1716778800,0.97,0.99,0.96,0,0
"DOLAR MEP",1228.18,1236.99,1189.17,1200.9,2024-05-28,1200.9,1716865200,1,1,0.96,0,0
"DOLAR MEP",1200.9,1202.33,1166.87,1177.14,2024-05-29,1177.14,1716951600,0.99,0.99,0.96,0,0
"DOLAR MEP",1177.14,1182.71,1163.15,1182.71,2024-05-30,1182.71,1717038000,0.97,0.97,0.96,0,0
"DOLAR MEP",1182.71,1221.4,1181.02,1215.93,2024-05-31,1215.93,1717124400,0.95,0.98,0.95,0,0
"DOLAR MEP",1215.93,1270.07,1215.93,1269.91,2024-06-03,1269.91,1717383600,0.94,0.98,0.94,0,0
"DOLAR MEP",1269.91,1309.82,1267.58,1280.8,2024-06-04,1280.8,1717470000,0.97,1,0.97,0,0
"DOLAR MEP",1280.8,1293.9,1269.23,1283.09,2024-06-05,1283.09,1717556400,0.98,0.99,0.97,0,0
"DOLAR MEP",1283.09,1291.61,1271.6,1272.01,2024-06-06,1272.01,1717642800,0.99,1,0.98,0,0
"DOLAR MEP",1272.01,1287.16,1272.01,1282.33,2024-06-07,1282.33,1717729200,0.97,0.98,0.97,0,0
"DOLAR MEP",1282.33,1293.77,1264.72,1272.63,2024-06-10,1272.63,1717988400,0.98,0.99,0.97,0,0
"DOLAR MEP",1272.63,1286.43,1270.76,1273.9,2024-06-11,1273.9,1718074800,0.97,0.99,0.97,0,0
"DOLAR MEP",1273.9,1288.88,1265.79,1278.94,2024-06-12,1278.94,1718161200,0.98,0.99,0.97,0,0
"DOLAR MEP",1278.94,1278.94,1234.35,1241.1,2024-06-13,1241.1,1718247600,1,1,0.97,0,0
"DOLAR MEP",1241.1,1250.13,1238.47,1244.64,2024-06-14,1244.64,1718334000,0.98,0.99,0.98,0,0
"DOLAR MEP",1244.64,1252.61,1240.8,1245.49,2024-06-18,1245.49,1718679600,0.98,0.99,0.98,0,0
"DOLAR MEP",1245.49,1278.78,1245.49,1273.81,2024-06-19,1273.81,1718766000,0.96,0.99,0.96,0,0
"DOLAR MEP",1273.81,1309.3,1273.81,1295.22,2024-06-24,1295.22,1719198000,0.97,1,0.97,0,0
"DOLAR MEP",1295.22,1308.99,1295.22,1308.99,2024-06-25,1308.99,1719284400,0.99,1,0.99,0,0
"DOLAR MEP",1308.99,1336.94,1306.86,1332.13,2024-06-26,1332.13,1719370800,0.98,1,0.97,0,0
"DOLAR MEP",1332.13,1344.65,1323.15,1331.96,2024-06-27,1331.96,1719457200,0.99,1,0.98,0,0
"DOLAR MEP",1331.96,1347.96,1325.28,1347.96,2024-06-28,1347.96,1719543600,0.99,1,0.98,0,0
"DOLAR MEP",1347.96,1413.01,1347.96,1413.01,2024-07-01,1413.01,1719802800,0.95,1,0.95,0,0
"DOLAR MEP",1413.01,1456.21,1413.01,1428.46,2024-07-02,1428.46,1719889200,0.99,1.02,0.99,0,0
"DOLAR MEP",1428.46,1430.72,1369.82,1382.5,2024-07-03,1382.5,1719975600,1.02,1.03,0.98,0,0
"DOLAR MEP",1382.5,1403.25,1376.88,1395.68,2024-07-04,1395.68,1720062000,0.99,1,0.98,0,0
"DOLAR MEP",1395.68,1404.14,1389.91,1396.24,2024-07-05,1396.24,1720148400,1,1.01,1,0,0
"DOLAR MEP",1396.24,1417.22,1382.51,1386.86,2024-07-08,1386.86,1720407600,1.01,1.02,1,0,0
"DOLAR MEP",1386.86,1393.45,1366.78,1377.39,2024-07-10,1377.39,1720580400,1,1,0.98,0,0
"DOLAR MEP",1377.39,1408.68,1372.44,1403.33,2024-07-11,1403.33,1720666800,0.97,1,0.97,0,0
"DOLAR MEP",1403.33,1437.85,1403.33,1416.22,2024-07-12,1416.22,1720753200,0.98,1.01,0.98,0,0
"DOLAR MEP",1416.22,1416.22,1299.19,1307.54,2024-07-15,1307.54,1721012400,1.08,1.08,0.99,0,0
"DOLAR MEP",1307.54,1307.54,1259.88,1278.94,2024-07-16,1278.94,1721098800,1.02,1.02,0.98,0,0
"DOLAR MEP",1278.94,1313.1,1278.94,1300,2024-07-17,1300,1721185200,0.98,1,0.98,0,0
"DOLAR MEP",1300,1325.18,1300,1315.29,2024-07-18,1315.29,1721271600,0.98,0.99,0.98,0,0
"DOLAR MEP",1315.29,1331.7,1314.64,1331.7,2024-07-19,1331.7,1721358000,0.99,1,0.99,0,0
"DOLAR MEP",1331.7,1341.89,1319.99,1333.37,2024-07-22,1333.37,1721617200,1,1.01,0.99,0,0
"DOLAR MEP",1333.37,1343.87,1324.54,1324.96,2024-07-23,1324.96,1721703600,1,1,0.99,0,0
"DOLAR MEP",1324.96,1340.48,1324.4,1337.51,2024-07-24,1337.51,1721790000,0.99,1,0.99,0,0
"DOLAR MEP",1337.51,1345.31,1324.99,1332.77,2024-07-25,1332.77,1721876400,1.01,1.01,1,0,0
"DOLAR MEP",1332.77,1336.89,1309.51,1323.15,2024-07-26,1323.15,1721962800,1.01,1.01,0.99,0,0
"DOLAR MEP",1323.15,1327.77,1291.77,1296.57,2024-07-29,1296.57,1722222000,1.02,1.03,1,0,0
"DOLAR MEP",1296.57,1300.95,1266.09,1267.95,2024-07-30,1267.95,1722308400,1.02,1.03,1,0,0
"DOLAR MEP",1267.95,1294.98,1254.66,1293.33,2024-07-31,1293.33,1722394800,0.99,1.01,0.98,0,0
"DOLAR MEP",1293.33,1325.58,1293.33,1300.14,2024-08-01,1300.14,1722481200,0.99,1.02,0.99,0,0
"DOLAR MEP",1300.14,1336.17,1297.8,1334.04,2024-08-02,1334.04,1722567600,0.98,1.01,0.98,0,0
"DOLAR MEP",1334.04,1366.29,1333.33,1346.09,2024-08-05,1346.09,1722826800,1,1.02,1,0,0
"DOLAR MEP",1346.09,1350.54,1328.78,1336.4,2024-08-06,1336.4,1722913200,1,1.01,0.99,0,0
"DOLAR MEP",1336.4,1342.01,1325.96,1331.95,2024-08-07,1331.95,1722999600,1.01,1.01,1,0,0
"DOLAR MEP",1331.95,1331.95,1306.21,1310.45,2024-08-08,1310.45,1723086000,1.02,1.02,1,0,0
"DOLAR MEP",1310.45,1316.25,1292.37,1298.27,2024-08-09,1298.27,1723172400,1.01,1.01,1,0,0
"DOLAR MEP",1298.27,1301.46,1280.08,1284.35,2024-08-12,1284.35,1723431600,1.01,1.02,1,0,0
"DOLAR MEP",1272.49,1272.49,1272.49,1272.49,2024-08-13,1272.49,1723518000,1,1,1,0,0
"DOLAR MEP",1268.81,1268.81,1268.81,1268.81,2024-08-14,1268.81,1723604400,1,1,1,0,0
"DOLAR MEP",1276.21,1276.21,1276.21,1276.21,2024-08-15,1276.21,1723690800,1,1,1,0,0
"DOLAR MEP",1295.3,1295.3,1295.3,1295.3,2024-08-16,1295.3,1723777200,1,1,1,0,0
"DOLAR MEP",1295.3,1304.66,1285.74,1290.1,2024-08-19,1290.1,1724036400,1.01,1.01,1,0,0
"DOLAR MEP",1287.82,1287.82,1287.82,1287.82,2024-08-20,1287.82,1724122800,1,1,1,0,0
"DOLAR MEP",1291.75,1291.75,1291.75,1291.75,2024-08-21,1291.75,1724209200,1,1,1,0,0
"DOLAR MEP",1291.75,1300.48,1282.65,1283.23,2024-08-22,1283.23,1724295600,1,1.01,1,0,0
"DOLAR MEP",1283.23,1289.98,1280.71,1282.7,2024-08-23,1282.7,1724382000,1,1,1,0,0
"DOLAR MEP",1282.7,1288.54,1282.47,1288.25,2024-08-26,1288.25,1724641200,0.99,1,0.99,0,0
"DOLAR MEP",1288.25,1293.1,1283.82,1286.19,2024-08-27,1286.19,1724727600,1,1,0.99,0,0
"DOLAR MEP",1286.19,1296.25,1280.64,1282.19,2024-08-28,1282.19,1724814000,0.99,1,0.99,0,0
"DOLAR MEP",1282.19,1291.05,1268.93,1271.33,2024-08-29,1271.33,1724900400,0.99,1,0.98,0,0
"DOLAR MEP",1271.33,1285.85,1268.99,1279.96,2024-08-30,1279.96,1724986800,0.98,0.99,0.98,0,0
"DOLAR MEP",1279.96,1300.5,1279.96,1285.01,2024-09-02,1285.01,1725246000,0.99,1,0.99,0,0
"DOLAR MEP",1285.01,1294.46,1285.01,1294.46,2024-09-03,1294.46,1725332400,0.99,0.99,0.99,0,0
"DOLAR MEP",1294.46,1294.46,1279.42,1279.84,2024-09-04,1279.84,1725418800,1,1,0.99,0,0
"DOLAR MEP",1279.84,1283.69,1254.52,1258.82,2024-09-05,1258.82,1725505200,1.01,1.01,0.99,0,0
"DOLAR MEP",1258.82,1261.86,1238.6,1243.87,2024-09-06,1243.87,1725591600,1,1,0.98,0,0
"DOLAR MEP",1243.87,1249.14,1215.91,1226.42,2024-09-09,1226.42,1725850800,1,1,0.98,0,0
"DOLAR MEP",1226.42,1235.99,1226.1,1230.44,2024-09-10,1230.44,1725937200,0.98,0.99,0.98,0,0
"DOLAR MEP",1230.44,1240.36,1230.16,1230.16,2024-09-11,1230.16,1726023600,0.99,1,0.99,0,0
"DOLAR MEP",1230.16,1243.51,1230.16,1239.48,2024-09-12,1239.48,1726110000,0.98,0.99,0.98,0,0
"DOLAR MEP",1239.48,1242.52,1220.4,1226.53,2024-09-13,1226.53,1726196400,0.99,0.99,0.97,0,0
"DOLAR MEP",1217.64,1218.86,1212.18,1217.53,2024-09-16,1217.53,1726455600,0.98,0.98,0.97,0,0
"DOLAR MEP",1214.04,1214.04,1214.04,1214.04,2024-09-17,1214.04,1726542000,0.98,0.98,0.98,0,0
"DOLAR MEP",1206.72,1206.72,1206.72,1206.72,2024-09-18,1206.72,1726628400,0.98,0.98,0.98,0,0
"DOLAR MEP",1197.74,1197.74,1197.74,1197.74,2024-09-19,1197.74,1726714800,0.98,0.98,0.98,0,0
"DOLAR MEP",1200.1,1200.1,1200.1,1200.1,2024-09-20,1200.1,1726801200,0.98,0.98,0.98,0,0
"DOLAR MEP",1204.57,1204.57,1204.57,1204.57,2024-09-23,1204.57,1727060400,0.98,0.98,0.98,0,0
"DOLAR MEP",1202.13,1202.13,1202.13,1202.13,2024-09-24,1202.13,1727146800,0.98,0.98,0.98,0,0
"DOLAR MEP",1209.79,1209.79,1209.79,1209.79,2024-09-25,1209.79,1727233200,0.99,0.99,0.99,0,0
"DOLAR MEP",1209.79,1218.88,1208.71,1210.95,2024-09-26,1210.95,1727319600,0.99,0.99,0.98,0,0
"DOLAR MEP",1210.95,1222.79,1205.9,1207.75,2024-09-27,1207.75,1727406000,0.98,0.99,0.98,0,0
"DOLAR MEP",1207.75,1215.03,1199.52,1215.03,2024-09-30,1215.03,1727665200,0.97,0.98,0.96,0,0
"DOLAR MEP",1215.03,1226.59,1215.03,1220.07,2024-10-01,1220.07,1727751600,0.97,0.98,0.97,0,0
"DOLAR MEP",1220.07,1225.68,1207.03,1207.51,2024-10-02,1207.51,1727838000,0.99,0.99,0.98,0,0
"DOLAR MEP",1191.74,1191.74,1191.74,1191.74,2024-10-03,1191.74,1727924400,0.97,0.97,0.97,0,0
"DOLAR MEP",1187.52,1187.52,1187.52,1187.52,2024-10-04,1187.52,1728010800,0.97,0.97,0.97,0,0
"DOLAR MEP",1184.07,1184.07,1184.07,1184.07,2024-10-07,1184.07,1728270000,0.97,0.97,0.97,0,0
"DOLAR MEP",1169.54,1169.54,1169.54,1169.54,2024-10-08,1169.54,1728356400,0.97,0.97,0.97,0,0
"DOLAR MEP",1147.4,1147.4,1147.4,1147.4,2024-10-09,1147.4,1728442800,0.96,0.96,0.96,0,0
"DOLAR MEP",1147.4,1159.09,1131.55,1134.84,2024-10-10,1134.84,1728529200,0.97,0.98,0.96,0,0
"DOLAR MEP",1134.84,1143.88,1128.51,1143.88,2024-10-14,1143.88,1728874800,0.96,0.97,0.95,0,0
"DOLAR MEP",1143.88,1145.03,1132.95,1139.91,2024-10-15,1139.91,1728961200,0.97,0.97,0.96,0,0
"DOLAR MEP",1139.91,1160.1,1139.91,1159.89,2024-10-16,1159.89,1729047600,0.96,0.97,0.96,0,0
"DOLAR MEP",0,0,0,1160,2024-10-17,1160,1729134000,0,0,0,0,0
"DOLAR MEP",0,0,0,1160,2024-10-18,1160,1729220400,0,0,0,0,0
"DOLAR MEP",1159.89,1168.95,1159.89,1167.91,2024-10-21,1167.91,1729479600,0.97,0.98,0.97,0,0
"DOLAR MEP",1167.91,1171.96,1161.81,1161.97,2024-10-22,1161.97,1729566000,0.98,0.98,0.97,0,0
"DOLAR MEP",1161.97,1171.65,1161.97,1161.99,2024-10-23,1161.99,1729652400,0.98,0.99,0.98,0,0
"DOLAR MEP",1161.99,1166.08,1155.8,1160,2024-10-24,1160,1729738800,0.99,0.99,0.98,0,0
"DOLAR MEP",1160,1165.47,1138.1,1141.81,2024-10-25,1141.81,1729825200,1,1,0.98,0,0
"DOLAR MEP",1141.81,1150.15,1131.27,1134.18,2024-10-28,1134.18,1730084400,0.99,1,0.98,0,0
"DOLAR MEP",1134.18,1140.13,1127.35,1138.18,2024-10-29,1138.18,1730170800,0.98,0.99,0.98,0,0
"DOLAR MEP",1138.18,1147.55,1132.87,1138.32,2024-10-30,1138.32,1730257200,0.98,0.99,0.98,0,0
"DOLAR MEP",1138.32,1142.72,1126.13,1131.46,2024-10-31,1131.46,1730343600,0.98,0.99,0.97,0,0
"DOLAR MEP",1131.46,1146.32,1124.21,1146.17,2024-11-01,1146.17,1730430000,0.96,0.97,0.96,0,0
"DOLAR MEP",1146.17,1153.88,1145.77,1151.54,2024-11-04,1151.54,1730689200,0.97,0.98,0.97,0,0
"DOLAR MEP",1151.54,1153.59,1148.48,1153.5,2024-11-05,1153.5,1730775600,0.97,0.98,0.97,0,0
"DOLAR MEP",1153.5,1156.4,1134.77,1145.69,2024-11-06,1145.69,1730862000,0.99,0.99,0.97,0,0
"DOLAR MEP",1145.69,1145.9,1133.03,1135.99,2024-11-07,1135.99,1730948400,0.98,0.98,0.97,0,0
"DOLAR MEP",1135.99,1141.26,1121.46,1130.2,2024-11-08,1130.2,1731034800,0.98,0.98,0.97,0,0
"DOLAR MEP",1130.2,1138.43,1128.54,1131.23,2024-11-11,1131.23,1731294000,0.97,0.98,0.97,0,0
"DOLAR MEP",1125.07,1127.73,1124.4,1124.4,2024-11-12,1124.4,1731380400,0.97,0.97,0.97,0,0
"DOLAR MEP",1124.4,1129.2,1118.87,1121.11,2024-11-13,1121.11,1731466800,0.97,0.98,0.97,0,0
"DOLAR MEP",1121.11,1124.29,1100.74,1105.75,2024-11-14,1105.75,1731553200,0.97,0.97,0.95,0,0
"DOLAR MEP",1105.75,1111.24,1091.83,1096.02,2024-11-15,1096.02,1731639600,0.97,0.98,0.96,0,0
"DOLAR MEP",1096.02,1100.13,1073.63,1075.12,2024-11-19,1075.12,1731985200,0.99,1,0.97,0,0
"DOLAR MEP",1075.12,1079.55,1069.61,1074.86,2024-11-20,1074.86,1732071600,0.97,0.97,0.96,0,0
"DOLAR MEP",1074.86,1081.68,1071.75,1078.95,2024-11-21,1078.95,1732158000,0.97,0.97,0.96,0,0
"DOLAR MEP",1078.95,1089.89,1076.14,1080.4,2024-11-22,1080.4,1732244400,0.97,0.98,0.97,0,0
"DOLAR MEP",1080.4,1084.47,1072.1,1077.58,2024-11-25,1077.58,1732503600,0.98,0.98,0.97,0,0
"DOLAR MEP",1077.58,1080.46,1074.51,1076.12,2024-11-26,1076.12,1732590000,0.97,0.98,0.97,0,0
"DOLAR MEP",1076.12,1080.18,1072.08,1074.61,2024-11-27,1074.61,1732676400,0.97,0.98,0.97,0,0
"DOLAR MEP",1074.61,1081.3,1074.56,1075.15,2024-11-28,1075.15,1732762800,0.97,0.98,0.97,0,0
"DOLAR MEP",1075.15,1082.03,1072.03,1075.76,2024-11-29,1075.76,1732849200,0.97,0.97,0.97,0,0
"DOLAR MEP",1075.76,1077.4,1068.21,1068.89,2024-12-02,1068.89,1733108400,0.98,0.98,0.97,0,0
"DOLAR MEP",1068.89,1075.65,1067.97,1075.65,2024-12-03,1075.65,1733194800,0.96,0.97,0.96,0,0
"DOLAR MEP",1075.65,1080.91,1071.74,1076.34,2024-12-04,1076.34,1733281200,0.98,0.98,0.97,0,0
"DOLAR MEP",1076.34,1078.95,1061.14,1062.16,2024-12-05,1062.16,1733367600,0.99,0.99,0.97,0,0
"DOLAR MEP",1062.16,1070.88,1044.24,1049.33,2024-12-06,1049.33,1733454000,0.99,1,0.97,0,0
"DOLAR MEP",1049.33,1055.09,1045.59,1049.31,2024-12-09,1049.31,1733713200,0.98,0.98,0.98,0,0
"DOLAR MEP",1049.31,1060.52,1047.68,1060.52,2024-12-10,1060.52,1733799600,0.98,0.99,0.97,0,0
"DOLAR MEP",1060.52,1063.91,1053.04,1057.72,2024-12-11,1057.72,1733886000,0.99,0.99,0.98,0,0
"DOLAR MEP",1057.72,1059.15,1054.89,1058.21,2024-12-12,1058.21,1733972400,0.99,0.99,0.99,0,0
"DOLAR MEP",1058.21,1073.14,1058.21,1073.08,2024-12-13,1073.08,1734058800,0.97,0.98,0.97,0,0
"DOLAR MEP",1073.08,1100.27,1073.08,1100.27,2024-12-16,1100.27,1734318000,0.96,0.98,0.96,0,0
"DOLAR MEP",1100.27,1145.26,1100.27,1145.26,2024-12-17,1145.26,1734404400,0.96,0.99,0.96,0,0
"DOLAR MEP",1145.26,1168.91,1129.19,1131.22,2024-12-18,1131.22,1734490800,0.98,1,0.97,0,0
"DOLAR MEP",1131.22,1156.51,1130.88,1131.19,2024-12-19,1131.19,1734577200,0.97,1,0.97,0,0
"DOLAR MEP",1131.19,1147.83,1131.19,1142.2,2024-12-20,1142.2,1734663600,0.97,0.98,0.97,0,0
"DOLAR MEP",1142.2,1162.3,1142.2,1162.3,2024-12-23,1162.3,1734922800,0.98,1,0.98,0,0
"DOLAR MEP",1162.3,1166.12,1156.05,1160.97,2024-12-24,1160.97,1735009200,0.99,0.99,0.99,0,0
"DOLAR MEP",1160.97,1178.94,1160.97,1170.89,2024-12-26,1170.89,1735182000,0.98,0.99,0.98,0,0
"DOLAR MEP",1170.89,1184.31,1163.46,1170.56,2024-12-27,1170.56,1735268400,0.99,1,0.98,0,0
"DOLAR MEP",1170.56,1183.82,1169.88,1170.41,2024-12-30,1170.41,1735527600,0.99,1,0.99,0,0
"DOLAR MEP",1170.41,1182.53,1161.13,1162.12,2025-01-02,1162.12,1735786800,1,1.01,0.99,0,0
"DOLAR MEP",1162.12,1169.33,1158.43,1165.88,2025-01-03,1165.88,1735873200,0.98,0.99,0.98,0,0
"DOLAR MEP",1163.43,1167.14,1159.96,1165.09,2025-01-06,1165.09,1736132400,0.98,0.98,0.98,0,0
"DOLAR MEP",1165.09,1169.49,1161.22,1164.37,2025-01-07,1164.37,1736218800,0.98,0.99,0.98,0,0
"DOLAR MEP",1164.37,1175.61,1160.92,1164.72,2025-01-08,1164.72,1736305200,0.98,0.99,0.98,0,0
"DOLAR MEP",1164.72,1170.42,1159.62,1164.19,2025-01-09,1164.19,1736391600,0.98,0.99,0.98,0,0
"DOLAR MEP",1164.19,1174.36,1161.07,1164.01,2025-01-10,1164.01,1736478000,0.98,0.99,0.98,0,0
"DOLAR MEP",1164.01,1175.23,1161.3,1163.21,2025-01-13,1163.21,1736737200,0.97,0.98,0.97,0,0
"DOLAR MEP",1163.21,1173.48,1162.76,1162.93,2025-01-14,1162.93,1736823600,0.98,0.99,0.98,0,0
"DOLAR MEP",1162.93,1169.27,1162.93,1164.05,2025-01-15,1164.05,1736910000,0.97,0.98,0.97,0,0
"DOLAR MEP",1164.05,1173.5,1164.05,1166.03,2025-01-16,1166.03,1736996400,0.99,0.99,0.99,0,0
"DOLAR MEP",1166.03,1174.03,1165.5,1165.84,2025-01-17,1165.84,1737082800,0.98,0.99,0.98,0,0
"DOLAR MEP",1165.84,1175.45,1164.88,1165.9,2025-01-20,1165.9,1737342000,0.97,0.98,0.97,0,0
"DOLAR MEP",1165.9,1170.84,1164.26,1167.61,2025-01-21,1167.61,1737428400,0.98,0.99,0.98,0,0
"DOLAR MEP",1167.61,1172.67,1166.44,1172.67,2025-01-22,1172.67,1737514800,0.98,0.99,0.98,0,0
"DOLAR MEP",1172.67,1172.75,1163.82,1167.35,2025-01-23,1167.35,1737601200,0.99,0.99,0.98,0,0
"DOLAR MEP",1167.35,1168.41,1124.98,1155.75,2025-01-24,1155.75,1737687600,1,1,0.97,0,0
"DOLAR MEP",1155.75,1166.13,1153.48,1162.22,2025-01-27,1162.22,1737946800,0.98,0.99,0.98,0,0
"DOLAR MEP",1162.22,1169.5,1156.77,1161.38,2025-01-28,1161.38,1738033200,0.99,0.99,0.98,0,0
"DOLAR MEP",1161.38,1167.85,1161.38,1163.36,2025-01-29,1163.36,1738119600,0.98,0.99,0.98,0,0
"DOLAR MEP",1163.36,1166.14,1161.19,1164.89,2025-01-30,1164.89,1738206000,0.99,0.99,0.99,0,0
"DOLAR MEP",1164.89,1174.13,1164.79,1164.79,2025-01-31,1164.79,1738292400,0.98,0.99,0.98,0,0
"DOLAR MEP",1164.79,1180.9,1164.79,1178.82,2025-02-03,1178.82,1738551600,0.97,0.99,0.97,0,0
"DOLAR MEP",1178.82,1188,1176.68,1188,2025-02-04,1188,1738638000,0.98,0.99,0.98,0,0
"DOLAR MEP",1188,1194.09,1186.94,1191.94,2025-02-05,1191.94,1738724400,0.99,0.99,0.99,0,0
"DOLAR MEP",1191.94,1197.25,1186.72,1189.03,2025-02-06,1189.03,1738810800,0.99,1,0.99,0,0
"DOLAR MEP",1189.03,1194.47,1187.25,1194.47,2025-02-07,1194.47,1738897200,0.99,0.99,0.99,0,0
"DOLAR MEP",1194.47,1195.19,1181.29,1184.07,2025-02-10,1184.07,1739156400,1.01,1.01,1,0,0
"DOLAR MEP",1184.07,1189.85,1180.11,1180.85,2025-02-11,1180.85,1739242800,1,1,1,0,0
"DOLAR MEP",1180.85,1186.52,1180.85,1186.35,2025-02-12,1186.35,1739329200,1,1,1,0,0
"DOLAR MEP",1186.35,1190.35,1181.58,1187.89,2025-02-13,1187.89,1739415600,1,1,0.99,0,0
"DOLAR MEP",1187.89,1192.48,1183.88,1183.88,2025-02-14,1183.88,1739502000,0.99,1,0.99,0,0
"DOLAR MEP",1183.88,1212.73,1183.88,1210.09,2025-02-17,1210.09,1739761200,0.98,1,0.98,0,0
"DOLAR MEP",1210.09,1213.19,1201.66,1203.16,2025-02-18,1203.16,1739847600,1,1,0.99,0,0
"DOLAR MEP",1203.16,1209.27,1200.62,1201.86,2025-02-19,1201.86,1739934000,1,1,0.99,0,0
"DOLAR MEP",1201.86,1206.94,1201.86,1206.06,2025-02-20,1206.06,1740020400,0.99,1,0.99,0,0
"DOLAR MEP",1206.06,1207.54,1196.46,1205.88,2025-02-21,1205.88,1740106800,0.99,0.99,0.98,0,0
"DOLAR MEP",1206.51,1209.23,1204.63,1207.48,2025-02-24,1207.48,1740366000,0.99,1,0.99,0,0
"DOLAR MEP",1207.48,1212.76,1206.19,1211.96,2025-02-25,1211.96,1740452400,1,1,1,0,0
"DOLAR MEP",1211.96,1214.12,1207.35,1211.56,2025-02-26,1211.56,1740538800,0.99,1,0.99,0,0
"DOLAR MEP",1211.56,1216.71,1210,1215.29,2025-02-27,1215.29,1740625200,0.99,0.99,0.99,0,0
"DOLAR MEP",1215.29,1228.48,1215.29,1228.48,2025-02-28,1228.48,1740711600,1,1.01,1,0,0
"DOLAR MEP",1228.48,1237.94,1220.56,1235.31,2025-03-05,1235.31,1741143600,0.99,1,0.98,0,0
"DOLAR MEP",1235.31,1245.1,1231.26,1237.86,2025-03-06,1237.86,1741230000,1.01,1.01,1,0,0
"DOLAR MEP",1237.86,1238.37,1216.67,1221.93,2025-03-07,1221.93,1741316400,1.01,1.02,1,0,0
"DOLAR MEP",1221.93,1230.84,1221.07,1228.92,2025-03-10,1228.92,1741575600,0.99,1,0.99,0,0
"DOLAR MEP",1228.92,1232.13,1219.77,1230.38,2025-03-11,1230.38,1741662000,1,1,0.99,0,0
"DOLAR MEP",1230.38,1232.63,1225.43,1229.34,2025-03-12,1229.34,1741748400,1,1,1,0,0
"DOLAR MEP",1229.34,1236.78,1229.34,1233.55,2025-03-13,1233.55,1741834800,1,1,1,0,0
"DOLAR MEP",1233.55,1240.48,1231,1237.78,2025-03-14,1237.78,1741921200,0.99,1,0.99,0,0
"DOLAR MEP",1237.78,1254.79,1237.35,1250.59,2025-03-17,1250.59,1742180400,0.99,1,0.99,0,0
"DOLAR MEP",1250.59,1299.32,1250.59,1299.32,2025-03-18,1299.32,1742266800,0.96,1,0.96,0,0
"DOLAR MEP",1299.32,1318.38,1274.13,1286.38,2025-03-19,1286.38,1742353200,1.01,1.02,0.99,0,0
"DOLAR MEP",1286.38,1287.59,1272.33,1287.59,2025-03-20,1287.59,1742439600,1,1,0.99,0,0
"DOLAR MEP",1287.59,1301.04,1285.09,1287.22,2025-03-21,1287.22,1742526000,1,1.01,1,0,0
"DOLAR MEP",1287.22,1296.87,1285.82,1294.3,2025-03-25,1294.3,1742871600,0.99,1,0.99,0,0
"DOLAR MEP",1294.3,1306.92,1293.06,1295.63,2025-03-26,1295.63,1742958000,1,1.01,0.99,0,0
"DOLAR MEP",1295.63,1296.04,1289.91,1292.29,2025-03-27,1292.29,1743044400,1,1,0.99,0,0
"DOLAR MEP",1292.29,1308.4,1291.67,1302.44,2025-03-28,1302.44,1743130800,0.99,1,0.99,0,0
"DOLAR MEP",1302.44,1333.28,1302.44,1313.97,2025-03-31,1313.97,1743390000,0.99,1.01,0.99,0,0
"DOLAR MEP",1313.97,1323.56,1307.28,1314.47,2025-04-01,1314.47,1743476400,1,1.01,1,0,0
"DOLAR MEP",1314.47,1327.07,1313.85,1319.42,2025-04-03,1319.42,1743649200,1,1.01,1,0,0
"DOLAR MEP",1319.42,1340.44,1317.05,1340.44,2025-04-04,1340.44,1743735600,0.99,1,0.99,0,0
"DOLAR MEP",1340.44,1372.63,1340.44,1370.35,2025-04-07,1370.35,1743994800,0.99,1.01,0.99,0,0
"DOLAR MEP",1370.35,1379.79,1357.54,1376.58,2025-04-08,1376.58,1744081200,1,1.01,0.99,0,0
"DOLAR MEP",1376.58,1396.58,1338.8,1341.72,2025-04-09,1341.72,1744167600,1.03,1.04,1,0,0
"DOLAR MEP",1341.72,1368.4,1341.72,1364.01,2025-04-10,1364.01,1744254000,0.98,1,0.98,0,0
"DOLAR MEP",1364.01,1384.64,1310.67,1333.33,2025-04-11,1333.33,1744340400,1.02,1.03,0.98,0,0
"DOLAR MEP",1333.33,1333.33,1209.55,1253.4,2025-04-14,1253.4,1744599600,1.06,1.06,0.96,0,0
"DOLAR MEP",1253.4,1253.4,1221.08,1237.9,2025-04-15,1237.9,1744686000,1.01,1.01,0.98,0,0
"DOLAR MEP",1237.9,1237.9,1163.13,1165.93,2025-04-16,1165.93,1744772400,1.05,1.05,0.99,0,0
"DOLAR MEP",1165.93,1166.82,1088.86,1122.08,2025-04-21,1122.08,1745204400,1.03,1.03,0.96,0,0
"DOLAR MEP",1122.08,1140.38,1110.44,1140.38,2025-04-22,1140.38,1745290800,0.97,0.99,0.96,0,0
"DOLAR MEP",1140.38,1179.16,1131.94,1168,2025-04-23,1168,1745377200,0.96,1,0.96,0,0
"DOLAR MEP",1168,1199.47,1168,1186.53,2025-04-24,1186.53,1745463600,0.97,1,0.97,0,0
"DOLAR MEP",1186.53,1198.17,1176.44,1184.24,2025-04-25,1184.24,1745550000,0.99,1,0.98,0,0
"DOLAR MEP",1184.24,1184.24,1164.25,1176.55,2025-04-28,1176.55,1745809200,0.99,0.99,0.98,0,0
"DOLAR MEP",1176.55,1184.89,1170,1173.15,2025-04-29,1173.15,1745895600,0.99,1,0.98,0,0
"DOLAR MEP",1173.15,1189.4,1172.18,1183.37,2025-04-30,1183.37,1745982000,0.98,0.99,0.98,0,0
"DOLAR MEP",1183.37,1454,1007.33,1454,2025-05-02,1454,1746154800,0.93,1.14,0.79,0,0
"DOLAR MEP",1183.37,1202.92,1179.2,1202.92,2025-05-05,1202.92,1746414000,0.98,0.99,0.97,0,0
"DOLAR MEP",1202.92,1209.63,1195.58,1199.61,2025-05-06,1199.61,1746500400,0.99,1,0.99,0,0
"DOLAR MEP",1199.61,1199.61,1142.56,1156.07,2025-05-07,1156.07,1746586800,1.03,1.03,0.98,0,0
"DOLAR MEP",1156.07,1156.07,1129.83,1143.32,2025-05-08,1143.32,1746673200,1,1,0.98,0,0
"DOLAR MEP",1143.32,1153.12,1127.6,1144.11,2025-05-09,1144.11,1746759600,0.99,0.99,0.97,0,0
"DOLAR MEP",1144.11,1145.81,1131.55,1141.2,2025-05-12,1141.2,1747018800,0.99,0.99,0.98,0,0
"DOLAR MEP",1141.2,1143.42,1135.44,1140.92,2025-05-13,1140.92,1747105200,0.99,0.99,0.98,0,0
"DOLAR MEP",1151.22,1155.12,1151.19,1155.12,2025-05-16,1155.12,1747364400,0.98,0.98,0.98,0,0
"DOLAR MEP",1145.07,1149.31,1138.21,1148.77,2025-05-19,1148.77,1747623600,0.98,0.99,0.98,0,0
"DOLAR MEP",1146.49,1153.33,1146.35,1153.33,2025-05-20,1153.33,1747710000,0.98,0.98,0.98,0,0
"DOLAR MEP",1155.6,1155.6,1146.82,1148.8,2025-05-21,1148.8,1747796400,0.99,0.99,0.99,0,0
"DOLAR MEP",1148.92,1151.03,1139.64,1143.49,2025-05-22,1143.49,1747882800,0.99,0.99,0.98,0,0
"DOLAR MEP",1143.09,1148.14,1140.65,1143.32,2025-05-23,1143.32,1747969200,0.98,0.99,0.98,0,0
"DOLAR MEP",1145.47,1147.77,1141.25,1145.42,2025-05-26,1145.42,1748228400,0.99,1,0.99,0,0
"DOLAR MEP",1145.2,1161.3,1144.72,1161.3,2025-05-27,1161.3,1748314800,0.98,0.99,0.98,0,0
"DOLAR MEP",1163.67,1166.98,1160.76,1164.8,2025-05-28,1164.8,1748401200,0.99,0.99,0.99,0,0
"DOLAR MEP",1168.48,1183.8,1168.43,1181.9,2025-05-29,1181.9,1748487600,0.98,0.99,0.98,0,0
"DOLAR MEP",1186.52,1201.76,1186.52,1191.72,2025-05-30,1191.72,1748574000,0.98,1,0.98,0,0
"DOLAR MEP",1187.42,1191.12,1180.78,1183.78,2025-06-02,1183.78,1748833200,0.99,1,0.99,0,0
"DOLAR MEP",1184.75,1189.93,1180.99,1189.67,2025-06-03,1189.67,1748919600,0.99,0.99,0.98,0,0
"DOLAR MEP",1188.6,1193.43,1182.84,1193.22,2025-06-04,1193.22,1749006000,0.99,0.99,0.98,0,0
"DOLAR MEP",1193.22,1193.8,1189.45,1192.38,2025-06-05,1192.38,1749092400,1,1,1,0,0
"DOLAR MEP",1193.53,1195.32,1189.51,1192.4,2025-06-06,1192.4,1749178800,1,1,1,0,0
"DOLAR MEP",1192.27,1193.01,1189.52,1192.16,2025-06-09,1192.16,1749438000,0.99,1,0.99,0,0
"DOLAR MEP",1187.85,1195.15,1184.01,1189.44,2025-06-10,1189.44,1749524400,0.99,1,0.99,0,0
"DOLAR MEP",1191.38,1191.79,1186.76,1186.93,2025-06-11,1186.93,1749610800,1,1,0.99,0,0
"DOLAR MEP",1186.93,1193.35,1185.57,1186.51,2025-06-12,1186.51,1749697200,1,1.01,1,0,0
"DOLAR MEP",1192.21,1198.03,1188.8,1191.06,2025-06-13,1191.06,1749783600,0.99,0.99,0.99,0,0
"DOLAR MEP",1193.36,1193.36,1189.1,1190.37,2025-06-17,1190.37,1750129200,0.99,0.99,0.99,0,0
"DOLAR MEP",1177.58,1177.58,1157.73,1167.07,2025-06-18,1167.07,1750215600,1,1,0.99,0,0
"DOLAR MEP",1167.88,1178.07,1166.89,1174.03,2025-06-19,1174.03,1750302000,1.01,1.02,1.01,0,0
"DOLAR MEP",1166.84,1188.48,1164.13,1185.15,2025-06-23,1185.15,1750647600,0.99,1,0.98,0,0
"DOLAR MEP",1184.78,1193.42,1180.18,1184.49,2025-06-24,1184.49,1750734000,1,1.01,1,0,0
"DOLAR MEP",1184.57,1197.24,1177,1196.43,2025-06-25,1196.43,1750820400,0.99,1,0.98,0,0
"DOLAR MEP",1202.09,1204.29,1193.09,1199.28,2025-06-26,1199.28,1750906800,1,1,0.99,0,0
"DOLAR MEP",1198.79,1201.94,1191.46,1197.54,2025-06-27,1197.54,1750993200,1,1,0.99,0,0
"DOLAR MEP",1199.45,1213.21,1195.01,1211.1,2025-06-30,1211.1,1751252400,0.99,1,0.99,0,0
"DOLAR MEP",1206.72,1232.83,1205.81,1232.83,2025-07-01,1232.83,1751338800,0.98,1,0.98,0,0
"DOLAR MEP",1244.3,1245.76,1230.76,1238.6,2025-07-02,1238.6,1751425200,1.01,1.01,1,0,0
"DOLAR MEP",1239.18,1240.11,1227.68,1238.37,2025-07-03,1238.37,1751511600,1,1,0.99,0,0
"DOLAR MEP",1242.77,1249.86,1236.93,1246.92,2025-07-04,1246.92,1751598000,0.99,1,0.99,0,0
"DOLAR MEP",1246.92,1278.76,1246.52,1276.44,2025-07-07,1276.44,1751857200,0.97,1,0.97,0,0
"DOLAR MEP",1276.44,1284.26,1256.73,1259.09,2025-07-08,1259.09,1751943600,1.01,1.02,1,0,0
"DOLAR MEP",1259.09,1259.09,1259.09,1259.09,2025-07-09,1259.09,1752030000,0.99,0.99,0.99,0,0
"DOLAR MEP",1259.09,1274.35,1259.09,1267.87,2025-07-10,1267.87,1752116400,0.99,1,0.99,0,0
"DOLAR MEP",1267.87,1275.28,1264.1,1269.1,2025-07-11,1269.1,1752202800,0.99,1,0.99,0,0
"DOLAR MEP",1269.1,1295.84,1266.72,1295.84,2025-07-14,1295.84,1752462000,0.98,1,0.98,0,0
"DOLAR MEP",1295.84,1298.99,1269.49,1276.07,2025-07-15,1276.07,1752548400,1.01,1.02,0.99,0,0
"DOLAR MEP",1276.07,1276.24,1254.78,1269.99,2025-07-16,1269.99,1752634800,1,1,0.98,0,0
"DOLAR MEP",1269.99,1282.53,1265.28,1280.96,2025-07-17,1280.96,1752721200,0.99,1,0.98,0,0
"DOLAR MEP",1280.96,1296.29,1280.96,1292.87,2025-07-18,1292.87,1752807600,0.98,1,0.98,0,0
"DOLAR MEP",1292.87,1298.13,1280.54,1281.33,2025-07-21,1281.33,1753066800,1,1.01,0.99,0,0
"DOLAR MEP",1281.33,1287.29,1253.74,1260.71,2025-07-22,1260.71,1753153200,1.02,1.02,1,0,0
"DOLAR MEP",1260.71,1271.63,1260.71,1264.65,2025-07-23,1264.65,1753239600,1,1,1,0,0
"DOLAR MEP",1264.65,1274.22,1260.11,1272.91,2025-07-24,1272.91,1753326000,0.99,1,0.99,0,0
"DOLAR MEP",1272.91,1289.08,1272.62,1285.98,2025-07-25,1285.98,1753412400,0.98,1,0.98,0,0
"DOLAR MEP",1285.98,1296.26,1283.46,1296.25,2025-07-28,1296.25,1753671600,0.99,1,0.99,0,0
"DOLAR MEP",1296.25,1303.89,1290.39,1294.45,2025-07-29,1294.45,1753758000,1,1.01,1,0,0
"DOLAR MEP",1294.45,1322.36,1290.95,1322.36,2025-07-30,1322.36,1753844400,0.98,1,0.98,0,0
"DOLAR MEP",1322.36,1373.89,1322.36,1359.76,2025-07-31,1359.76,1753930800,0.97,1.01,0.97,0,0
"DOLAR MEP",1359.76,1371.11,1335.89,1357.56,2025-08-01,1357.56,1754017200,0.99,1,0.98,0,0
"DOLAR MEP",1357.56,1365.66,1353.33,1356.15,2025-08-04,1356.15,1754276400,1,1,0.99,0,0
"DOLAR MEP",1356.15,1356.26,1338.03,1344.27,2025-08-05,1344.27,1754362800,1.01,1.01,0.99,0,0
"DOLAR MEP",1344.27,1344.27,1332.78,1334.88,2025-08-06,1334.88,1754449200,1,1,1,0,0
"DOLAR MEP",1334.88,1339.85,1327.64,1327.8,2025-08-07,1327.8,1754535600,1,1,0.99,0,0
"DOLAR MEP",1327.8,1333.67,1326.96,1332.23,2025-08-08,1332.23,1754622000,0.99,1,0.99,0,0
"DOLAR MEP",1332.23,1338.7,1323.44,1324.65,2025-08-11,1324.65,1754881200,1,1.01,1,0,0
"DOLAR MEP",1324.65,1328.3,1319.21,1323.46,2025-08-12,1323.46,1754967600,1,1,1,0,0
"DOLAR MEP",1323.46,1326.67,1315.56,1318.72,2025-08-13,1318.72,1755054000,1,1.01,1,0,0
"DOLAR MEP",1318.72,1324.73,1308.13,1308.13,2025-08-14,1308.13,1755140400,1.01,1.01,1,0,0
"DOLAR MEP",1308.13,1308.13,1308.13,1308.13,2025-08-15,1308.13,1755226800,1.01,1.01,1.01,0,0
"DOLAR MEP",1308.13,1309.5,1294.36,1301.06,2025-08-18,1301.06,1755486000,1,1,0.99,0,0
"DOLAR MEP",1301.39,1302.28,1295.01,1297.02,2025-08-19,1297.02,1755572400,1,1,0.99,0,0
"DOLAR MEP",1296.37,1312.85,1296.37,1309.6,2025-08-20,1309.6,1755658800,0.99,1,0.99,0,0
"DOLAR MEP",1307.86,1322.04,1301.47,1321.87,2025-08-21,1321.87,1755745200,0.99,1,0.98,0,0
"DOLAR MEP",1323.26,1338.89,1323.26,1329.08,2025-08-22,1329.08,1755831600,0.99,1,0.99,0,0
"DOLAR MEP",1338.76,1362.22,1337.86,1362.22,2025-08-25,1362.22,1756090800,0.98,1,0.98,0,0
"DOLAR MEP",1360.31,1361.9,1346.91,1352.46,2025-08-26,1352.46,1756177200,1,1.01,0.99,0,0
"DOLAR MEP",1352.46,1369.15,1351.13,1358.27,2025-08-27,1358.27,1756263600,1,1.01,1,0,0
"DOLAR MEP",1358.27,1358.27,1336.62,1344.05,2025-08-28,1344.05,1756350000,1.01,1.01,0.99,0,0
"DOLAR MEP",1344.05,1357.57,1319.18,1357.34,2025-08-29,1357.34,1756436400,0.99,1,0.97,0,0
"DOLAR MEP",1357.34,1381.97,1354.68,1376.49,2025-09-01,1376.49,1756695600,0.98,0.99,0.97,0,0
"DOLAR MEP",1376.49,1382,1360.64,1365.62,2025-09-02,1365.62,1756782000,1,1.01,0.99,0,0
"DOLAR MEP",1365.62,1375.48,1360.43,1370.14,2025-09-03,1370.14,1756868400,1,1,0.99,0,0
"DOLAR MEP",1370.14,1378.94,1366.89,1378.31,2025-09-04,1378.31,1756954800,0.99,1,0.99,0,0
"DOLAR MEP",1378.31,1387.2,1374.54,1383.33,2025-09-05,1383.33,1757041200,0.99,1,0.99,0,0
"DOLAR MEP",1383.33,1497.26,1383.33,1434.92,2025-09-08,1434.92,1757300400,0.96,1.04,0.96,0,0
"DOLAR MEP",1434.92,1436.16,1423.88,1430.74,2025-09-09,1430.74,1757386800,1,1,0.99,0,0
"DOLAR MEP",1430.74,1430.74,1414.63,1428.49,2025-09-10,1428.49,1757473200,1,1,0.98,0,0
"DOLAR MEP",1428.49,1451.12,1423.66,1451.12,2025-09-11,1451.12,1757559600,0.99,1,0.98,0,0
"DOLAR MEP",1451.12,1471.48,1444.47,1468.46,2025-09-12,1468.46,1757646000,0.98,0.99,0.98,0,0
"DOLAR MEP",1468.46,1488.06,1466.44,1488.06,2025-09-15,1488.06,1757905200,0.98,0.99,0.98,0,0
"DOLAR MEP",1488.06,1488.06,1464.86,1469.91,2025-09-16,1469.91,1757991600,1,1,0.99,0,0
"DOLAR MEP",1469.91,1489.05,1456.67,1486.47,2025-09-17,1486.47,1758078000,0.98,0.99,0.97,0,0
"DOLAR MEP",1486.47,1542.44,1477.05,1535.4,2025-09-18,1535.4,1758164400,0.95,0.99,0.94,0,0
"DOLAR MEP",1535.4,1557.5,1516.19,1551.03,2025-09-19,1551.03,1758250800,0.98,0.99,0.97,0,0
"DOLAR MEP",1551.03,1551.03,1421.48,1427.51,2025-09-22,1427.51,1758510000,1.08,1.08,0.99,0,0
"DOLAR MEP",1427.51,1427.51,1363.32,1405.02,2025-09-23,1405.02,1758596400,1.01,1.01,0.96,0,0
"DOLAR MEP",1405.02,1405.02,1336,1369.47,2025-09-24,1369.47,1758682800,1.01,1.01,0.96,0,0
"DOLAR MEP",1369.47,1380.58,1355.7,1380.13,2025-09-25,1380.13,1758769200,0.98,0.98,0.97,0,0
"DOLAR MEP",1380.13,1443.28,1366.92,1431.44,2025-09-26,1431.44,1758855600,0.94,0.98,0.93,0,0
"DOLAR MEP",1431.44,1456.92,1431.33,1454.91,2025-09-29,1454.91,1759114800,0.96,0.97,0.96,0,0
"DOLAR MEP",1454.91,1501.46,1448.94,1494.02,2025-09-30,1494.02,1759201200,0.94,0.97,0.94,0,0
"DOLAR MEP",1494.02,1532.5,1494.02,1523,2025-10-01,1523,1759287600,0.95,0.97,0.95,0,0
"DOLAR MEP",1523,1529.73,1492.97,1500,2025-10-02,1500,1759374000,0.98,0.99,0.96,0,0
"DOLAR MEP",1500,1516.37,1479.43,1498.81,2025-10-03,1498.81,1759460400,0.98,0.99,0.97,0,0
"DOLAR MEP",1498.81,1505.31,1481.88,1499.11,2025-10-06,1499.11,1759719600,0.99,0.99,0.98,0,0
"DOLAR MEP",1499.11,1536.29,1490.76,1533.95,2025-10-07,1533.95,1759806000,0.96,0.98,0.96,0,0
"DOLAR MEP",1533.95,1540.14,1517.5,1527.95,2025-10-08,1527.95,1759892400,0.99,1,0.98,0,0
"DOLAR MEP",1527.95,1536.7,1438.29,1440.81,2025-10-09,1440.81,1759978800,1.05,1.06,0.99,0,0
"DOLAR MEP",1440.81,1440.81,1440.81,1440.81,2025-10-10,1440.81,1760065200,1,1,1,0,0
"DOLAR MEP",1440.81,1440.81,1365.87,1409.92,2025-10-13,1409.92,1760324400,1,1,0.95,0,0
"DOLAR MEP",1409.92,1454.99,1400.76,1454.99,2025-10-14,1454.99,1760410800,0.96,0.99,0.95,0,0
"DOLAR MEP",1454.99,1454.99,1424.47,1441.77,2025-10-15,1441.77,1760497200,1,1,0.97,0,0
"DOLAR MEP",1441.77,1482.26,1433.98,1473.52,2025-10-16,1473.52,1760583600,0.97,0.99,0.96,0,0
"DOLAR MEP",1473.52,1541.49,1468.5,1541.49,2025-10-17,1541.49,1760670000,0.95,1,0.95,0,0
"DOLAR MEP",1541.49,1555.3,1525.31,1552.82,2025-10-20,1552.82,1760929200,0.98,0.99,0.97,0,0
"DOLAR MEP",1552.82,1594.32,1541.93,1591.57,2025-10-21,1591.57,1761015600,0.97,0.99,0.96,0,0
"DOLAR MEP",1591.57,1600.11,1582.41,1592.99,2025-10-22,1592.99,1761102000,0.99,0.99,0.98,0,0
"DOLAR MEP",1592.99,1592.99,1529.6,1533.7,2025-10-23,1533.7,1761188400,1.03,1.03,0.99,0,0
"DOLAR MEP",1533.7,1549.97,1518.81,1549.44,2025-10-24,1549.44,1761274800,0.98,0.99,0.97,0,0
"DOLAR MEP",1549.44,1549.44,1363.99,1440.79,2025-10-27,1440.79,1761534000,1.06,1.06,0.93,0,0
"DOLAR MEP",1440.79,1482.92,1440.79,1477.87,2025-10-28,1477.87,1761620400,0.97,1,0.97,0,0
"DOLAR MEP",1477.87,1477.87,1457.52,1475.21,2025-10-29,1475.21,1761706800,0.99,0.99,0.98,0,0
"DOLAR MEP",1475.21,1475.21,1462.36,1470.6,2025-10-30,1470.6,1761793200,0.99,0.99,0.98,0,0
"DOLAR MEP",1470.6,1486.61,1467.91,1477.46,2025-10-31,1477.46,1761879600,0.98,0.99,0.97,0,0
"DOLAR MEP",1477.46,1516.8,1471.83,1500.47,2025-11-03,1500.47,1762138800,0.97,1,0.97,0,0
"DOLAR MEP",1500.47,1504.56,1486.01,1495.58,2025-11-04,1495.58,1762225200,0.99,0.99,0.98,0,0
"DOLAR MEP",1495.58,1495.58,1478.74,1478.74,2025-11-05,1478.74,1762311600,1,1,0.99,0,0
"DOLAR MEP",1478.74,1485.63,1473.5,1480.23,2025-11-06,1480.23,1762398000,0.99,0.99,0.99,0,0
"DOLAR MEP",1480.23,1486.76,1450.27,1454.69,2025-11-07,1454.69,1762484400,1.01,1.01,0.99,0,0
"DOLAR MEP",1454.69,1464.51,1436.95,1458.18,2025-11-10,1458.18,1762743600,0.98,0.99,0.97,0,0
"DOLAR MEP",1458.18,1461.51,1450.62,1455.43,2025-11-11,1455.43,1762830000,0.99,0.99,0.98,0,0
"DOLAR MEP",1455.43,1459.57,1437.81,1451.89,2025-11-12,1451.89,1762916400,0.99,0.99,0.97,0,0
"DOLAR MEP",1451.89,1462.27,1446.72,1462.04,2025-11-13,1462.04,1763002800,0.98,0.98,0.97,0,0
"DOLAR MEP",1462.04,1476.49,1450.79,1451.17,2025-11-14,1451.17,1763089200,0.99,0.99,0.98,0,0
"DOLAR MEP",1451.17,1455.02,1443.9,1448.93,2025-11-17,1448.93,1763348400,0.97,0.97,0.97,0,0
"DOLAR MEP",1448.93,1450.39,1435.68,1440.51,2025-11-18,1440.51,1763434800,0.98,0.99,0.98,0,0
"DOLAR MEP",1440.51,1445.06,1432.46,1441.13,2025-11-19,1441.13,1763521200,0.98,0.98,0.97,0,0
"DOLAR MEP",1441.13,1454.99,1438.82,1452.76,2025-11-20,1452.76,1763607600,0.97,0.98,0.96,0,0
"DOLAR MEP",1452.76,1471.5,1442.64,1460.35,2025-11-21,1460.35,1763694000,0.97,0.98,0.96,0,0
"DOLAR MEP",1460.35,1460.35,1460.35,1460.35,2025-11-24,1460.35,1763953200,0.97,0.97,0.97,0,0
"DOLAR MEP",1460.35,1482.67,1459.41,1480.68,2025-11-25,1480.68,1764039600,0.96,0.97,0.96,0,0
"DOLAR MEP",1480.68,1489.87,1480.61,1487.55,2025-11-26,1487.55,1764126000,0.97,0.97,0.97,0,0
"DOLAR MEP",1487.55,1487.69,1478.27,1481.82,2025-11-27,1481.82,1764212400,0.98,0.98,0.97,0,0
"DOLAR MEP",1481.82,1496.89,1472.67,1476.42,2025-11-28,1476.42,1764298800,0.98,0.99,0.97,0,0
"DOLAR MEP",1476.42,1487.06,1468.18,1475.23,2025-12-01,1475.23,1764558000,0.99,0.99,0.98,0,0
"DOLAR MEP",1475.23,1482.96,1472.97,1477.35,2025-12-02,1477.35,1764644400,0.97,0.98,0.97,0,0
"DOLAR MEP",1477.35,1477.36,1470.06,1470.3,2025-12-03,1470.3,1764730800,0.98,0.98,0.97,0,0
"DOLAR MEP",1470.3,1473.5,1462.61,1470,2025-12-04,1470,1764817200,0.97,0.98,0.97,0,0
"DOLAR MEP",1470,1481.18,1460.15,1474.54,2025-12-05,1474.54,1764903600,0.97,0.98,0.97,0,0
"DOLAR MEP",1474.54,1474.54,1474.54,1474.54,2025-12-08,1474.54,1765162800,0.98,0.98,0.98,0,0
"DOLAR MEP",1474.54,1478.03,1465.23,1468.72,2025-12-09,1468.72,1765249200,0.98,0.98,0.97,0,0
"DOLAR MEP",1468.72,1473.21,1459.31,1471.35,2025-12-10,1471.35,1765335600,0.98,0.98,0.97,0,0
"DOLAR MEP",1471.35,1479.33,1469.23,1476.11,2025-12-11,1476.11,1765422000,0.98,0.98,0.97,0,0
"DOLAR MEP",1476.11,1482.95,1475.26,1478.73,2025-12-12,1478.73,1765508400,0.98,0.98,0.98,0,0
"DOLAR MEP",1478.73,1497.75,1472.93,1492.01,2025-12-15,1492.01,1765767600,0.97,0.98,0.96,0,0
"DOLAR MEP",1492.01,1505.46,1489.22,1504.3,2025-12-16,1504.3,1765854000,0.97,0.97,0.96,0,0
"DOLAR MEP",1504.3,1516.37,1496.35,1514.14,2025-12-17,1514.14,1765940400,0.97,0.97,0.96,0,0
"DOLAR MEP",1514.14,1514.14,1489.97,1498.58,2025-12-18,1498.58,1766026800,0.98,0.98,0.96,0,0
"DOLAR MEP",1498.58,1505.59,1494.41,1494.62,2025-12-19,1494.62,1766113200,0.96,0.97,0.96,0,0
"DOLAR MEP",1494.62,1505.11,1489.94,1493.06,2025-12-22,1493.06,1766372400,0.97,0.98,0.97,0,0
"DOLAR MEP",1493.06,1499.4,1478.99,1479.44,2025-12-23,1479.44,1766458800,0.98,0.98,0.97,0,0
"DOLAR MEP",1479.44,1484.74,1477.97,1481.63,2025-12-24,1481.63,1766545200,0.97,0.97,0.97,0,0
"DOLAR MEP",1481.63,1481.63,1481.63,1481.63,2025-12-25,1481.63,1766631600,0.97,0.97,0.97,0,0
"DOLAR MEP",1481.63,1490.51,1479.1,1486.11,2025-12-26,1486.11,1766718000,0.97,0.97,0.97,0,0
"DOLAR MEP",1486.11,1493.28,1484.35,1484.35,2025-12-29,1484.35,1766977200,0.97,0.98,0.97,0,0
"DOLAR MEP",1484.35,1496.86,1480.74,1480.74,2025-12-30,1480.74,1767063600,0.98,0.98,0.97,0,0
"DOLAR MEP",1480.74,1480.74,1480.74,1480.74,2025-12-31,1480.74,1767150000,0.97,0.97,0.97,0,0
"DOLAR MEP",1480.74,1480.74,1480.74,1480.74,2026-01-01,1480.74,1767236400,0.97,0.97,0.97,0,0
"DOLAR MEP",1480.74,1507.03,1480.74,1506.21,2026-01-02,1506.21,1767322800,0.96,0.97,0.96,0,0
"DOLAR MEP",1506.21,1509.75,1498.43,1501.49,2026-01-05,1501.49,1767582000,0.98,0.98,0.97,0,0
"DOLAR MEP",1501.49,1503.44,1495.01,1498.06,2026-01-06,1498.06,1767668400,0.98,0.98,0.97,0,0
"DOLAR MEP",1498.06,1500.97,1492.25,1494.56,2026-01-07,1494.56,1767754800,0.98,0.98,0.97,0,0
"DOLAR MEP",1494.56,1528.12,1489.88,1494.11,2026-01-08,1494.11,1767841200,0.98,1,0.97,0,0
"DOLAR MEP",1494.11,1498.12,1480.79,1489.42,2026-01-09,1489.42,1767927600,0.98,0.98,0.97,0,0
"DOLAR MEP",1489.42,1497.2,1486.61,1487.89,2026-01-12,1487.89,1768186800,0.97,0.98,0.97,0,0
"DOLAR MEP",1487.89,1493.45,1484.26,1487.11,2026-01-13,1487.11,1768273200,0.98,0.98,0.97,0,0
"DOLAR MEP",1487.11,1488.94,1479.78,1481.74,2026-01-14,1481.74,1768359600,0.97,0.97,0.97,0,0
"DOLAR MEP",1481.74,1485.21,1464.4,1473.83,2026-01-15,1473.83,1768446000,0.98,0.98,0.97,0,0
"DOLAR MEP",1473.83,1480.32,1469.88,1472.15,2026-01-16,1472.15,1768532400,0.97,0.97,0.97,0,0
"DOLAR MEP",1472.15,1473.34,1465.74,1466.7,2026-01-19,1466.7,1768791600,0.97,0.97,0.97,0,0
"DOLAR MEP",1466.7,1472.41,1466.7,1471.72,2026-01-20,1471.72,1768878000,0.97,0.97,0.97,0,0
"DOLAR MEP",1471.72,1473.47,1463.03,1463.7,2026-01-21,1463.7,1768964400,0.98,0.98,0.97,0,0
"DOLAR MEP",0,0,0,1458.81,2026-01-22,1458.81,1769050800,0,0,0,0,0
"DOLAR MEP",1458.81,1469.61,1457.55,1469.38,2026-01-23,1469.38,1769137200,0.97,0.98,0.97,0,0
"DOLAR MEP",1469.38,1476.88,1465.63,1468.93,2026-01-26,1468.93,1769396400,0.97,0.97,0.97,0,0
"DOLAR MEP",1468.93,1474.74,1462.68,1464.66,2026-01-27,1464.66,1769482800,0.98,0.98,0.97,0,0
"DOLAR MEP",1464.66,1465.97,1457.47,1462.35,2026-01-28,1462.35,1769569200,0.98,0.98,0.97,0,0
"DOLAR MEP",1462.35,1466.1,1458.88,1458.88,2026-01-29,1458.88,1769655600,0.97,0.97,0.96,0,0
"DOLAR MEP",1458.88,1466.73,1451.72,1460.32,2026-01-30,1460.32,1769742000,0.98,0.98,0.97,0,0
"DOLAR MEP",1460.32,1474.73,1450.07,1450.23,2026-02-02,1450.23,1770001200,0.98,0.99,0.97,0,0
"DOLAR MEP",1450.23,1460.38,1447.24,1460.38,2026-02-03,1460.38,1770087600,0.97,0.98,0.97,0,0
"DOLAR MEP",1460.38,1461.23,1455.88,1457.29,2026-02-04,1457.29,1770174000,0.98,0.98,0.97,0,0
"DOLAR MEP",1457.29,1470.6,1456.51,1460.8,2026-02-05,1460.8,1770260400,0.97,0.98,0.97,0,0
"DOLAR MEP",1460.8,1472.72,1447.06,1447.99,2026-02-06,1447.99,1770346800,0.98,0.99,0.97,0,0
"DOLAR MEP",1447.99,1454.34,1436.46,1438.54,2026-02-09,1438.54,1770606000,0.98,0.98,0.97,0,0
"DOLAR MEP",1438.54,1440.42,1424.04,1432.85,2026-02-10,1432.85,1770692400,0.97,0.97,0.96,0,0
"DOLAR MEP",1432.85,1436.74,1422.03,1431.68,2026-02-11,1431.68,1770778800,0.97,0.97,0.96,0,0
"DOLAR MEP",1431.68,1437.63,1414.01,1417.81,2026-02-12,1417.81,1770865200,0.97,0.97,0.95,0,0
"DOLAR MEP",1417.81,1429.08,1417.81,1423.6,2026-02-13,1423.6,1770951600,0.96,0.97,0.96,0,0
"DOLAR MEP",1423.6,1423.6,1423.6,1423.6,2026-02-16,1423.6,1771210800,0.97,0.97,0.97,0,0
"DOLAR MEP",1423.6,1423.6,1423.6,1423.6,2026-02-17,1423.6,1771297200,0.98,0.98,0.98,0,0
"DOLAR MEP",1423.6,1429.03,1411.83,1415.69,2026-02-18,1415.69,1771383600,0.98,0.99,0.98,0,0
"DOLAR MEP",0,0,0,1409.07,2026-02-19,1409.07,1771470000,0,0,0,0,0
"DOLAR MEP",1409.07,1412.83,1400.49,1402.08,2026-02-20,1402.08,1771556400,0.98,0.98,0.97,0,0
"DOLAR MEP",1402.08,1416.72,1392,1394.84,2026-02-23,1394.84,1771815600,0.97,0.98,0.97,0,0
"DOLAR MEP",1394.84,1407.7,1388.53,1405.08,2026-02-24,1405.08,1771902000,0.97,0.97,0.96,0,0
"DOLAR MEP",1405.08,1425.86,1405.08,1425.86,2026-02-25,1425.86,1771988400,0.96,0.97,0.96,0,0
"DOLAR MEP",1425.86,1446.55,1425.86,1437.58,2026-02-26,1437.58,1772074800,0.96,0.98,0.96,0,0
"DOLAR MEP",1437.58,1442.32,1419.54,1419.54,2026-02-27,1419.54,1772161200,0.98,0.99,0.97,0,0
"DOLAR MEP",1419.54,1431.95,1411.46,1413.54,2026-03-02,1413.54,1772420400,0.97,0.98,0.96,0,0
"DOLAR MEP",1413.54,1444.39,1413.54,1434.11,2026-03-03,1434.11,1772506800,0.95,0.97,0.95,0,0
"DOLAR MEP",1434.11,1441.52,1408.51,1427.7,2026-03-04,1427.7,1772593200,0.97,0.98,0.96,0,0
"DOLAR MEP",1427.7,1433.92,1421.03,1433.21,2026-03-05,1433.21,1772679600,0.97,0.98,0.97,0,0
"DOLAR MEP",1433.21,1443.43,1421.07,1437.53,2026-03-06,1437.53,1772766000,0.97,0.98,0.96,0,0
"DOLAR MEP",1437.53,1446.87,1429.21,1430.17,2026-03-09,1430.17,1773025200,0.98,0.98,0.97,0,0
"DOLAR MEP",1430.17,1430.17,1416.82,1422.12,2026-03-10,1422.12,1773111600,0.98,0.98,0.97,0,0
"DOLAR MEP",1422.12,1423,1412.21,1413.8,2026-03-11,1413.8,1773198000,0.98,0.98,0.97,0,0
"DOLAR MEP",1413.8,1422.36,1412.03,1415.52,2026-03-12,1415.52,1773284400,0.97,0.98,0.97,0,0
"DOLAR MEP",1415.52,1424.34,1405.61,1424.34,2026-03-13,1424.34,1773370800,0.96,0.97,0.96,0,0
"DOLAR MEP",1424.34,1425.08,1417.76,1424.92,2026-03-16,1424.92,1773630000,0.97,0.97,0.96,0,0
"DOLAR MEP",1424.92,1425.87,1404.1,1417.3,2026-03-17,1417.3,1773716400,0.97,0.97,0.96,0,0
"DOLAR MEP",1417.3,1426.94,1415.84,1420.38,2026-03-18,1420.38,1773802800,0.96,0.97,0.96,0,0
"DOLAR MEP",1420.38,1425.65,1418.13,1421.08,2026-03-19,1421.08,1773889200,0.97,0.97,0.97,0,0
"DOLAR MEP",1421.08,1426.56,1399.61,1422.13,2026-03-20,1422.13,1773975600,0.97,0.97,0.95,0,0
"DOLAR MEP",1422.13,1422.53,1407.67,1415.68,2026-03-23,1415.68,1774234800,0.97,0.97,0.96,0,0
"DOLAR MEP",1415.68,1415.68,1415.68,1415.68,2026-03-24,1415.68,1774321200,0.96,0.96,0.96,0,0
"DOLAR MEP",1415.68,1416.48,1403.63,1404.55,2026-03-25,1404.55,1774407600,0.97,0.97,0.97,0,0
"DOLAR MEP",1404.55,1407.06,1396.72,1401.28,2026-03-26,1401.28,1774494000,0.97,0.97,0.97,0,0
"DOLAR MEP",1401.28,1430.67,1401.05,1429.73,2026-03-27,1429.73,1774580400,0.95,0.97,0.95,0,0
"DOLAR MEP",1429.73,1433.93,1419.61,1432.51,2026-03-30,1432.51,1774839600,0.96,0.96,0.96,0,0
"DOLAR MEP",1432.51,1432.51,1420.03,1422.84,2026-03-31,1422.84,1774926000,0.97,0.97,0.96,0,0
"DOLAR MEP",1422.84,1434.92,1420.59,1434.04,2026-04-01,1434.04,1775012400,0.96,0.96,0.95,0,0
"DOLAR MEP",1434.04,1434.04,1434.04,1434.04,2026-04-02,1434.04,1775098800,0.97,0.97,0.97,0,0
"DOLAR MEP",1434.04,1434.04,1434.04,1434.04,2026-04-03,1434.04,1775185200,0.97,0.97,0.97,0,0
"DOLAR MEP",1434.04,1434.06,1418.31,1429.57,2026-04-06,1429.57,1775444400,0.97,0.97,0.96,0,0
"DOLAR MEP",1429.57,1436.02,1426.53,1430.16,2026-04-07,1430.16,1775530800,0.96,0.97,0.96,0,0
"DOLAR MEP",1430.16,1431.45,1417.84,1424.45,2026-04-08,1424.45,1775617200,0.97,0.97,0.96,0,0
"DOLAR MEP",1424.45,1426.21,1409.24,1420.86,2026-04-09,1420.86,1775703600,0.96,0.97,0.95,0,0
"DOLAR MEP",1420.86,1426.01,1412.5,1412.5,2026-04-10,1412.5,1775790000,0.96,0.97,0.96,0,0
"DOLAR MEP",1412.5,1424.44,1399.12,1404.47,2026-04-13,1404.47,1776049200,0.96,0.97,0.95,0,0
"DOLAR MEP",1404.47,1412.77,1395.1,1412.09,2026-04-14,1412.09,1776135600,0.95,0.96,0.95,0,0
"DOLAR MEP",1412.09,1414.42,1397.81,1398.53,2026-04-15,1398.53,1776222000,0.97,0.97,0.96,0,0
"DOLAR MEP",1398.53,1406.23,1398,1406.23,2026-04-16,1406.23,1776308400,0.96,0.97,0.96,0,0
"DOLAR MEP",1406.23,1413.31,1390.58,1412.53,2026-04-17,1412.53,1776394800,0.96,0.97,0.95,0,0
"DOLAR MEP",1412.53,1418.25,1407.14,1414.73,2026-04-20,1414.73,1776654000,0.97,0.97,0.97,0,0
"DOLAR MEP",1414.73,1420.13,1409.53,1414.42,2026-04-21,1414.42,1776740400,0.96,0.96,0.96,0,0
"DOLAR MEP",1414.42,1420.93,1413.68,1419.84,2026-04-22,1419.84,1776826800,0.96,0.96,0.96,0,0
"DOLAR MEP",1419.84,1425.11,1412.7,1424.4,2026-04-23,1424.4,1776913200,0.96,0.96,0.95,0,0
"DOLAR MEP",1424.4,1441.9,1424.4,1438.34,2026-04-24,1438.34,1776999600,0.95,0.96,0.95,0,0
"DOLAR MEP",1438.34,1461.73,1436.75,1461.73,2026-04-27,1461.73,1777258800,0.94,0.96,0.94,0,0
"DOLAR MEP",1461.73,1464.91,1444.8,1447.18,2026-04-28,1447.18,1777345200,0.97,0.98,0.96,0,0
"DOLAR MEP",1447.18,1465.95,1434.81,1435.6,2026-04-29,1435.6,1777431600,0.97,0.98,0.96,0,0
"DOLAR MEP",1435.6,1446.74,1426.67,1442.43,2026-04-30,1442.43,1777518000,0.96,0.96,0.95,0,0
"DOLAR MEP",1442.43,1442.43,1442.43,1442.43,2026-05-01,1442.43,1777604400,0.96,0.96,0.96,0,0
"DOLAR MEP",1442.43,1447.92,1432.81,1440.54,2026-05-04,1440.54,1777863600,0.96,0.97,0.96,0,0
"DOLAR MEP",1440.54,1440.94,1428.8,1429.65,2026-05-05,1429.65,1777950000,0.97,0.97,0.97,0,0
"DOLAR MEP",1429.65,1429.65,1421.84,1427.88,2026-05-06,1427.88,1778036400,0.97,0.97,0.96,0,0
"DOLAR MEP",1427.88,1431.36,1421.76,1427.48,2026-05-07,1427.48,1778122800,0.96,0.96,0.96,0,0
"DOLAR MEP",1427.48,1434.25,1425.68,1427.13,2026-05-08,1427.13,1778209200,0.96,0.97,0.96,0,0
"DOLAR MEP",1427.13,1433.21,1425.02,1425.02,2026-05-11,1425.02,1778468400,0.96,0.97,0.96,0,0
"DOLAR MEP",1425.02,1429.51,1418.58,1418.91,2026-05-12,1418.91,1778554800,0.97,0.97,0.96,0,0
"DOLAR MEP",1418.91,1428.84,1416.06,1425.77,2026-05-13,1425.77,1778641200,0.96,0.96,0.95,0,0
"DOLAR MEP",1425.77,1432.56,1418.5,1418.81,2026-05-14,1418.81,1778727600,0.96,0.97,0.96,0,0
"DOLAR MEP",1418.81,1430.47,1418.81,1426.5,2026-05-15,1426.5,1778814000,0.95,0.96,0.95,0,0
"DOLAR MEP",1426.5,1429.61,1424.7,1428.41,2026-05-18,1428.41,1779073200,0.96,0.96,0.96,0,0
"DOLAR MEP",1428.41,1434.47,1428.21,1433.99,2026-05-19,1433.99,1779159600,0.96,0.96,0.96,0,0
"DOLAR MEP",1433.99,1435.02,1429.31,1431.71,2026-05-20,1431.71,1779246000,0.96,0.96,0.96,0,0
"DOLAR MEP",1431.71,1436.12,1422.48,1426.11,2026-05-21,1426.11,1779332400,0.97,0.97,0.96,0,0
"DOLAR MEP",1426.11,1431.92,1422.82,1431.92,2026-05-22,1431.92,1779418800,0.96,0.96,0.96,0,0
"DOLAR MEP",1431.92,1431.92,1431.92,1431.92,2026-05-25,1431.92,1779678000,0.96,0.96,0.96,0,0
"DOLAR MEP",1431.92,1435.03,1428.68,1432.61,2026-05-26,1432.61,1779764400,0.96,0.96,0.96,0,0
"DOLAR MEP",1432.61,1435.03,1427.21,1429.73,2026-05-27,1429.73,1779850800,0.97,0.97,0.96,0,0
"DOLAR MEP",1429.73,1433.89,1427.88,1432.63,2026-05-28,1432.63,1779937200,0.96,0.97,0.96,0,0
"DOLAR MEP",1432.63,1437.25,1427.95,1434.42,2026-05-29,1434.42,1780023600,0.96,0.97,0.96,0,0
"DOLAR MEP",1434.42,1441.3,1424.79,1438.6,2026-06-01,1438.6,1780282800,0.96,0.97,0.96,0,0
"DOLAR MEP",1438.6,1451.54,1438.6,1451.54,2026-06-02,1451.54,1780369200,0.96,0.96,0.96,0,0
"DOLAR MEP",1451.54,1462.58,1451,1461.18,2026-06-03,1461.18,1780455600,0.96,0.97,0.96,0,0
"DOLAR MEP",1461.18,1465.99,1454.06,1456.92,2026-06-04,1456.92,1780542000,0.96,0.97,0.96,0,0
"DOLAR MEP",1456.92,1464.03,1456.76,1458.79,2026-06-05,1458.79,1780628400,0.96,0.97,0.96,0,0
"DOLAR MEP",1458.79,1467.55,1458.75,1467.09,2026-06-08,1467.09,1780887600,0.96,0.96,0.96,0,0
"DOLAR MEP",1467.09,1468.97,1456.72,1457.96,2026-06-09,1457.96,1780974000,0.97,0.97,0.96,0,0
"DOLAR MEP",1457.96,1457.96,1448.84,1452.3,2026-06-10,1452.3,1781060400,0.97,0.97,0.96,0,0
"DOLAR MEP",1452.3,1456.77,1441.68,1449.23,2026-06-11,1449.23,1781146800,0.97,0.98,0.97,0,0
"DOLAR MEP",1449.23,1456.49,1447.6,1450.36,2026-06-12,1450.36,1781233200,0.97,0.98,0.97,0,0
"DOLAR MEP",1450.36,1450.36,1450.36,1450.36,2026-06-15,1450.36,1781492400,0.97,0.97,0.97,0,0
"DOLAR MEP",1450.36,1457.35,1446.83,1453.73,2026-06-16,1453.73,1781578800,0.97,0.97,0.97,0,0
"DOLAR MEP",1453.73,1461.63,1452.96,1461.63,2026-06-17,1461.63,1781665200,0.97,0.97,0.97,0,0
"DOLAR MEP",1461.63,1468.99,1461.41,1468.31,2026-06-18,1468.31,1781751600,0.97,0.97,0.97,0,0
"DOLAR MEP",1468.31,1481.19,1468.31,1477.03,2026-06-19,1477.03,1781838000,0.99,0.99,0.99,0,0
"DOLAR MEP",1477.03,1486.34,1462.43,1484.64,2026-06-22,1484.64,1782097200,0.97,0.97,0.96,0,0
"DOLAR MEP",1484.64,1511.42,1484.64,1506.68,2026-06-23,1506.68,1782183600,0.96,0.97,0.96,0,0
"DOLAR MEP",1506.68,1513.06,1500.08,1505.75,2026-06-24,1505.75,1782270000,0.95,0.96,0.95,0,0
"DOLAR MEP",1505.75,1506.91,1497.98,1499.38,2026-06-25,1499.38,1782356400,0.97,0.97,0.97,0,0
"DOLAR MEP",1499.38,1508.4,1495.33,1499.3,2026-06-26,1499.3,1782442800,0.97,0.98,0.97,0,0
"DOLAR MEP",1499.3,1511.19,1493.23,1509.87,2026-06-29,1509.87,1782702000,0.96,0.97,0.96,0,0
"DOLAR MEP",1509.87,1549.96,1508.18,1521.37,2026-06-30,1521.37,1782788400,0.97,1,0.97,0,0
"DOLAR MEP",1521.37,1530.58,1517.06,1521.03,2026-07-01,1521.03,1782874800,0.97,0.98,0.97,0,0
"DOLAR MEP",1521.03,1529.77,1513.74,1529.77,2026-07-02,1529.77,1782961200,0.97,0.97,0.96,0,0
"DOLAR MEP",1529.77,1530.48,1521.59,1524.53,2026-07-03,1524.53,1783047600,0.96,0.96,0.95,0,0
"DOLAR MEP",1524.53,1529.98,1519.4,1525.47,2026-07-06,1525.47,1783306800,0.97,0.97,0.97,0,0
"DOLAR MEP",1525.47,1530.9,1523.37,1529.19,2026-07-07,1529.19,1783393200,0.97,0.97,0.97,0,0
"DOLAR MEP",1529.19,1621.62,1524.91,1529.66,2026-07-08,1529.66,1783479600,0.97,1.03,0.97,0,0
"DOLAR MEP",1529.66,1529.66,1529.66,1529.66,2026-07-09,1529.66,1783566000,0.96,0.96,0.96,0,0
"DOLAR MEP",1529.66,1568.35,1517.72,1523.44,2026-07-10,1523.44,1783652400,0.98,1,0.97,0,0
"DOLAR MEP",1523.44,1529.34,1516.83,1519.76,2026-07-13,1519.76,1783911600,0.97,0.98,0.97,0,0
"DOLAR MEP",1519.76,1519.76,1505.87,1507.57,2026-07-14,1507.57,1783998000,0.98,0.98,0.97,0,0
"DOLAR MEP",1507.57,1515.91,1505.41,1514.11,2026-07-15,1514.11,1784084400,0.97,0.97,0.97,0,0
"DOLAR MEP",1514.11,1514.36,1502.3,1512.49,2026-07-16,1512.49,1784170800,0.97,0.97,0.96,0,0
"DOLAR MEP",1512.49,1520.98,1510.01,1519.39,2026-07-17,1519.39,1784257200,0.96,0.97,0.96,0,0
"DOLAR MEP",1519.39,1522.87,1511.91,1512.35,2026-07-20,1512.35,1784516400,0.97,0.97,0.96,0,0
"DOLAR MEP",1512.35,1515.52,1506.51,1509.85,2026-07-21,1509.85,1784602800,0.97,0.97,0.96,0,0
"DOLAR MEP",1509.85,1515.44,1507.89,1513.61,2026-07-22,1513.61,1784689200,0.96,0.97,0.96,0,0
"DOLAR MEP",1513.61,1519.46,1513.61,1519.12,2026-07-23,1519.12,1784775600,0.95,0.96,0.95,0,0
"DOLAR MEP",1519.12,1532.78,1518.4,1532.63,2026-07-24,1532.63,1784862000,0.95,0.96,0.95,0,0
"DOLAR MEP",1532.63,1537.24,1530.45,1533.04,2026-07-27,1533.04,1785121200,0.96,0.96,0.96,0,0
"DOLAR MEP",1533.04,1537.35,1527.78,1533.5,2026-07-28,1533.5,1785207600,0.96,0.96,0.95,0,0
"DOLAR MEP",1533.5,1533.62,1513.81,1524.06,2026-07-29,1524.06,1785294000,0.97,0.97,0.95,0,0
"DOLAR MEP",1524.06,1524.06,1506.83,1508.43,2026-07-30,1508.43,1785380400,0.98,0.98,0.97,0,0
"DOLAR MEP",1508.43,1520.43,1505.41,1517.67,2026-07-31,1517.67,1785466800,0.96,0.96,0.96,0,0
"DOLAR MEP",1517.67,1528.61,1512.59,1527.87,2026-08-03,1527.87,1785726000,0.96,0.97,0.96,0,0
"DOLAR MEP",1527.87,1531.06,1516.56,1520.94,2026-08-04,1520.94,1785812400,0.96,0.97,0.96,0,0
"DOLAR MEP",1520.94,1525.75,1518.21,1518.45,2026-08-05,1518.45,1785898800,0.96,0.96,0.96,0,0
"DOLAR MEP",1518.45,1523.63,1517.93,1520.28,2026-08-06,1520.28,1785985200,0.97,0.98,0.97,0,0
"DOLAR MEP",1520.28,1526.73,1515.4,1524.77,2026-08-07,1524.77,1786071600,0.96,0.96,0.96,0,0
"DOLAR MEP",1524.77,1543.29,1517.82,1526.26,2026-08-10,1526.26,1786330800,0.96,0.97,0.96,0,0
"DOLAR MEP",1526.26,1529.16,1520.71,1523.84,2026-08-11,1523.84,1786417200,0.95,0.95,0.94,0,0
"DOLAR MEP",1523.84,1528.07,1523.28,1525.19,2026-08-12,1525.19,1786503600,0.96,0.96,0.96,0,0
"DOLAR MEP",1525.19,1527.59,1520.41,1520.94,2026-08-13,1520.94,1786590000,0.97,0.97,0.96,0,0
"DOLAR MEP",1520.94,1528.61,1514.78,1514.78,2026-08-14,1514.78,1786676400,0.96,0.97,0.96,0,0
"DOLAR MEP",1514.78,1514.78,1514.78,1514.78,2026-08-17,1514.78,1786935600,0.96,0.96,0.96,0,0
"DOLAR MEP",1514.78,1524.7,1514.78,1517.76,2026-08-18,1517.76,1787022000,0.96,0.97,0.96,0,0
"DOLAR MEP",1517.76,1526.16,1514.75,1522.29,2026-08-19,1522.29,1787108400,0.96,0.97,0.96,0,0
"DOLAR MEP",1522.29,1535.08,1512.09,1524.57,2026-08-20,1524.57,1787194800,0.96,0.97,0.96,0,0
"DOLAR MEP",1524.57,1535.08,1523.03,1535.08,2026-08-21,1535.08,1787281200,0.96,0.96,0.95,0,0
"DOLAR MEP",1535.08,1543.36,1530.07,1538.43,2026-08-24,1538.43,1787540400,0.96,0.96,0.96,0,0
"DOLAR MEP",1538.43,1542.44,1538.09,1538.74,2026-08-25,1538.74,1787626800,0.96,0.96,0.96,0,0
"DOLAR MEP",1538.74,1545.47,1538.74,1542.96,2026-08-26,1542.96,1787713200,0.96,0.96,0.96,0,0
"DOLAR MEP",1542.96,1543.54,1534.97,1536.34,2026-08-27,1536.34,1787799600,0.96,0.96,0.96,0,0
"DOLAR MEP",1536.34,1542.17,1536.34,1537.49,2026-08-28,1537.49,1787886000,0.96,0.96,0.96,0,0
"DOLAR MEP",1537.49,1541.95,1533.15,1535.52,2026-08-31,1535.52,1788145200,0.96,0.97,0.96,0,0
"DOLAR MEP",1535.52,1538.74,1525.21,1532.71,2026-09-01,1532.71,1788231600,0.96,0.96,0.96,0,0
"DOLAR MEP",1532.71,1535.89,1529.14,1534.3,2026-09-02,1534.3,1788318000,0.96,0.97,0.96,0,0
"DOLAR MEP",1534.3,1534.3,1525.22,1528.13,2026-09-03,1528.13,1788404400,0.97,0.97,0.96,0,0
"DOLAR MEP",1528.13,1533.27,1521.62,1525.39,2026-09-04,1525.39,1788490800,0.97,0.97,0.96,0,0
"DOLAR MEP",1525.39,1528.21,1517.48,1528.21,2026-09-07,1528.21,1788750000,0.97,0.97,0.97,0,0
"DOLAR MEP",1528.21,1529.46,1522.46,1527.81,2026-09-08,1527.81,1788836400,0.96,0.96,0.96,0,0
"DOLAR MEP",1527.81,1538.41,1524.52,1532.55,2026-09-09,1532.55,1788922800,0.96,0.97,0.96,0,0
"DOLAR MEP",1532.55,1537.91,1529.19,1536.39,2026-09-10,1536.39,1789009200,0.96,0.96,0.96,0,0
"DOLAR MEP",1536.39,1539.77,1527.63,1538.16,2026-09-11,1538.16,1789095600,0.96,0.96,0.96,0,0
"DOLAR MEP",1538.16,1541.07,1529,1534.1,2026-09-14,1534.1,1789354800,0.97,0.97,0.96,0,0
"DOLAR MEP",1534.1,1534.99,1529.87,1532.45,2026-09-15,1532.45,1789441200,0.96,0.96,0.96,0,0
"DOLAR MEP",1532.45,1540.31,1531.35,1537.56,2026-09-16,1537.56,1789527600,0.96,0.97,0.96,0,0
"DOLAR MEP",1537.56,1541.74,1530.58,1533.83,2026-09-17,1533.83,1789614000,0.96,0.97,0.96,0,0
"DOLAR MEP",1533.83,1538.68,1532.97,1538.32,2026-09-18,1538.32,1789700400,0.97,0.97,0.97,0,0
